native,name,Wilcoxon_p,Wilcoxon_FDR,Wilcoxon_significant,gProfiler_p,gProfiler_significant,methods_included,methods_significant
GO:0000002,mitochondrial genome maintenance (GO:0000002),0.5329705012576029,0.8092702607166085,False,,,1,0
GO:0000018,regulation of DNA recombination,,,,1.0,False,1,0
GO:0000018,regulation of DNA recombination (GO:0000018),0.5313686046835167,0.8087805447690927,False,,,1,0
GO:0000022,mitotic spindle elongation,,,,1.0,False,1,0
GO:0000027,ribosomal large subunit assembly,,,,1.0,False,1,0
GO:0000027,ribosomal large subunit assembly (GO:0000027),0.6760210465151486,0.8842175467465048,False,,,1,0
GO:0000028,ribosomal small subunit assembly,,,,1.0,False,1,0
GO:0000028,ribosomal small subunit assembly (GO:0000028),0.5341652008162358,0.8097876125883222,False,,,1,0
GO:0000038,very long-chain fatty acid metabolic process (GO:0000038),0.778448590122412,0.9276760077130836,False,,,1,0
GO:0000041,transition metal ion transport,,,,1.0,False,1,0
GO:0000041,transition metal ion transport (GO:0000041),0.0739353924814206,0.3245797959282736,False,,,1,0
GO:0000045,autophagosome assembly (GO:0000045),0.4849210550911865,0.7754239300003671,False,,,1,0
GO:0000050,urea cycle (GO:0000050),0.6940353379640412,0.8883442819212288,False,,,1,0
GO:0000052,citrulline metabolic process,,,,1.0,False,1,0
GO:0000054,ribosomal subunit export from nucleus,,,,1.0,False,1,0
GO:0000054,ribosomal subunit export from nucleus (GO:0000054),0.339177956487055,0.6594064525655561,False,,,1,0
GO:0000055,ribosomal large subunit export from nucleus,,,,1.0,False,1,0
GO:0000056,ribosomal small subunit export from nucleus,,,,1.0,False,1,0
GO:0000070,mitotic sister chromatid segregation,,,,1.0,False,1,0
GO:0000070,mitotic sister chromatid segregation (GO:0000070),0.549245382030072,0.8208522273731322,False,,,1,0
GO:0000075,cell cycle checkpoint signaling,,,,1.0,False,1,0
GO:0000075,cell cycle checkpoint signaling (GO:0000075),0.9754184945536674,0.9935030022595036,False,,,1,0
GO:0000076,DNA replication checkpoint signaling (GO:0000076),0.0937282580073948,0.3620456153283222,False,,,1,0
GO:0000077,DNA damage checkpoint signaling,,,,1.0,False,1,0
GO:0000077,DNA damage checkpoint signaling (GO:0000077),0.2083897244714634,0.5307826745799399,False,,,1,0
GO:0000079,regulation of cyclin-dependent protein serine/threonine kinase activity (GO:0000079),0.0458468940632014,0.2553557550392408,False,,,1,0
GO:0000082,G1/S transition of mitotic cell cycle,,,,1.0,False,1,0
GO:0000082,G1/S transition of mitotic cell cycle (GO:0000082),0.5290274957283196,0.8071606159684298,False,,,1,0
GO:0000083,regulation of transcription involved in G1/S transition of mitotic cell cycle (GO:0000083),0.6425026135081428,0.8688101294247363,False,,,1,0
GO:0000086,G2/M transition of mitotic cell cycle (GO:0000086),0.2417879023415587,0.571759048367539,False,,,1,0
GO:0000096,sulfur amino acid metabolic process (GO:0000096),0.2891967476395992,0.6182721098392651,False,,,1,0
GO:0000098,sulfur amino acid catabolic process (GO:0000098),0.5292830740309572,0.8072258543624531,False,,,1,0
GO:0000122,negative regulation of transcription by RNA polymerase II,,,,1.0,False,1,0
GO:0000132,establishment of mitotic spindle orientation,,,,1.0,False,1,0
GO:0000132,establishment of mitotic spindle orientation (GO:0000132),0.0300261436357768,0.2105160125887272,False,,,1,0
GO:0000154,rRNA modification (GO:0000154),0.4034765646213984,0.7115888232801162,False,,,1,0
GO:0000165,MAPK cascade,,,,1.0,False,1,0
GO:0000165,MAPK cascade (GO:0000165),0.0826589476375518,0.341903367927191,False,,,1,0
GO:0000184,"nuclear-transcribed mRNA catabolic process, nonsense-mediated decay (GO:0000184)",4.6205869599395584e-08,1.9473207043389714e-05,True,,,1,1
GO:0000209,protein polyubiquitination,,,,1.0,False,1,0
GO:0000209,protein polyubiquitination (GO:0000209),0.0270056771175114,0.1979183114149525,False,,,1,0
GO:0000212,meiotic spindle organization,,,,1.0,False,1,0
GO:0000226,microtubule cytoskeleton organization,,,,1.0,False,1,0
GO:0000244,spliceosomal tri-snRNP complex assembly (GO:0000244),0.6871601241008419,0.8871208829623082,False,,,1,0
GO:0000245,spliceosomal complex assembly (GO:0000245),0.6879170015903507,0.8872047558763008,False,,,1,0
GO:0000266,mitochondrial fission (GO:0000266),0.6876041522180358,0.8871208829623082,False,,,1,0
GO:0000271,polysaccharide biosynthetic process,,,,1.0,False,1,0
GO:0000272,polysaccharide catabolic process,,,,1.0,False,1,0
GO:0000278,mitotic cell cycle,,,,1.0,False,1,0
GO:0000280,nuclear division,,,,1.0,False,1,0
GO:0000281,mitotic cytokinesis,,,,1.0,False,1,0
GO:0000281,mitotic cytokinesis (GO:0000281),0.3312284690493273,0.653861071747995,False,,,1,0
GO:0000288,"nuclear-transcribed mRNA catabolic process, deadenylation-dependent decay",,,,1.0,False,1,0
GO:0000288,"nuclear-transcribed mRNA catabolic process, deadenylation-dependent decay (GO:0000288)",0.7325284382593641,0.906223211453936,False,,,1,0
GO:0000289,nuclear-transcribed mRNA poly(A) tail shortening,,,,1.0,False,1,0
GO:0000289,nuclear-transcribed mRNA poly(A) tail shortening (GO:0000289),0.7701954090266411,0.9251243330848252,False,,,1,0
GO:0000291,"nuclear-transcribed mRNA catabolic process, exonucleolytic (GO:0000291)",0.9594634527753304,0.9908625299218164,False,,,1,0
GO:0000302,response to reactive oxygen species,,,,1.0,False,1,0
GO:0000302,response to reactive oxygen species (GO:0000302),0.7765899448627238,0.9271657730136328,False,,,1,0
GO:0000338,protein deneddylation (GO:0000338),0.0491956736666501,0.2673340834063096,False,,,1,0
GO:0000375,"RNA splicing, via transesterification reactions",,,,1.0,False,1,0
GO:0000375,"RNA splicing, via transesterification reactions (GO:0000375)",0.3615181456961082,0.6758957767306415,False,,,1,0
GO:0000377,"RNA splicing, via transesterification reactions with bulged adenosine as nucleophile",,,,1.0,False,1,0
GO:0000377,"RNA splicing, via transesterification reactions with bulged adenosine as nucleophile (GO:0000377)",0.2289047291736493,0.5572757623592118,False,,,1,0
GO:0000380,"alternative mRNA splicing, via spliceosome",,,,1.0,False,1,0
GO:0000380,"alternative mRNA splicing, via spliceosome (GO:0000380)",0.1766278483047457,0.493335367172239,False,,,1,0
GO:0000381,"regulation of alternative mRNA splicing, via spliceosome",,,,1.0,False,1,0
GO:0000381,"regulation of alternative mRNA splicing, via spliceosome (GO:0000381)",0.5948449309894195,0.8437726867305281,False,,,1,0
GO:0000387,spliceosomal snRNP assembly (GO:0000387),0.4771369288490822,0.7700254919277794,False,,,1,0
GO:0000394,"RNA splicing, via endonucleolytic cleavage and ligation (GO:0000394)",0.7415790823787987,0.9113282678884924,False,,,1,0
GO:0000398,"mRNA splicing, via spliceosome",,,,1.0,False,1,0
GO:0000398,"mRNA splicing, via spliceosome (GO:0000398)",0.315639913825584,0.6433797755278405,False,,,1,0
GO:0000413,protein peptidyl-prolyl isomerization,,,,1.0,False,1,0
GO:0000413,protein peptidyl-prolyl isomerization (GO:0000413),0.5898753677007581,0.8425740066615665,False,,,1,0
GO:0000422,autophagy of mitochondrion,,,,1.0,False,1,0
GO:0000422,autophagy of mitochondrion (GO:0000422),0.8109216532754635,0.9381126296262408,False,,,1,0
GO:0000423,mitophagy,,,,1.0,False,1,0
GO:0000460,maturation of 5.8S rRNA (GO:0000460),0.8363437051972267,0.9474416955400868,False,,,1,0
GO:0000462,"maturation of SSU-rRNA from tricistronic rRNA transcript (SSU-rRNA, 5.8S rRNA, LSU-rRNA) (GO:0000462)",0.2658793101709252,0.5966319260753972,False,,,1,0
GO:0000463,"maturation of LSU-rRNA from tricistronic rRNA transcript (SSU-rRNA, 5.8S rRNA, LSU-rRNA) (GO:0000463)",0.1592524448087128,0.4733891247331095,False,,,1,0
GO:0000466,"maturation of 5.8S rRNA from tricistronic rRNA transcript (SSU-rRNA, 5.8S rRNA, LSU-rRNA) (GO:0000466)",0.4287089201732295,0.7362360309181476,False,,,1,0
GO:0000470,maturation of LSU-rRNA (GO:0000470),0.0261920063644354,0.1940357033990302,False,,,1,0
GO:0000479,"endonucleolytic cleavage of tricistronic rRNA transcript (SSU-rRNA, 5.8S rRNA, LSU-rRNA) (GO:0000479)",0.079484580093197,0.3355334133611102,False,,,1,0
GO:0000491,small nucleolar ribonucleoprotein complex assembly (GO:0000491),0.3053118363498431,0.6331589914023811,False,,,1,0
GO:0000578,embryonic axis specification (GO:0000578),0.9050146062792186,0.9688574613736848,False,,,1,0
GO:0000712,resolution of meiotic recombination intermediates (GO:0000712),0.1570191543840841,0.4727411226183108,False,,,1,0
GO:0000715,"nucleotide-excision repair, DNA damage recognition (GO:0000715)",0.0077472130129139,0.1096987358617629,False,,,1,0
GO:0000717,"nucleotide-excision repair, DNA duplex unwinding (GO:0000717)",0.0812723886520886,0.3377375838140357,False,,,1,0
GO:0000722,telomere maintenance via recombination (GO:0000722),0.959607008521678,0.9908625299218164,False,,,1,0
GO:0000723,telomere maintenance (GO:0000723),0.2721573960160917,0.6029160725507079,False,,,1,0
GO:0000724,double-strand break repair via homologous recombination,,,,1.0,False,1,0
GO:0000724,double-strand break repair via homologous recombination (GO:0000724),0.5378838318288389,0.8131500096160965,False,,,1,0
GO:0000725,recombinational repair,,,,1.0,False,1,0
GO:0000725,recombinational repair (GO:0000725),0.2140102038556433,0.5382895909976492,False,,,1,0
GO:0000727,double-strand break repair via break-induced replication (GO:0000727),0.7609763313018729,0.9228717388852088,False,,,1,0
GO:0000729,DNA double-strand break processing (GO:0000729),0.3226586453247387,0.6491994506267837,False,,,1,0
GO:0000731,DNA synthesis involved in DNA repair (GO:0000731),0.2693600683386976,0.5999311445735056,False,,,1,0
GO:0000737,"DNA catabolic process, endonucleolytic (GO:0000737)",0.2836582144555398,0.6130954500179048,False,,,1,0
GO:0000768,syncytium formation by plasma membrane fusion,,,,1.0,False,1,0
GO:0000819,sister chromatid segregation,,,,1.0,False,1,0
GO:0000819,sister chromatid segregation (GO:0000819),0.1023492492117,0.3832287287857632,False,,,1,0
GO:0000902,cell morphogenesis,,,,1.946938755999238e-09,True,1,1
GO:0000904,cell morphogenesis involved in differentiation (GO:0000904),0.6372053583454487,0.8669009771177498,False,,,1,0
GO:0000910,cytokinesis,,,,0.8316982632242776,False,1,0
GO:0000912,assembly of actomyosin apparatus involved in cytokinesis,,,,1.0,False,1,0
GO:0000915,actomyosin contractile ring assembly,,,,1.0,False,1,0
GO:0000956,nuclear-transcribed mRNA catabolic process,,,,1.0,False,1,0
GO:0000956,nuclear-transcribed mRNA catabolic process (GO:0000956),1.0148266998536593e-07,3.4993069750408454e-05,True,,,1,1
GO:0000959,mitochondrial RNA metabolic process (GO:0000959),0.2631625434288387,0.594505972141504,False,,,1,0
GO:0001101,response to acid chemical,,,,1.0,False,1,0
GO:0001325,formation of extrachromosomal circular DNA (GO:0001325),0.3276417261787501,0.6533885738149311,False,,,1,0
GO:0001408,guanine nucleotide transport,,,,1.0,False,1,0
GO:0001501,skeletal system development,,,,1.0,False,1,0
GO:0001501,skeletal system development (GO:0001501),0.0241814983336436,0.188337624598584,False,,,1,0
GO:0001502,cartilage condensation,,,,1.0,False,1,0
GO:0001503,ossification,,,,1.0,False,1,0
GO:0001504,neurotransmitter uptake,,,,1.0,False,1,0
GO:0001504,neurotransmitter uptake (GO:0001504),0.4058265605209837,0.7137099268088547,False,,,1,0
GO:0001508,action potential,,,,1.0,False,1,0
GO:0001508,action potential (GO:0001508),0.9600167036033648,0.9908625299218164,False,,,1,0
GO:0001510,RNA methylation,,,,1.0,False,1,0
GO:0001510,RNA methylation (GO:0001510),0.4678756547386856,0.7636003501811702,False,,,1,0
GO:0001516,prostaglandin biosynthetic process,,,,1.0,False,1,0
GO:0001516,prostaglandin biosynthetic process (GO:0001516),0.1703563198765048,0.4863091453067253,False,,,1,0
GO:0001522,pseudouridine synthesis (GO:0001522),0.7602275256562746,0.922750862295516,False,,,1,0
GO:0001523,retinoid metabolic process (GO:0001523),0.7300579980269428,0.905089603952429,False,,,1,0
GO:0001525,angiogenesis,,,,0.2219545629329929,False,1,0
GO:0001539,cilium or flagellum-dependent cell motility,,,,1.0,False,1,0
GO:0001541,ovarian follicle development,,,,1.0,False,1,0
GO:0001541,ovarian follicle development (GO:0001541),0.8433051514585344,0.9476095421772875,False,,,1,0
GO:0001555,oocyte growth,,,,1.0,False,1,0
GO:0001556,oocyte maturation,,,,1.0,False,1,0
GO:0001558,regulation of cell growth,,,,1.0,False,1,0
GO:0001558,regulation of cell growth (GO:0001558),0.0246939985979754,0.1885322680554627,False,,,1,0
GO:0001568,blood vessel development,,,,0.2955459531215157,False,1,0
GO:0001569,branching involved in blood vessel morphogenesis (GO:0001569),0.1594755185146484,0.4734843254768558,False,,,1,0
GO:0001570,vasculogenesis,,,,1.0,False,1,0
GO:0001570,vasculogenesis (GO:0001570),0.0614992227263396,0.2968284145584193,False,,,1,0
GO:0001573,ganglioside metabolic process (GO:0001573),0.9740327983869168,0.9935030022595036,False,,,1,0
GO:0001574,ganglioside biosynthetic process (GO:0001574),0.6107365885227163,0.8504895159687053,False,,,1,0
GO:0001578,microtubule bundle formation,,,,1.0,False,1,0
GO:0001578,microtubule bundle formation (GO:0001578),0.3387429926879333,0.6588985493668363,False,,,1,0
GO:0001580,detection of chemical stimulus involved in sensory perception of bitter taste (GO:0001580),0.4967191944590151,0.782740301031593,False,,,1,0
GO:0001649,osteoblast differentiation,,,,1.0,False,1,0
GO:0001654,eye development,,,,1.0,False,1,0
GO:0001654,eye development (GO:0001654),0.7405488911417739,0.910979636282009,False,,,1,0
GO:0001655,urogenital system development (GO:0001655),0.8733071032828331,0.9598025864360974,False,,,1,0
GO:0001656,metanephros development,,,,1.0,False,1,0
GO:0001656,metanephros development (GO:0001656),0.3928271535082067,0.7036206377761043,False,,,1,0
GO:0001657,ureteric bud development (GO:0001657),0.1066779327930252,0.3905689180346957,False,,,1,0
GO:0001658,branching involved in ureteric bud morphogenesis (GO:0001658),0.7849649617764718,0.9301702444984524,False,,,1,0
GO:0001659,temperature homeostasis,,,,1.0,False,1,0
GO:0001662,behavioral fear response,,,,1.0,False,1,0
GO:0001666,response to hypoxia,,,,1.0,False,1,0
GO:0001667,ameboidal-type cell migration,,,,0.3630521807618784,False,1,0
GO:0001667,ameboidal-type cell migration (GO:0001667),0.0064046863884519,0.1012207311308262,False,,,1,0
GO:0001676,long-chain fatty acid metabolic process (GO:0001676),0.9914601276912316,0.9975636343332898,False,,,1,0
GO:0001678,cellular glucose homeostasis (GO:0001678),0.7017629790565723,0.8942645663663249,False,,,1,0
GO:0001678,intracellular glucose homeostasis,,,,1.0,False,1,0
GO:0001682,tRNA 5'-leader removal (GO:0001682),0.9772497116276948,0.9947252130571368,False,,,1,0
GO:0001696,gastric acid secretion,,,,1.0,False,1,0
GO:0001701,in utero embryonic development,,,,1.0,False,1,0
GO:0001701,in utero embryonic development (GO:0001701),0.2334976972731505,0.5612055276276591,False,,,1,0
GO:0001704,formation of primary germ layer,,,,1.0,False,1,0
GO:0001706,endoderm formation,,,,1.0,False,1,0
GO:0001706,endoderm formation (GO:0001706),0.0083563971286367,0.1118141425305107,False,,,1,0
GO:0001707,mesoderm formation,,,,1.0,False,1,0
GO:0001707,mesoderm formation (GO:0001707),0.9981591653884768,0.9995687277764532,False,,,1,0
GO:0001708,cell fate specification,,,,1.0,False,1,0
GO:0001709,cell fate determination,,,,1.0,False,1,0
GO:0001711,endodermal cell fate commitment (GO:0001711),0.0762356692992137,0.3300934859040157,False,,,1,0
GO:0001738,morphogenesis of a polarized epithelium,,,,1.0,False,1,0
GO:0001738,morphogenesis of a polarized epithelium (GO:0001738),0.0619796675978446,0.2968284145584193,False,,,1,0
GO:0001754,eye photoreceptor cell differentiation,,,,1.0,False,1,0
GO:0001754,eye photoreceptor cell differentiation (GO:0001754),0.3447222050959287,0.6632935845761704,False,,,1,0
GO:0001755,neural crest cell migration,,,,1.0,False,1,0
GO:0001755,neural crest cell migration (GO:0001755),0.0324845569843566,0.217692446363365,False,,,1,0
GO:0001763,morphogenesis of a branching structure,,,,1.0,False,1,0
GO:0001764,neuron migration,,,,1.0,False,1,0
GO:0001764,neuron migration (GO:0001764),0.1822643423515703,0.4977248429893344,False,,,1,0
GO:0001767,establishment of lymphocyte polarity,,,,1.0,False,1,0
GO:0001768,establishment of T cell polarity,,,,1.0,False,1,0
GO:0001771,immunological synapse formation,,,,1.0,False,1,0
GO:0001773,myeloid dendritic cell activation,,,,1.0,False,1,0
GO:0001773,myeloid dendritic cell activation (GO:0001773),0.6513328672795131,0.8751348089235541,False,,,1,0
GO:0001774,microglial cell activation,,,,1.0,False,1,0
GO:0001774,microglial cell activation (GO:0001774),0.0055203133428678,0.0926484447322903,False,,,1,0
GO:0001775,cell activation,,,,1.0,False,1,0
GO:0001776,leukocyte homeostasis,,,,1.0,False,1,0
GO:0001778,plasma membrane repair,,,,1.0,False,1,0
GO:0001778,plasma membrane repair (GO:0001778),0.5062253005661547,0.7891954644666768,False,,,1,0
GO:0001779,natural killer cell differentiation,,,,1.0,False,1,0
GO:0001780,neutrophil homeostasis,,,,1.0,False,1,0
GO:0001783,B cell apoptotic process,,,,1.0,False,1,0
GO:0001816,cytokine production,,,,1.0,False,1,0
GO:0001817,regulation of cytokine production,,,,1.0,False,1,0
GO:0001817,regulation of cytokine production (GO:0001817),0.3790550356706201,0.6904306875313894,False,,,1,0
GO:0001818,negative regulation of cytokine production,,,,1.0,False,1,0
GO:0001818,negative regulation of cytokine production (GO:0001818),0.2501654005274919,0.5824056467204212,False,,,1,0
GO:0001819,positive regulation of cytokine production,,,,1.0,False,1,0
GO:0001819,positive regulation of cytokine production (GO:0001819),0.0160407628349098,0.1531496926138876,False,,,1,0
GO:0001822,kidney development,,,,1.0,False,1,0
GO:0001822,kidney development (GO:0001822),0.9932805865340484,0.9977707777975684,False,,,1,0
GO:0001823,mesonephros development,,,,1.0,False,1,0
GO:0001823,mesonephros development (GO:0001823),0.9004376211431624,0.9670367150424892,False,,,1,0
GO:0001836,release of cytochrome c from mitochondria,,,,1.0,False,1,0
GO:0001836,release of cytochrome c from mitochondria (GO:0001836),0.2430197842338558,0.5728862906146769,False,,,1,0
GO:0001837,epithelial to mesenchymal transition,,,,1.0,False,1,0
GO:0001837,epithelial to mesenchymal transition (GO:0001837),0.8082967205250282,0.9374838039884996,False,,,1,0
GO:0001838,embryonic epithelial tube formation,,,,1.0,False,1,0
GO:0001843,neural tube closure (GO:0001843),0.388577881514464,0.6995508709988624,False,,,1,0
GO:0001845,phagolysosome assembly (GO:0001845),0.6228332179501193,0.8571866457492027,False,,,1,0
GO:0001881,receptor recycling (GO:0001881),0.4784179890151959,0.7700254919277794,False,,,1,0
GO:0001885,endothelial cell development,,,,1.0,False,1,0
GO:0001885,endothelial cell development (GO:0001885),0.040409403278633,0.2401877701566846,False,,,1,0
GO:0001889,liver development,,,,1.0,False,1,0
GO:0001889,liver development (GO:0001889),0.0097967296928114,0.1187188361815775,False,,,1,0
GO:0001890,placenta development,,,,1.0,False,1,0
GO:0001890,placenta development (GO:0001890),0.1841608577660457,0.499658178473971,False,,,1,0
GO:0001892,embryonic placenta development,,,,1.0,False,1,0
GO:0001894,tissue homeostasis,,,,1.0,False,1,0
GO:0001895,retina homeostasis,,,,1.0,False,1,0
GO:0001895,retina homeostasis (GO:0001895),0.1277973557146873,0.4293493093231259,False,,,1,0
GO:0001906,cell killing,,,,1.0,False,1,0
GO:0001909,leukocyte mediated cytotoxicity,,,,1.0,False,1,0
GO:0001910,regulation of leukocyte mediated cytotoxicity,,,,1.0,False,1,0
GO:0001912,positive regulation of leukocyte mediated cytotoxicity,,,,1.0,False,1,0
GO:0001912,positive regulation of leukocyte mediated cytotoxicity (GO:0001912),0.060863494763116,0.2968284145584193,False,,,1,0
GO:0001913,T cell mediated cytotoxicity,,,,1.0,False,1,0
GO:0001914,regulation of T cell mediated cytotoxicity,,,,1.0,False,1,0
GO:0001914,regulation of T cell mediated cytotoxicity (GO:0001914),0.1575208798336463,0.4727411226183108,False,,,1,0
GO:0001916,positive regulation of T cell mediated cytotoxicity,,,,1.0,False,1,0
GO:0001916,positive regulation of T cell mediated cytotoxicity (GO:0001916),0.3842858024170995,0.6940995990614611,False,,,1,0
GO:0001919,regulation of receptor recycling (GO:0001919),0.1146400272634389,0.4041167503812489,False,,,1,0
GO:0001932,regulation of protein phosphorylation,,,,1.0,False,1,0
GO:0001932,regulation of protein phosphorylation (GO:0001932),0.1663500656309452,0.4835442708548797,False,,,1,0
GO:0001933,negative regulation of protein phosphorylation,,,,1.0,False,1,0
GO:0001933,negative regulation of protein phosphorylation (GO:0001933),3.3996806017490616e-05,0.0040296839132606,True,,,1,1
GO:0001934,positive regulation of protein phosphorylation,,,,1.0,False,1,0
GO:0001934,positive regulation of protein phosphorylation (GO:0001934),0.0309884264355419,0.2117380225434941,False,,,1,0
GO:0001935,endothelial cell proliferation,,,,1.0,False,1,0
GO:0001935,endothelial cell proliferation (GO:0001935),0.9385558210419211,0.9812409672579956,False,,,1,0
GO:0001936,regulation of endothelial cell proliferation,,,,1.0,False,1,0
GO:0001936,regulation of endothelial cell proliferation (GO:0001936),0.7821153660304894,0.9290834899322412,False,,,1,0
GO:0001937,negative regulation of endothelial cell proliferation,,,,1.0,False,1,0
GO:0001937,negative regulation of endothelial cell proliferation (GO:0001937),0.9599901889326188,0.9908625299218164,False,,,1,0
GO:0001938,positive regulation of endothelial cell proliferation,,,,1.0,False,1,0
GO:0001938,positive regulation of endothelial cell proliferation (GO:0001938),0.3213340483841087,0.6484389950696408,False,,,1,0
GO:0001941,postsynaptic membrane organization,,,,1.0,False,1,0
GO:0001941,postsynaptic membrane organization (GO:0001941),0.5563452398542392,0.8252202383626392,False,,,1,0
GO:0001942,hair follicle development,,,,1.0,False,1,0
GO:0001944,vasculature development,,,,0.1646041852641484,False,1,0
GO:0001944,vasculature development (GO:0001944),0.041909201801433,0.2443395250490806,False,,,1,0
GO:0001945,lymph vessel development,,,,1.0,False,1,0
GO:0001946,lymphangiogenesis,,,,1.0,False,1,0
GO:0001947,heart looping,,,,1.0,False,1,0
GO:0001947,heart looping (GO:0001947),0.3832561283044764,0.693835978650215,False,,,1,0
GO:0001952,regulation of cell-matrix adhesion,,,,1.0,False,1,0
GO:0001952,regulation of cell-matrix adhesion (GO:0001952),0.6278891478736575,0.8603986769814967,False,,,1,0
GO:0001953,negative regulation of cell-matrix adhesion,,,,1.0,False,1,0
GO:0001953,negative regulation of cell-matrix adhesion (GO:0001953),0.234497130306957,0.5629415286419546,False,,,1,0
GO:0001954,positive regulation of cell-matrix adhesion (GO:0001954),0.2937008558333894,0.6213091724350508,False,,,1,0
GO:0001956,positive regulation of neurotransmitter secretion,,,,1.0,False,1,0
GO:0001957,intramembranous ossification,,,,1.0,False,1,0
GO:0001959,regulation of cytokine-mediated signaling pathway (GO:0001959),0.1115414350494484,0.398731002981777,False,,,1,0
GO:0001960,negative regulation of cytokine-mediated signaling pathway (GO:0001960),0.0082560841535259,0.1116795493009026,False,,,1,0
GO:0001961,positive regulation of cytokine-mediated signaling pathway (GO:0001961),0.9036775958687464,0.9688574613736848,False,,,1,0
GO:0001967,suckling behavior,,,,1.0,False,1,0
GO:0001973,G protein-coupled adenosine receptor signaling pathway,,,,1.0,False,1,0
GO:0001990,regulation of systemic arterial blood pressure by hormone (GO:0001990),0.5816466697817733,0.8363100145876672,False,,,1,0
GO:0002002,regulation of angiotensin levels in blood (GO:0002002),0.3027238235921085,0.630800436527617,False,,,1,0
GO:0002003,angiotensin maturation (GO:0002003),0.3027238235921085,0.630800436527617,False,,,1,0
GO:0002009,morphogenesis of an epithelium,,,,1.0,False,1,0
GO:0002009,morphogenesis of an epithelium (GO:0002009),0.1531110470481054,0.4658463487506456,False,,,1,0
GO:0002011,morphogenesis of an epithelial sheet (GO:0002011),0.3742685798989865,0.6873803342179323,False,,,1,0
GO:0002021,response to dietary excess,,,,1.0,False,1,0
GO:0002023,reduction of food intake in response to dietary excess,,,,1.0,False,1,0
GO:0002026,regulation of the force of heart contraction,,,,1.0,False,1,0
GO:0002027,regulation of heart rate,,,,1.0,False,1,0
GO:0002028,regulation of sodium ion transport,,,,1.0,False,1,0
GO:0002028,regulation of sodium ion transport (GO:0002028),0.0539904988709567,0.2783031068715504,False,,,1,0
GO:0002029,desensitization of G protein-coupled receptor signaling pathway,,,,1.0,False,1,0
GO:0002029,desensitization of G protein-coupled receptor signaling pathway (GO:0002029),0.1822366630123882,0.4977248429893344,False,,,1,0
GO:0002031,G protein-coupled receptor internalization,,,,1.0,False,1,0
GO:0002040,sprouting angiogenesis,,,,1.0,False,1,0
GO:0002040,sprouting angiogenesis (GO:0002040),0.9718075735711958,0.9933601969966962,False,,,1,0
GO:0002042,cell migration involved in sprouting angiogenesis,,,,1.0,False,1,0
GO:0002042,cell migration involved in sprouting angiogenesis (GO:0002042),0.3320175685187884,0.6542554183042933,False,,,1,0
GO:0002043,blood vessel endothelial cell proliferation involved in sprouting angiogenesis,,,,1.0,False,1,0
GO:0002052,positive regulation of neuroblast proliferation (GO:0002052),0.0418410245888263,0.2443395250490806,False,,,1,0
GO:0002053,positive regulation of mesenchymal cell proliferation,,,,1.0,False,1,0
GO:0002053,positive regulation of mesenchymal cell proliferation (GO:0002053),0.4671639792360773,0.7636003501811702,False,,,1,0
GO:0002062,chondrocyte differentiation,,,,1.0,False,1,0
GO:0002062,chondrocyte differentiation (GO:0002062),0.93443653396758,0.9801763753703072,False,,,1,0
GO:0002064,epithelial cell development,,,,1.0,False,1,0
GO:0002064,epithelial cell development (GO:0002064),0.8136450455832516,0.938625117281823,False,,,1,0
GO:0002065,columnar/cuboidal epithelial cell differentiation,,,,1.0,False,1,0
GO:0002065,columnar/cuboidal epithelial cell differentiation (GO:0002065),0.5509844461677696,0.8214952847147603,False,,,1,0
GO:0002066,columnar/cuboidal epithelial cell development,,,,1.0,False,1,0
GO:0002067,glandular epithelial cell differentiation,,,,1.0,False,1,0
GO:0002068,glandular epithelial cell development,,,,1.0,False,1,0
GO:0002069,columnar/cuboidal epithelial cell maturation,,,,1.0,False,1,0
GO:0002070,epithelial cell maturation,,,,1.0,False,1,0
GO:0002071,glandular epithelial cell maturation,,,,1.0,False,1,0
GO:0002082,regulation of oxidative phosphorylation (GO:0002082),0.6996688059794791,0.8932100249826661,False,,,1,0
GO:0002087,regulation of respiratory gaseous exchange by nervous system process,,,,1.0,False,1,0
GO:0002088,lens development in camera-type eye,,,,1.0,False,1,0
GO:0002090,regulation of receptor internalization,,,,1.0,False,1,0
GO:0002090,regulation of receptor internalization (GO:0002090),0.5437904163455842,0.8178418117362415,False,,,1,0
GO:0002091,negative regulation of receptor internalization (GO:0002091),0.3601274500767957,0.6758957767306415,False,,,1,0
GO:0002092,positive regulation of receptor internalization,,,,1.0,False,1,0
GO:0002092,positive regulation of receptor internalization (GO:0002092),0.6041294547978207,0.8493191334500125,False,,,1,0
GO:0002097,tRNA wobble base modification (GO:0002097),0.9186453211920254,0.9747251428303044,False,,,1,0
GO:0002098,tRNA wobble uridine modification (GO:0002098),0.7118569771031069,0.8978399992214248,False,,,1,0
GO:0002115,store-operated calcium entry,,,,1.0,False,1,0
GO:0002128,tRNA nucleoside ribose methylation,,,,1.0,False,1,0
GO:0002130,wobble position ribose methylation,,,,1.0,False,1,0
GO:0002175,protein localization to paranode region of axon,,,,1.0,False,1,0
GO:0002176,male germ cell proliferation,,,,1.0,False,1,0
GO:0002181,cytoplasmic translation,,,,1.0,False,1,0
GO:0002181,cytoplasmic translation (GO:0002181),9.322108535355713e-14,3.5358757674604207e-10,True,,,1,1
GO:0002182,cytoplasmic translational elongation,,,,1.0,False,1,0
GO:0002183,cytoplasmic translational initiation (GO:0002183),0.0041198959242576,0.0805503362923153,False,,,1,0
GO:0002200,somatic diversification of immune receptors,,,,1.0,False,1,0
GO:0002204,somatic recombination of immunoglobulin genes involved in immune response,,,,1.0,False,1,0
GO:0002208,somatic diversification of immunoglobulins involved in immune response,,,,1.0,False,1,0
GO:0002209,behavioral defense response,,,,1.0,False,1,0
GO:0002218,activation of innate immune response,,,,1.0,False,1,0
GO:0002220,innate immune response activating cell surface receptor signaling pathway,,,,1.0,False,1,0
GO:0002220,innate immune response activating cell surface receptor signaling pathway (GO:0002220),0.0033863289591374,0.0742447730751926,False,,,1,0
GO:0002221,pattern recognition receptor signaling pathway,,,,1.0,False,1,0
GO:0002221,pattern recognition receptor signaling pathway (GO:0002221),0.9718849699590666,0.9933601969966962,False,,,1,0
GO:0002223,stimulatory C-type lectin receptor signaling pathway (GO:0002223),0.0050456132953036,0.088804276196764,False,,,1,0
GO:0002224,toll-like receptor signaling pathway,,,,1.0,False,1,0
GO:0002224,toll-like receptor signaling pathway (GO:0002224),0.8984359843064205,0.9656727509925032,False,,,1,0
GO:0002227,innate immune response in mucosa (GO:0002227),0.6932027521863645,0.8882831212982705,False,,,1,0
GO:0002228,natural killer cell mediated immunity (GO:0002228),0.0034572393346855,0.0753638436578296,False,,,1,0
GO:0002230,positive regulation of defense response to virus by host (GO:0002230),0.9057917514918392,0.9688574613736848,False,,,1,0
GO:0002237,response to molecule of bacterial origin,,,,1.0,False,1,0
GO:0002237,response to molecule of bacterial origin (GO:0002237),0.27794255734404,0.6084782743674617,False,,,1,0
GO:0002244,hematopoietic progenitor cell differentiation,,,,1.0,False,1,0
GO:0002244,hematopoietic progenitor cell differentiation (GO:0002244),0.0054419800044652,0.092149241772038,False,,,1,0
GO:0002250,adaptive immune response,,,,1.0,False,1,0
GO:0002252,immune effector process,,,,1.0,False,1,0
GO:0002253,activation of immune response,,,,1.0,False,1,0
GO:0002262,myeloid cell homeostasis,,,,1.0,False,1,0
GO:0002263,cell activation involved in immune response,,,,1.0,False,1,0
GO:0002269,leukocyte activation involved in inflammatory response,,,,1.0,False,1,0
GO:0002270,plasmacytoid dendritic cell activation,,,,1.0,False,1,0
GO:0002274,myeloid leukocyte activation,,,,1.0,False,1,0
GO:0002275,myeloid cell activation involved in immune response,,,,1.0,False,1,0
GO:0002275,myeloid cell activation involved in immune response (GO:0002275),0.1194337801001582,0.4129556316498635,False,,,1,0
GO:0002279,mast cell activation involved in immune response,,,,1.0,False,1,0
GO:0002281,macrophage activation involved in immune response,,,,1.0,False,1,0
GO:0002281,macrophage activation involved in immune response (GO:0002281),0.1505442862739754,0.4650602078076737,False,,,1,0
GO:0002283,neutrophil activation involved in immune response (GO:0002283),0.0542595428173372,0.2789994243429145,False,,,1,0
GO:0002285,lymphocyte activation involved in immune response,,,,1.0,False,1,0
GO:0002285,lymphocyte activation involved in immune response (GO:0002285),0.3747617647129527,0.6873803342179323,False,,,1,0
GO:0002286,T cell activation involved in immune response,,,,1.0,False,1,0
GO:0002286,T cell activation involved in immune response (GO:0002286),0.0523781294518339,0.2759308958483421,False,,,1,0
GO:0002287,alpha-beta T cell activation involved in immune response,,,,1.0,False,1,0
GO:0002292,T cell differentiation involved in immune response,,,,1.0,False,1,0
GO:0002312,B cell activation involved in immune response,,,,1.0,False,1,0
GO:0002312,B cell activation involved in immune response (GO:0002312),0.8116966925561098,0.9381126296262408,False,,,1,0
GO:0002313,mature B cell differentiation involved in immune response,,,,1.0,False,1,0
GO:0002313,mature B cell differentiation involved in immune response (GO:0002313),0.7714354912042721,0.9251243330848252,False,,,1,0
GO:0002317,plasma cell differentiation,,,,1.0,False,1,0
GO:0002318,myeloid progenitor cell differentiation,,,,1.0,False,1,0
GO:0002335,mature B cell differentiation,,,,1.0,False,1,0
GO:0002347,response to tumor cell,,,,1.0,False,1,0
GO:0002357,defense response to tumor cell (GO:0002357),0.7323511001326805,0.906223211453936,False,,,1,0
GO:0002366,leukocyte activation involved in immune response,,,,1.0,False,1,0
GO:0002367,cytokine production involved in immune response,,,,1.0,False,1,0
GO:0002376,immune system process,,,,1.0,False,1,0
GO:0002377,immunoglobulin production,,,,1.0,False,1,0
GO:0002381,immunoglobulin production involved in immunoglobulin-mediated immune response,,,,1.0,False,1,0
GO:0002385,mucosal immune response (GO:0002385),0.945819432494214,0.9853043415134726,False,,,1,0
GO:0002396,MHC protein complex assembly,,,,1.0,False,1,0
GO:0002397,MHC class I protein complex assembly,,,,1.0,False,1,0
GO:0002407,dendritic cell chemotaxis,,,,1.0,False,1,0
GO:0002407,dendritic cell chemotaxis (GO:0002407),0.4244742527657884,0.7322294712013006,False,,,1,0
GO:0002418,immune response to tumor cell,,,,1.0,False,1,0
GO:0002424,T cell mediated immune response to tumor cell,,,,1.0,False,1,0
GO:0002429,immune response-activating cell surface receptor signaling pathway,,,,1.0,False,1,0
GO:0002429,immune response-activating cell surface receptor signaling pathway (GO:0002429),0.0433160603433593,0.248663983874553,False,,,1,0
GO:0002431,Fc receptor mediated stimulatory signaling pathway,,,,1.0,False,1,0
GO:0002431,Fc receptor mediated stimulatory signaling pathway (GO:0002431),0.3238647700154723,0.6496134704752441,False,,,1,0
GO:0002440,production of molecular mediator of immune response,,,,1.0,False,1,0
GO:0002443,leukocyte mediated immunity,,,,1.0,False,1,0
GO:0002444,myeloid leukocyte mediated immunity,,,,1.0,False,1,0
GO:0002446,neutrophil mediated immunity (GO:0002446),0.0525460058361339,0.2760484766432907,False,,,1,0
GO:0002448,mast cell mediated immunity,,,,1.0,False,1,0
GO:0002449,lymphocyte mediated immunity,,,,1.0,False,1,0
GO:0002449,lymphocyte mediated immunity (GO:0002449),0.8920187046081629,0.9655355225163764,False,,,1,0
GO:0002456,T cell mediated immunity,,,,1.0,False,1,0
GO:0002456,T cell mediated immunity (GO:0002456),0.1523198286733439,0.4658147940071011,False,,,1,0
GO:0002460,adaptive immune response based on somatic recombination of immune receptors built from immunoglobulin superfamily domains,,,,1.0,False,1,0
GO:0002460,adaptive immune response based on somatic recombination of immune receptors built from immunoglobulin superfamily domains (GO:0002460),0.4505777186366946,0.7537030433725748,False,,,1,0
GO:0002474,antigen processing and presentation of peptide antigen via MHC class I,,,,1.0,False,1,0
GO:0002474,antigen processing and presentation of peptide antigen via MHC class I (GO:0002474),0.609146069939738,0.8504895159687053,False,,,1,0
GO:0002478,antigen processing and presentation of exogenous peptide antigen (GO:0002478),0.8795222423091029,0.9607052823042715,False,,,1,0
GO:0002479,"antigen processing and presentation of exogenous peptide antigen via MHC class I, TAP-dependent (GO:0002479)",0.014892230427751,0.1487367647385002,False,,,1,0
GO:0002495,antigen processing and presentation of peptide antigen via MHC class II (GO:0002495),0.7808469736121575,0.927867346776602,False,,,1,0
GO:0002501,peptide antigen assembly with MHC protein complex,,,,1.0,False,1,0
GO:0002502,peptide antigen assembly with MHC class I protein complex,,,,1.0,False,1,0
GO:0002507,tolerance induction,,,,1.0,False,1,0
GO:0002520,immune system development,,,,1.0,False,1,0
GO:0002521,leukocyte differentiation,,,,1.0,False,1,0
GO:0002522,leukocyte migration involved in immune response,,,,1.0,False,1,0
GO:0002523,leukocyte migration involved in inflammatory response,,,,1.0,False,1,0
GO:0002526,acute inflammatory response,,,,1.0,False,1,0
GO:0002526,acute inflammatory response (GO:0002526),0.2042667948091497,0.524110120982228,False,,,1,0
GO:0002532,production of molecular mediator involved in inflammatory response,,,,1.0,False,1,0
GO:0002534,cytokine production involved in inflammatory response,,,,1.0,False,1,0
GO:0002548,monocyte chemotaxis (GO:0002548),0.9454030506503864,0.9853043415134726,False,,,1,0
GO:0002562,somatic diversification of immune receptors via germline recombination within a single locus,,,,1.0,False,1,0
GO:0002573,myeloid leukocyte differentiation,,,,1.0,False,1,0
GO:0002573,myeloid leukocyte differentiation (GO:0002573),0.2429427024029736,0.5728862906146769,False,,,1,0
GO:0002576,platelet degranulation (GO:0002576),0.8406400272887734,0.9476095421772875,False,,,1,0
GO:0002637,regulation of immunoglobulin production,,,,1.0,False,1,0
GO:0002637,regulation of immunoglobulin production (GO:0002637),0.8637468626680759,0.955475081446613,False,,,1,0
GO:0002639,positive regulation of immunoglobulin production,,,,1.0,False,1,0
GO:0002639,positive regulation of immunoglobulin production (GO:0002639),0.9585625127621116,0.9908625299218164,False,,,1,0
GO:0002643,regulation of tolerance induction,,,,1.0,False,1,0
GO:0002673,regulation of acute inflammatory response,,,,1.0,False,1,0
GO:0002673,regulation of acute inflammatory response (GO:0002673),0.7964077714081289,0.9343565347822558,False,,,1,0
GO:0002674,negative regulation of acute inflammatory response,,,,1.0,False,1,0
GO:0002675,positive regulation of acute inflammatory response (GO:0002675),0.1588103495106141,0.4727411226183108,False,,,1,0
GO:0002682,regulation of immune system process,,,,1.0,False,1,0
GO:0002683,negative regulation of immune system process,,,,1.0,False,1,0
GO:0002683,negative regulation of immune system process (GO:0002683),0.6656676988187629,0.8816317376126855,False,,,1,0
GO:0002684,positive regulation of immune system process,,,,1.0,False,1,0
GO:0002684,positive regulation of immune system process (GO:0002684),0.795072649131776,0.9343216351808522,False,,,1,0
GO:0002685,regulation of leukocyte migration,,,,1.0,False,1,0
GO:0002685,regulation of leukocyte migration (GO:0002685),0.3590482519381872,0.6752295634105377,False,,,1,0
GO:0002686,negative regulation of leukocyte migration,,,,1.0,False,1,0
GO:0002686,negative regulation of leukocyte migration (GO:0002686),0.5220231014887001,0.8032392260256298,False,,,1,0
GO:0002687,positive regulation of leukocyte migration,,,,1.0,False,1,0
GO:0002687,positive regulation of leukocyte migration (GO:0002687),0.0327246353119567,0.218145064566348,False,,,1,0
GO:0002688,regulation of leukocyte chemotaxis,,,,1.0,False,1,0
GO:0002688,regulation of leukocyte chemotaxis (GO:0002688),0.6612723283258855,0.8813920528579913,False,,,1,0
GO:0002689,negative regulation of leukocyte chemotaxis (GO:0002689),0.2495495130218291,0.5821287225656814,False,,,1,0
GO:0002690,positive regulation of leukocyte chemotaxis,,,,1.0,False,1,0
GO:0002690,positive regulation of leukocyte chemotaxis (GO:0002690),0.0537051237624532,0.2782327874716076,False,,,1,0
GO:0002694,regulation of leukocyte activation,,,,1.0,False,1,0
GO:0002694,regulation of leukocyte activation (GO:0002694),0.1001733344021308,0.3790324164989948,False,,,1,0
GO:0002695,negative regulation of leukocyte activation,,,,1.0,False,1,0
GO:0002695,negative regulation of leukocyte activation (GO:0002695),0.966024486341099,0.9923686975230194,False,,,1,0
GO:0002696,positive regulation of leukocyte activation,,,,1.0,False,1,0
GO:0002696,positive regulation of leukocyte activation (GO:0002696),0.305199610316613,0.6331589914023811,False,,,1,0
GO:0002697,regulation of immune effector process,,,,1.0,False,1,0
GO:0002697,regulation of immune effector process (GO:0002697),0.2838374928108201,0.6130954500179048,False,,,1,0
GO:0002698,negative regulation of immune effector process (GO:0002698),0.1227115905664102,0.420958282759785,False,,,1,0
GO:0002699,positive regulation of immune effector process,,,,1.0,False,1,0
GO:0002699,positive regulation of immune effector process (GO:0002699),0.6261942422906184,0.8589177138042156,False,,,1,0
GO:0002700,regulation of production of molecular mediator of immune response,,,,1.0,False,1,0
GO:0002702,positive regulation of production of molecular mediator of immune response,,,,1.0,False,1,0
GO:0002702,positive regulation of production of molecular mediator of immune response (GO:0002702),0.3176674425289183,0.64537365265784,False,,,1,0
GO:0002703,regulation of leukocyte mediated immunity,,,,1.0,False,1,0
GO:0002705,positive regulation of leukocyte mediated immunity,,,,1.0,False,1,0
GO:0002706,regulation of lymphocyte mediated immunity,,,,1.0,False,1,0
GO:0002708,positive regulation of lymphocyte mediated immunity,,,,1.0,False,1,0
GO:0002709,regulation of T cell mediated immunity,,,,1.0,False,1,0
GO:0002709,regulation of T cell mediated immunity (GO:0002709),0.9293459452483728,0.9780770388810102,False,,,1,0
GO:0002710,negative regulation of T cell mediated immunity (GO:0002710),0.5245686162931328,0.8038365585126551,False,,,1,0
GO:0002711,positive regulation of T cell mediated immunity,,,,1.0,False,1,0
GO:0002711,positive regulation of T cell mediated immunity (GO:0002711),0.2909628589451735,0.6184678007517916,False,,,1,0
GO:0002712,regulation of B cell mediated immunity,,,,1.0,False,1,0
GO:0002714,positive regulation of B cell mediated immunity,,,,1.0,False,1,0
GO:0002717,positive regulation of natural killer cell mediated immunity (GO:0002717),0.0403850645559515,0.2401877701566846,False,,,1,0
GO:0002718,regulation of cytokine production involved in immune response,,,,1.0,False,1,0
GO:0002718,regulation of cytokine production involved in immune response (GO:0002718),0.1404931856503801,0.4517675817575256,False,,,1,0
GO:0002719,negative regulation of cytokine production involved in immune response (GO:0002719),0.1959204942590345,0.5148746147888426,False,,,1,0
GO:0002720,positive regulation of cytokine production involved in immune response,,,,1.0,False,1,0
GO:0002720,positive regulation of cytokine production involved in immune response (GO:0002720),0.6938068187149888,0.8883442819212288,False,,,1,0
GO:0002724,regulation of T cell cytokine production (GO:0002724),0.4039621022507975,0.7115888232801162,False,,,1,0
GO:0002726,positive regulation of T cell cytokine production (GO:0002726),0.3788126402817834,0.6904306875313894,False,,,1,0
GO:0002752,cell surface pattern recognition receptor signaling pathway,,,,1.0,False,1,0
GO:0002753,cytoplasmic pattern recognition receptor signaling pathway,,,,1.0,False,1,0
GO:0002753,cytoplasmic pattern recognition receptor signaling pathway (GO:0002753),0.5780702967858904,0.8349659694245554,False,,,1,0
GO:0002755,MyD88-dependent toll-like receptor signaling pathway (GO:0002755),0.874470569320776,0.9598025864360974,False,,,1,0
GO:0002756,MyD88-independent toll-like receptor signaling pathway (GO:0002756),0.0927832158252735,0.3605806737963755,False,,,1,0
GO:0002757,immune response-activating signaling pathway,,,,1.0,False,1,0
GO:0002758,innate immune response-activating signaling pathway,,,,1.0,False,1,0
GO:0002761,regulation of myeloid leukocyte differentiation,,,,1.0,False,1,0
GO:0002762,negative regulation of myeloid leukocyte differentiation (GO:0002762),0.0591938280412792,0.2934512805817604,False,,,1,0
GO:0002763,positive regulation of myeloid leukocyte differentiation,,,,1.0,False,1,0
GO:0002763,positive regulation of myeloid leukocyte differentiation (GO:0002763),0.1805653334497535,0.4953723354941625,False,,,1,0
GO:0002764,immune response-regulating signaling pathway,,,,1.0,False,1,0
GO:0002768,immune response-regulating cell surface receptor signaling pathway,,,,1.0,False,1,0
GO:0002790,peptide secretion,,,,1.0,False,1,0
GO:0002791,regulation of peptide secretion,,,,1.0,False,1,0
GO:0002792,negative regulation of peptide secretion,,,,1.0,False,1,0
GO:0002793,positive regulation of peptide secretion,,,,1.0,False,1,0
GO:0002819,regulation of adaptive immune response,,,,1.0,False,1,0
GO:0002819,regulation of adaptive immune response (GO:0002819),0.936153428739506,0.9801917578783246,False,,,1,0
GO:0002821,positive regulation of adaptive immune response,,,,1.0,False,1,0
GO:0002822,regulation of adaptive immune response based on somatic recombination of immune receptors built from immunoglobulin superfamily domains,,,,1.0,False,1,0
GO:0002824,positive regulation of adaptive immune response based on somatic recombination of immune receptors built from immunoglobulin superfamily domains,,,,1.0,False,1,0
GO:0002824,positive regulation of adaptive immune response based on somatic recombination of immune receptors built from immunoglobulin superfamily domains (GO:0002824),0.6639863607425422,0.8816317376126855,False,,,1,0
GO:0002827,positive regulation of T-helper 1 type immune response (GO:0002827),0.4902425954566934,0.778962795513251,False,,,1,0
GO:0002830,positive regulation of type 2 immune response (GO:0002830),0.1755048273034212,0.4925305407694151,False,,,1,0
GO:0002831,regulation of response to biotic stimulus,,,,1.0,False,1,0
GO:0002831,regulation of response to biotic stimulus (GO:0002831),0.8746203502617765,0.9598025864360974,False,,,1,0
GO:0002832,negative regulation of response to biotic stimulus,,,,1.0,False,1,0
GO:0002832,negative regulation of response to biotic stimulus (GO:0002832),0.0036577136247335,0.0771282167514692,False,,,1,0
GO:0002833,positive regulation of response to biotic stimulus,,,,1.0,False,1,0
GO:0002833,positive regulation of response to biotic stimulus (GO:0002833),0.5418817452745759,0.8174141791134549,False,,,1,0
GO:0002834,regulation of response to tumor cell,,,,1.0,False,1,0
GO:0002837,regulation of immune response to tumor cell,,,,1.0,False,1,0
GO:0002840,regulation of T cell mediated immune response to tumor cell,,,,1.0,False,1,0
GO:0002861,regulation of inflammatory response to antigenic stimulus (GO:0002861),0.4460803652572612,0.749660091014972,False,,,1,0
GO:0002862,negative regulation of inflammatory response to antigenic stimulus (GO:0002862),0.3354567592376333,0.6580038623178628,False,,,1,0
GO:0002888,positive regulation of myeloid leukocyte mediated immunity (GO:0002888),0.0338430041338135,0.2198099147947155,False,,,1,0
GO:0002889,regulation of immunoglobulin mediated immune response,,,,1.0,False,1,0
GO:0002891,positive regulation of immunoglobulin mediated immune response,,,,1.0,False,1,0
GO:0002891,positive regulation of immunoglobulin mediated immune response (GO:0002891),0.9506861059127424,0.9876399515209628,False,,,1,0
GO:0002902,regulation of B cell apoptotic process,,,,1.0,False,1,0
GO:0002902,regulation of B cell apoptotic process (GO:0002902),0.1830341187354088,0.4984744817618488,False,,,1,0
GO:0002903,negative regulation of B cell apoptotic process,,,,1.0,False,1,0
GO:0002920,regulation of humoral immune response (GO:0002920),0.0967394819984352,0.3698919911492587,False,,,1,0
GO:0002931,response to ischemia,,,,1.0,False,1,0
GO:0003002,regionalization,,,,1.0,False,1,0
GO:0003006,developmental process involved in reproduction,,,,1.0,False,1,0
GO:0003007,heart morphogenesis,,,,1.0,False,1,0
GO:0003007,heart morphogenesis (GO:0003007),0.245705290264535,0.5770088660040678,False,,,1,0
GO:0003008,system process,,,,1.0,False,1,0
GO:0003009,skeletal muscle contraction,,,,1.0,False,1,0
GO:0003009,skeletal muscle contraction (GO:0003009),0.3560388980828869,0.6732081457768645,False,,,1,0
GO:0003012,muscle system process,,,,1.0,False,1,0
GO:0003013,circulatory system process,,,,1.0,False,1,0
GO:0003014,renal system process,,,,1.0,False,1,0
GO:0003015,heart process,,,,1.0,False,1,0
GO:0003015,heart process (GO:0003015),0.0013687894599091,0.0485216674900512,True,,,1,1
GO:0003016,respiratory system process,,,,1.0,False,1,0
GO:0003018,vascular process in circulatory system,,,,1.0,False,1,0
GO:0003018,vascular process in circulatory system (GO:0003018),0.5799070840677276,0.8359015903060739,False,,,1,0
GO:0003073,regulation of systemic arterial blood pressure,,,,1.0,False,1,0
GO:0003073,regulation of systemic arterial blood pressure (GO:0003073),0.591778843592516,0.8425740066615665,False,,,1,0
GO:0003084,positive regulation of systemic arterial blood pressure,,,,1.0,False,1,0
GO:0003085,negative regulation of systemic arterial blood pressure,,,,1.0,False,1,0
GO:0003091,renal water homeostasis,,,,1.0,False,1,0
GO:0003091,renal water homeostasis (GO:0003091),0.7637105957570711,0.9237099138094932,False,,,1,0
GO:0003093,regulation of glomerular filtration,,,,1.0,False,1,0
GO:0003094,glomerular filtration,,,,1.0,False,1,0
GO:0003097,renal water transport,,,,1.0,False,1,0
GO:0003143,embryonic heart tube morphogenesis,,,,1.0,False,1,0
GO:0003143,embryonic heart tube morphogenesis (GO:0003143),0.094569437114167,0.3637950050446608,False,,,1,0
GO:0003148,outflow tract septum morphogenesis (GO:0003148),0.0067876908288569,0.1034465171065725,False,,,1,0
GO:0003151,outflow tract morphogenesis,,,,1.0,False,1,0
GO:0003158,endothelium development,,,,1.0,False,1,0
GO:0003161,cardiac conduction system development,,,,1.0,False,1,0
GO:0003161,cardiac conduction system development (GO:0003161),0.2960305641424733,0.6246027934312549,False,,,1,0
GO:0003171,atrioventricular valve development (GO:0003171),0.5661178885530115,0.8306712384067979,False,,,1,0
GO:0003176,aortic valve development (GO:0003176),0.4676083085270685,0.7636003501811702,False,,,1,0
GO:0003177,pulmonary valve development (GO:0003177),0.0726093774382664,0.3232480852386674,False,,,1,0
GO:0003180,aortic valve morphogenesis (GO:0003180),0.3519587278214635,0.6688536034495753,False,,,1,0
GO:0003181,atrioventricular valve morphogenesis (GO:0003181),0.6099178315349632,0.8504895159687053,False,,,1,0
GO:0003184,pulmonary valve morphogenesis (GO:0003184),0.2229520754879549,0.550575629392445,False,,,1,0
GO:0003197,endocardial cushion development (GO:0003197),0.7999597544790232,0.9362325644172682,False,,,1,0
GO:0003203,endocardial cushion morphogenesis (GO:0003203),0.5122383272255687,0.7946454972263352,False,,,1,0
GO:0003205,cardiac chamber development,,,,1.0,False,1,0
GO:0003206,cardiac chamber morphogenesis,,,,1.0,False,1,0
GO:0003208,cardiac ventricle morphogenesis,,,,1.0,False,1,0
GO:0003208,cardiac ventricle morphogenesis (GO:0003208),0.1119385167983591,0.3990439795264813,False,,,1,0
GO:0003209,cardiac atrium morphogenesis (GO:0003209),0.7806407928207872,0.927867346776602,False,,,1,0
GO:0003214,cardiac left ventricle morphogenesis,,,,1.0,False,1,0
GO:0003214,cardiac left ventricle morphogenesis (GO:0003214),0.2959051767190515,0.6246027934312549,False,,,1,0
GO:0003215,cardiac right ventricle morphogenesis (GO:0003215),0.4398181884579607,0.7442620094698764,False,,,1,0
GO:0003220,left ventricular cardiac muscle tissue morphogenesis,,,,1.0,False,1,0
GO:0003229,ventricular cardiac muscle tissue development,,,,1.0,False,1,0
GO:0003229,ventricular cardiac muscle tissue development (GO:0003229),0.0171716202973887,0.1569926602537463,False,,,1,0
GO:0003231,cardiac ventricle development,,,,1.0,False,1,0
GO:0003231,cardiac ventricle development (GO:0003231),0.3196389035518128,0.6466081926250805,False,,,1,0
GO:0003253,cardiac neural crest cell migration involved in outflow tract morphogenesis,,,,1.0,False,1,0
GO:0003254,regulation of membrane depolarization,,,,1.0,False,1,0
GO:0003254,regulation of membrane depolarization (GO:0003254),0.0158532798572077,0.1530018965409745,False,,,1,0
GO:0003281,ventricular septum development (GO:0003281),0.6336543704379285,0.8645507291622528,False,,,1,0
GO:0003283,atrial septum development (GO:0003283),0.8570059946588164,0.9528267849547202,False,,,1,0
GO:0003299,muscle hypertrophy in response to stress,,,,1.0,False,1,0
GO:0003300,cardiac muscle hypertrophy,,,,1.0,False,1,0
GO:0003333,amino acid transmembrane transport,,,,1.0,False,1,0
GO:0003333,amino acid transmembrane transport (GO:0003333),0.96294174432495,0.991701883308318,False,,,1,0
GO:0003334,keratinocyte development,,,,1.0,False,1,0
GO:0003338,metanephros morphogenesis,,,,1.0,False,1,0
GO:0003341,cilium movement,,,,1.0,False,1,0
GO:0003341,cilium movement (GO:0003341),0.0972850528182756,0.3710152220299007,False,,,1,0
GO:0003351,epithelial cilium movement involved in extracellular fluid movement (GO:0003351),0.0612582698021336,0.2968284145584193,False,,,1,0
GO:0003382,epithelial cell morphogenesis (GO:0003382),0.5638170738408886,0.8292780245099893,False,,,1,0
GO:0003407,neural retina development,,,,1.0,False,1,0
GO:0005513,detection of calcium ion,,,,1.0,False,1,0
GO:0005513,detection of calcium ion (GO:0005513),0.2562195119857028,0.5903369343696386,False,,,1,0
GO:0005975,carbohydrate metabolic process,,,,1.0,False,1,0
GO:0005976,polysaccharide metabolic process,,,,1.0,False,1,0
GO:0005977,glycogen metabolic process,,,,1.0,False,1,0
GO:0005977,glycogen metabolic process (GO:0005977),0.1706615000149721,0.4863091453067253,False,,,1,0
GO:0005978,glycogen biosynthetic process,,,,1.0,False,1,0
GO:0005978,glycogen biosynthetic process (GO:0005978),0.2229591792108609,0.550575629392445,False,,,1,0
GO:0005979,regulation of glycogen biosynthetic process,,,,1.0,False,1,0
GO:0005979,regulation of glycogen biosynthetic process (GO:0005979),0.9784709062645914,0.9955096634190814,False,,,1,0
GO:0005980,glycogen catabolic process,,,,1.0,False,1,0
GO:0005980,glycogen catabolic process (GO:0005980),0.3438807649646104,0.6621013916298311,False,,,1,0
GO:0005981,regulation of glycogen catabolic process,,,,1.0,False,1,0
GO:0005996,monosaccharide metabolic process,,,,1.0,False,1,0
GO:0006002,fructose 6-phosphate metabolic process (GO:0006002),0.4584640837298609,0.7578446097357143,False,,,1,0
GO:0006006,glucose metabolic process,,,,1.0,False,1,0
GO:0006006,glucose metabolic process (GO:0006006),0.1033813926062501,0.3859012486357332,False,,,1,0
GO:0006022,aminoglycan metabolic process,,,,1.0,False,1,0
GO:0006022,aminoglycan metabolic process (GO:0006022),0.8835206000477697,0.9619357192023849,False,,,1,0
GO:0006023,aminoglycan biosynthetic process,,,,1.0,False,1,0
GO:0006023,aminoglycan biosynthetic process (GO:0006023),0.8261076788570751,0.9440875040388328,False,,,1,0
GO:0006024,glycosaminoglycan biosynthetic process,,,,1.0,False,1,0
GO:0006024,glycosaminoglycan biosynthetic process (GO:0006024),0.8878088883047179,0.9639114329474764,False,,,1,0
GO:0006026,aminoglycan catabolic process (GO:0006026),0.3510560134318519,0.6688536034495753,False,,,1,0
GO:0006027,glycosaminoglycan catabolic process (GO:0006027),0.2699084618373688,0.6004473875361525,False,,,1,0
GO:0006029,proteoglycan metabolic process (GO:0006029),0.8820439085082505,0.9616535053095128,False,,,1,0
GO:0006040,amino sugar metabolic process (GO:0006040),0.531345887268817,0.8087805447690927,False,,,1,0
GO:0006044,N-acetylglucosamine metabolic process (GO:0006044),0.791083824874711,0.9332007274070524,False,,,1,0
GO:0006047,UDP-N-acetylglucosamine metabolic process (GO:0006047),0.7795648559290783,0.9276760077130836,False,,,1,0
GO:0006048,UDP-N-acetylglucosamine biosynthetic process (GO:0006048),0.8118232371686529,0.9381126296262408,False,,,1,0
GO:0006054,N-acetylneuraminate metabolic process (GO:0006054),0.832321806234894,0.9471937026849544,False,,,1,0
GO:0006066,alcohol metabolic process,,,,1.0,False,1,0
GO:0006067,ethanol metabolic process (GO:0006067),0.0932351540128127,0.3612081333662766,False,,,1,0
GO:0006071,glycerol metabolic process (GO:0006071),0.0170187211642239,0.1569926602537463,False,,,1,0
GO:0006073,cellular glucan metabolic process (GO:0006073),0.7838502519939582,0.9301702444984524,False,,,1,0
GO:0006082,organic acid metabolic process,,,,1.0,False,1,0
GO:0006084,acetyl-CoA metabolic process,,,,1.0,False,1,0
GO:0006084,acetyl-CoA metabolic process (GO:0006084),0.7922241872530209,0.9332007274070524,False,,,1,0
GO:0006085,acetyl-CoA biosynthetic process,,,,1.0,False,1,0
GO:0006085,acetyl-CoA biosynthetic process (GO:0006085),0.1924592720699774,0.5116363364668648,False,,,1,0
GO:0006086,pyruvate decarboxylation to acetyl-CoA,,,,1.0,False,1,0
GO:0006089,lactate metabolic process,,,,1.0,False,1,0
GO:0006090,pyruvate metabolic process,,,,1.0,False,1,0
GO:0006090,pyruvate metabolic process (GO:0006090),7.485536981891453e-05,0.0066928464774405,True,,,1,1
GO:0006091,generation of precursor metabolites and energy,,,,1.0,False,1,0
GO:0006094,gluconeogenesis (GO:0006094),0.0344333383663748,0.220803783391276,False,,,1,0
GO:0006096,glycolytic process,,,,1.0,False,1,0
GO:0006096,glycolytic process (GO:0006096),0.0001685557010188,0.0110017152937492,True,,,1,1
GO:0006098,pentose-phosphate shunt (GO:0006098),0.186658284893205,0.5039109427757484,False,,,1,0
GO:0006099,tricarboxylic acid cycle,,,,1.0,False,1,0
GO:0006103,2-oxoglutarate metabolic process (GO:0006103),0.1069486458308338,0.390805600805735,False,,,1,0
GO:0006109,regulation of carbohydrate metabolic process,,,,1.0,False,1,0
GO:0006110,regulation of glycolytic process,,,,1.0,False,1,0
GO:0006110,regulation of glycolytic process (GO:0006110),0.6168004338792463,0.8529070527539122,False,,,1,0
GO:0006111,regulation of gluconeogenesis (GO:0006111),0.0228166258973186,0.1820147710932415,False,,,1,0
GO:0006112,energy reserve metabolic process,,,,1.0,False,1,0
GO:0006112,energy reserve metabolic process (GO:0006112),0.9940879961236516,0.9977707777975684,False,,,1,0
GO:0006119,oxidative phosphorylation,,,,1.0,False,1,0
GO:0006120,"mitochondrial electron transport, NADH to ubiquinone",,,,1.0,False,1,0
GO:0006120,"mitochondrial electron transport, NADH to ubiquinone (GO:0006120)",0.0260373509840804,0.1936464162404261,False,,,1,0
GO:0006122,"mitochondrial electron transport, ubiquinol to cytochrome c (GO:0006122)",0.024609252545843,0.1885322680554627,False,,,1,0
GO:0006123,"mitochondrial electron transport, cytochrome c to oxygen (GO:0006123)",0.7339232454691089,0.9070143233105246,False,,,1,0
GO:0006139,nucleobase-containing compound metabolic process,,,,1.0,False,1,0
GO:0006140,regulation of nucleotide metabolic process,,,,1.0,False,1,0
GO:0006163,purine nucleotide metabolic process,,,,1.0,False,1,0
GO:0006163,purine nucleotide metabolic process (GO:0006163),0.0306047370045349,0.2107950976159226,False,,,1,0
GO:0006164,purine nucleotide biosynthetic process,,,,1.0,False,1,0
GO:0006164,purine nucleotide biosynthetic process (GO:0006164),0.044280817950252,0.2511619473640057,False,,,1,0
GO:0006171,cAMP biosynthetic process,,,,1.0,False,1,0
GO:0006171,cAMP biosynthetic process (GO:0006171),0.0071560494861411,0.1063509357405748,False,,,1,0
GO:0006182,cGMP biosynthetic process (GO:0006182),0.3490543260875652,0.6679934706610167,False,,,1,0
GO:0006195,purine nucleotide catabolic process,,,,1.0,False,1,0
GO:0006195,purine nucleotide catabolic process (GO:0006195),0.2706366412443942,0.6008735555433656,False,,,1,0
GO:0006206,pyrimidine nucleobase metabolic process (GO:0006206),0.353341796726914,0.6693330498393213,False,,,1,0
GO:0006213,pyrimidine nucleoside metabolic process (GO:0006213),0.4957452363354647,0.782411740925294,False,,,1,0
GO:0006259,DNA metabolic process,,,,1.0,False,1,0
GO:0006259,DNA metabolic process (GO:0006259),0.7422352567923022,0.9113282678884924,False,,,1,0
GO:0006260,DNA replication,,,,1.0,False,1,0
GO:0006260,DNA replication (GO:0006260),0.2020564125970743,0.5213605258372128,False,,,1,0
GO:0006261,DNA-dependent DNA replication (GO:0006261),0.0247260382176883,0.1885322680554627,False,,,1,0
GO:0006261,DNA-templated DNA replication,,,,1.0,False,1,0
GO:0006268,DNA unwinding involved in DNA replication (GO:0006268),0.3608259503910516,0.6758957767306415,False,,,1,0
GO:0006270,DNA replication initiation (GO:0006270),0.5946825173282253,0.8437726867305281,False,,,1,0
GO:0006271,DNA strand elongation involved in DNA replication (GO:0006271),0.8662124351963573,0.9567687148223014,False,,,1,0
GO:0006275,regulation of DNA replication,,,,1.0,False,1,0
GO:0006275,regulation of DNA replication (GO:0006275),0.0068484532795663,0.1034907700772722,False,,,1,0
GO:0006278,RNA-dependent DNA biosynthetic process (GO:0006278),0.7274363997926854,0.90316408000447,False,,,1,0
GO:0006281,DNA repair,,,,1.0,False,1,0
GO:0006281,DNA repair (GO:0006281),0.1289639888715755,0.4305989522798293,False,,,1,0
GO:0006282,regulation of DNA repair,,,,1.0,False,1,0
GO:0006282,regulation of DNA repair (GO:0006282),0.1724350735023626,0.4891894044835165,False,,,1,0
GO:0006283,transcription-coupled nucleotide-excision repair (GO:0006283),0.2847494133764531,0.6143654863122222,False,,,1,0
GO:0006284,base-excision repair,,,,1.0,False,1,0
GO:0006284,base-excision repair (GO:0006284),0.6065624756280601,0.8504895159687053,False,,,1,0
GO:0006285,"base-excision repair, AP site formation (GO:0006285)",0.8280472969161143,0.9446492591396682,False,,,1,0
GO:0006287,"base-excision repair, gap-filling (GO:0006287)",0.9901443918980174,0.9974184805626916,False,,,1,0
GO:0006289,nucleotide-excision repair,,,,1.0,False,1,0
GO:0006289,nucleotide-excision repair (GO:0006289),0.1233015361972499,0.420958282759785,False,,,1,0
GO:0006293,"nucleotide-excision repair, preincision complex stabilization (GO:0006293)",0.2774174239911058,0.6084782743674617,False,,,1,0
GO:0006294,"nucleotide-excision repair, preincision complex assembly (GO:0006294)",0.0504939992585784,0.2719464283959616,False,,,1,0
GO:0006295,"nucleotide-excision repair, DNA incision, 3'-to lesion (GO:0006295)",0.2774174239911058,0.6084782743674617,False,,,1,0
GO:0006296,"nucleotide-excision repair, DNA incision, 5'-to lesion (GO:0006296)",0.4670611545334604,0.7636003501811702,False,,,1,0
GO:0006297,"nucleotide-excision repair, DNA gap filling (GO:0006297)",0.7031603468481311,0.8942645663663249,False,,,1,0
GO:0006298,mismatch repair (GO:0006298),0.1407120738297557,0.4517675817575256,False,,,1,0
GO:0006301,postreplication repair (GO:0006301),0.1585669849827806,0.4727411226183108,False,,,1,0
GO:0006302,double-strand break repair,,,,1.0,False,1,0
GO:0006302,double-strand break repair (GO:0006302),0.0455351467495484,0.2551178901344717,False,,,1,0
GO:0006303,double-strand break repair via nonhomologous end joining (GO:0006303),0.8194606092069823,0.9407427635357396,False,,,1,0
GO:0006304,DNA modification (GO:0006304),0.7744837933159967,0.9260907468278736,False,,,1,0
GO:0006305,DNA alkylation (GO:0006305),0.1045753527166702,0.3862262053109351,False,,,1,0
GO:0006306,DNA methylation (GO:0006306),0.0228418220512478,0.1820147710932415,False,,,1,0
GO:0006307,DNA dealkylation involved in DNA repair (GO:0006307),0.1956799128673535,0.5148746147888426,False,,,1,0
GO:0006308,DNA catabolic process (GO:0006308),0.4863682790335922,0.7757444188669227,False,,,1,0
GO:0006309,apoptotic DNA fragmentation (GO:0006309),0.5992101333070654,0.8464951426314902,False,,,1,0
GO:0006310,DNA recombination,,,,1.0,False,1,0
GO:0006310,DNA recombination (GO:0006310),0.0101362945143813,0.1212838015553574,False,,,1,0
GO:0006312,mitotic recombination (GO:0006312),0.6766565711087498,0.884403711016907,False,,,1,0
GO:0006323,DNA packaging (GO:0006323),0.3637211085286641,0.6767650070072623,False,,,1,0
GO:0006325,chromatin organization,,,,2.943097998409516e-06,True,1,1
GO:0006325,chromatin organization (GO:0006325),0.115299719593996,0.4049527738072962,False,,,1,0
GO:0006333,chromatin assembly or disassembly (GO:0006333),0.33049383197172,0.653861071747995,False,,,1,0
GO:0006334,nucleosome assembly,,,,1.0,False,1,0
GO:0006334,nucleosome assembly (GO:0006334),0.9710727117453888,0.9933601969966962,False,,,1,0
GO:0006335,DNA replication-dependent chromatin assembly,,,,1.0,False,1,0
GO:0006336,DNA replication-independent nucleosome assembly (GO:0006336),0.9397219944055856,0.9819886628975932,False,,,1,0
GO:0006337,nucleosome disassembly (GO:0006337),0.0995365548649203,0.3775421526026428,False,,,1,0
GO:0006338,chromatin remodeling,,,,1.5293353385165634e-05,True,1,1
GO:0006338,chromatin remodeling (GO:0006338),0.0091234002740459,0.1149669675729443,False,,,1,0
GO:0006346,DNA methylation-dependent constitutive heterochromatin formation,,,,1.0,False,1,0
GO:0006349,regulation of gene expression by genetic imprinting (GO:0006349),0.4407176338341448,0.7449384960485346,False,,,1,0
GO:0006351,DNA-templated transcription,,,,0.0826139318441298,False,1,0
GO:0006351,"transcription, DNA-templated (GO:0006351)",0.0109703579936208,0.1268614874079384,False,,,1,0
GO:0006352,DNA-templated transcription initiation,,,,1.0,False,1,0
GO:0006352,"DNA-templated transcription, initiation (GO:0006352)",0.0564374740171547,0.2860961556831345,False,,,1,0
GO:0006353,"DNA-templated transcription, termination (GO:0006353)",0.8708705196967322,0.9588423457793048,False,,,1,0
GO:0006354,DNA-templated transcription elongation,,,,1.0,False,1,0
GO:0006354,"DNA-templated transcription, elongation (GO:0006354)",0.7938377297460799,0.9335277245466952,False,,,1,0
GO:0006355,regulation of DNA-templated transcription,,,,0.0282487216583496,True,1,1
GO:0006356,regulation of transcription by RNA polymerase I (GO:0006356),0.0188113348989325,0.1651652622028963,False,,,1,0
GO:0006357,regulation of transcription by RNA polymerase II,,,,0.0001330082581423,True,1,1
GO:0006359,regulation of transcription by RNA polymerase III (GO:0006359),0.3771933955548412,0.6888274190368381,False,,,1,0
GO:0006360,transcription by RNA polymerase I (GO:0006360),0.8517909096052148,0.9505274845932862,False,,,1,0
GO:0006361,transcription initiation from RNA polymerase I promoter (GO:0006361),0.8579148382003019,0.9528267849547202,False,,,1,0
GO:0006363,termination of RNA polymerase I transcription (GO:0006363),0.9746487594144896,0.9935030022595036,False,,,1,0
GO:0006364,rRNA processing (GO:0006364),0.0072611187249694,0.1071650712988687,False,,,1,0
GO:0006366,transcription by RNA polymerase II,,,,0.0004568755815927,True,1,1
GO:0006366,transcription by RNA polymerase II (GO:0006366),0.001713234311618,0.0551786014393248,False,,,1,0
GO:0006367,transcription initiation at RNA polymerase II promoter,,,,1.0,False,1,0
GO:0006367,transcription initiation from RNA polymerase II promoter (GO:0006367),0.2326498500509067,0.5612055276276591,False,,,1,0
GO:0006368,transcription elongation by RNA polymerase II,,,,1.0,False,1,0
GO:0006368,transcription elongation from RNA polymerase II promoter (GO:0006368),0.7429638585711607,0.911404241772449,False,,,1,0
GO:0006369,termination of RNA polymerase II transcription (GO:0006369),0.991443009413685,0.9975636343332898,False,,,1,0
GO:0006370,7-methylguanosine mRNA capping (GO:0006370),0.1929479740741622,0.5116886420510096,False,,,1,0
GO:0006376,mRNA splice site selection (GO:0006376),0.3689924150769289,0.6814673249203747,False,,,1,0
GO:0006378,mRNA polyadenylation (GO:0006378),0.9272890946734544,0.97779399047327,False,,,1,0
GO:0006383,transcription by RNA polymerase III (GO:0006383),0.0317700796764273,0.2151855575226586,False,,,1,0
GO:0006388,"tRNA splicing, via endonucleolytic cleavage and ligation (GO:0006388)",0.5580336565117814,0.8258375572177865,False,,,1,0
GO:0006390,mitochondrial transcription (GO:0006390),0.3211008213468718,0.6484389950696408,False,,,1,0
GO:0006396,RNA processing,,,,1.0,False,1,0
GO:0006396,RNA processing (GO:0006396),0.7102806304760957,0.896835696203672,False,,,1,0
GO:0006397,mRNA processing,,,,1.0,False,1,0
GO:0006397,mRNA processing (GO:0006397),0.3889672520265227,0.6995508709988624,False,,,1,0
GO:0006399,tRNA metabolic process,,,,1.0,False,1,0
GO:0006399,tRNA metabolic process (GO:0006399),0.2671634215236828,0.5978471137695155,False,,,1,0
GO:0006400,tRNA modification,,,,1.0,False,1,0
GO:0006400,tRNA modification (GO:0006400),0.720434543022447,0.9012330565795528,False,,,1,0
GO:0006401,RNA catabolic process,,,,1.0,False,1,0
GO:0006401,RNA catabolic process (GO:0006401),0.7106764193809617,0.8970368248625583,False,,,1,0
GO:0006402,mRNA catabolic process,,,,1.0,False,1,0
GO:0006402,mRNA catabolic process (GO:0006402),0.2134592519113024,0.5381506980872844,False,,,1,0
GO:0006403,RNA localization,,,,1.0,False,1,0
GO:0006405,RNA export from nucleus,,,,1.0,False,1,0
GO:0006405,RNA export from nucleus (GO:0006405),0.0718845099005097,0.3215305967601807,False,,,1,0
GO:0006406,mRNA export from nucleus,,,,1.0,False,1,0
GO:0006406,mRNA export from nucleus (GO:0006406),0.0179429496914924,0.1601143270521926,False,,,1,0
GO:0006409,tRNA export from nucleus (GO:0006409),0.9075738640689518,0.9691519331119184,False,,,1,0
GO:0006412,translation,,,,1.0,False,1,0
GO:0006412,translation (GO:0006412),7.435172141985468e-07,0.0002014400566753,True,,,1,1
GO:0006413,translational initiation,,,,1.0,False,1,0
GO:0006414,translational elongation,,,,1.0,False,1,0
GO:0006414,translational elongation (GO:0006414),0.1953750951141342,0.5148746147888426,False,,,1,0
GO:0006415,translational termination (GO:0006415),0.0355067560895176,0.2240883957529789,False,,,1,0
GO:0006417,regulation of translation,,,,1.0,False,1,0
GO:0006417,regulation of translation (GO:0006417),0.1165195145199969,0.4069599618548329,False,,,1,0
GO:0006418,tRNA aminoacylation for protein translation,,,,1.0,False,1,0
GO:0006418,tRNA aminoacylation for protein translation (GO:0006418),0.064431061458421,0.304129727869681,False,,,1,0
GO:0006429,leucyl-tRNA aminoacylation,,,,1.0,False,1,0
GO:0006446,regulation of translational initiation,,,,1.0,False,1,0
GO:0006446,regulation of translational initiation (GO:0006446),0.5170149763292282,0.7981431848664072,False,,,1,0
GO:0006450,regulation of translational fidelity,,,,1.0,False,1,0
GO:0006457,protein folding,,,,0.0036485171310248,True,1,1
GO:0006465,signal peptide processing (GO:0006465),0.6117994487252878,0.8510623591142629,False,,,1,0
GO:0006468,protein phosphorylation,,,,0.0018153362122432,True,1,1
GO:0006468,protein phosphorylation (GO:0006468),1.9050260832412203e-09,1.4451527867467896e-06,True,,,1,1
GO:0006469,negative regulation of protein kinase activity,,,,1.0,False,1,0
GO:0006469,negative regulation of protein kinase activity (GO:0006469),0.0038871520146456,0.0784253595295254,False,,,1,0
GO:0006470,protein dephosphorylation,,,,1.0,False,1,0
GO:0006470,protein dephosphorylation (GO:0006470),0.2869162646915831,0.6172849642513755,False,,,1,0
GO:0006471,protein ADP-ribosylation (GO:0006471),0.7496568895258985,0.9163546832006874,False,,,1,0
GO:0006473,protein acetylation,,,,1.0,False,1,0
GO:0006473,protein acetylation (GO:0006473),0.1628470280520271,0.4791922245161666,False,,,1,0
GO:0006474,N-terminal protein amino acid acetylation (GO:0006474),0.1013979593817407,0.3814132880665845,False,,,1,0
GO:0006476,protein deacetylation (GO:0006476),0.0681015372889287,0.3119160854584185,False,,,1,0
GO:0006479,protein methylation,,,,1.0,False,1,0
GO:0006479,protein methylation (GO:0006479),0.7002546028369184,0.8932100249826661,False,,,1,0
GO:0006486,protein glycosylation (GO:0006486),0.3778033415828253,0.6889461897229118,False,,,1,0
GO:0006487,protein N-linked glycosylation,,,,1.0,False,1,0
GO:0006487,protein N-linked glycosylation (GO:0006487),0.1668494923097732,0.4837739325611166,False,,,1,0
GO:0006488,dolichol-linked oligosaccharide biosynthetic process (GO:0006488),0.3282688399532039,0.653861071747995,False,,,1,0
GO:0006490,oligosaccharide-lipid intermediate biosynthetic process (GO:0006490),0.1942167607334117,0.5129973352798265,False,,,1,0
GO:0006491,N-glycan processing (GO:0006491),0.0512819482465428,0.2735694572044976,False,,,1,0
GO:0006493,protein O-linked glycosylation (GO:0006493),0.6673252619789138,0.8816317376126855,False,,,1,0
GO:0006497,protein lipidation (GO:0006497),0.8126791572037768,0.9382897690065312,False,,,1,0
GO:0006505,GPI anchor metabolic process (GO:0006505),0.8017978030721138,0.9362325644172682,False,,,1,0
GO:0006506,GPI anchor biosynthetic process (GO:0006506),0.7848294718362745,0.9301702444984524,False,,,1,0
GO:0006508,proteolysis,,,,1.0,False,1,0
GO:0006508,proteolysis (GO:0006508),0.3523235520160083,0.6688536034495753,False,,,1,0
GO:0006509,membrane protein ectodomain proteolysis,,,,1.0,False,1,0
GO:0006509,membrane protein ectodomain proteolysis (GO:0006509),0.9743338566576636,0.9935030022595036,False,,,1,0
GO:0006511,ubiquitin-dependent protein catabolic process,,,,1.0,False,1,0
GO:0006511,ubiquitin-dependent protein catabolic process (GO:0006511),0.0078797177642378,0.1098815054402732,False,,,1,0
GO:0006513,protein monoubiquitination,,,,1.0,False,1,0
GO:0006513,protein monoubiquitination (GO:0006513),0.5916966341056393,0.8425740066615665,False,,,1,0
GO:0006515,protein quality control for misfolded or incompletely synthesized proteins (GO:0006515),0.3762493777321852,0.687765729994303,False,,,1,0
GO:0006516,glycoprotein catabolic process (GO:0006516),0.9028324979856936,0.9688574613736848,False,,,1,0
GO:0006518,peptide metabolic process (GO:0006518),0.0333122940720195,0.2193637698180034,False,,,1,0
GO:0006520,amino acid metabolic process,,,,1.0,False,1,0
GO:0006521,regulation of amino acid metabolic process,,,,1.0,False,1,0
GO:0006521,regulation of cellular amino acid metabolic process (GO:0006521),4.226831714713414e-07,0.0001233259437992,True,,,1,1
GO:0006525,arginine metabolic process,,,,1.0,False,1,0
GO:0006525,arginine metabolic process (GO:0006525),0.208646709148086,0.5307826745799399,False,,,1,0
GO:0006527,L-arginine catabolic process,,,,1.0,False,1,0
GO:0006536,glutamate metabolic process (GO:0006536),0.0921621268751083,0.36001127418876,False,,,1,0
GO:0006544,glycine metabolic process (GO:0006544),0.1227608624535531,0.420958282759785,False,,,1,0
GO:0006553,lysine metabolic process (GO:0006553),0.9616948612786348,0.9909797221636693,False,,,1,0
GO:0006554,lysine catabolic process (GO:0006554),0.9616948612786348,0.9909797221636693,False,,,1,0
GO:0006556,S-adenosylmethionine biosynthetic process,,,,1.0,False,1,0
GO:0006563,L-serine metabolic process (GO:0006563),0.7599157662189356,0.922750862295516,False,,,1,0
GO:0006568,tryptophan metabolic process (GO:0006568),0.0367124664129288,0.229845523256178,False,,,1,0
GO:0006569,tryptophan catabolic process (GO:0006569),0.2006005889957245,0.5190163943115846,False,,,1,0
GO:0006570,tyrosine metabolic process (GO:0006570),0.8399007946774201,0.9476095421772875,False,,,1,0
GO:0006576,cellular biogenic amine metabolic process (GO:0006576),0.2985391908155754,0.625836752824302,False,,,1,0
GO:0006584,catecholamine metabolic process (GO:0006584),0.3262371957142037,0.6519587372729055,False,,,1,0
GO:0006590,thyroid hormone generation (GO:0006590),0.6476484985324638,0.8721400198321445,False,,,1,0
GO:0006595,polyamine metabolic process (GO:0006595),0.4892983839353211,0.7781592660562309,False,,,1,0
GO:0006605,protein targeting,,,,1.0,False,1,0
GO:0006605,protein targeting (GO:0006605),0.6699639282540215,0.8820433427783411,False,,,1,0
GO:0006606,protein import into nucleus,,,,1.0,False,1,0
GO:0006606,protein import into nucleus (GO:0006606),0.9278541854472482,0.97779399047327,False,,,1,0
GO:0006607,NLS-bearing protein import into nucleus (GO:0006607),0.5675306721801614,0.8314233713582724,False,,,1,0
GO:0006611,protein export from nucleus,,,,1.0,False,1,0
GO:0006611,protein export from nucleus (GO:0006611),0.7677289490156268,0.9251243330848252,False,,,1,0
GO:0006612,protein targeting to membrane,,,,1.0,False,1,0
GO:0006612,protein targeting to membrane (GO:0006612),0.0849473476978021,0.3461273464441703,False,,,1,0
GO:0006613,cotranslational protein targeting to membrane (GO:0006613),6.121169904676592e-12,1.1608798724219155e-08,True,,,1,1
GO:0006614,SRP-dependent cotranslational protein targeting to membrane (GO:0006614),1.2199648676201907e-10,1.5424422476277946e-07,True,,,1,1
GO:0006620,post-translational protein targeting to endoplasmic reticulum membrane,,,,1.0,False,1,0
GO:0006620,posttranslational protein targeting to endoplasmic reticulum membrane (GO:0006620),0.2970345723615604,0.6246027934312549,False,,,1,0
GO:0006622,protein targeting to lysosome,,,,1.0,False,1,0
GO:0006622,protein targeting to lysosome (GO:0006622),0.5563547199935119,0.8252202383626392,False,,,1,0
GO:0006623,protein targeting to vacuole,,,,1.0,False,1,0
GO:0006625,protein targeting to peroxisome (GO:0006625),0.0036522514425471,0.0771282167514692,False,,,1,0
GO:0006626,protein targeting to mitochondrion (GO:0006626),0.9939692081374808,0.9977707777975684,False,,,1,0
GO:0006629,lipid metabolic process,,,,1.0,False,1,0
GO:0006631,fatty acid metabolic process,,,,1.0,False,1,0
GO:0006631,fatty acid metabolic process (GO:0006631),0.0505463306140661,0.2719464283959616,False,,,1,0
GO:0006633,fatty acid biosynthetic process,,,,1.0,False,1,0
GO:0006633,fatty acid biosynthetic process (GO:0006633),0.8346305214059442,0.9474416955400868,False,,,1,0
GO:0006635,fatty acid beta-oxidation,,,,1.0,False,1,0
GO:0006635,fatty acid beta-oxidation (GO:0006635),0.0001184004695875,0.0084734524744469,True,,,1,1
GO:0006636,unsaturated fatty acid biosynthetic process,,,,1.0,False,1,0
GO:0006637,acyl-CoA metabolic process,,,,1.0,False,1,0
GO:0006637,acyl-CoA metabolic process (GO:0006637),0.9915146062316116,0.9975636343332898,False,,,1,0
GO:0006638,neutral lipid metabolic process,,,,1.0,False,1,0
GO:0006639,acylglycerol metabolic process,,,,1.0,False,1,0
GO:0006639,acylglycerol metabolic process (GO:0006639),0.3101524341829051,0.6363755405473174,False,,,1,0
GO:0006641,triglyceride metabolic process,,,,1.0,False,1,0
GO:0006641,triglyceride metabolic process (GO:0006641),0.0877842291413957,0.3516472368681201,False,,,1,0
GO:0006643,membrane lipid metabolic process (GO:0006643),0.8553408931704762,0.9519725361053664,False,,,1,0
GO:0006644,phospholipid metabolic process,,,,1.0,False,1,0
GO:0006644,phospholipid metabolic process (GO:0006644),0.9363392545378326,0.9801917578783246,False,,,1,0
GO:0006646,phosphatidylethanolamine biosynthetic process (GO:0006646),0.0131605390696199,0.1386609019196351,False,,,1,0
GO:0006650,glycerophospholipid metabolic process,,,,1.0,False,1,0
GO:0006650,glycerophospholipid metabolic process (GO:0006650),0.5941254458242295,0.8437726867305281,False,,,1,0
GO:0006654,phosphatidic acid biosynthetic process (GO:0006654),0.0473769446694173,0.2615731457512371,False,,,1,0
GO:0006656,phosphatidylcholine biosynthetic process (GO:0006656),0.3116086697952333,0.6378476441086454,False,,,1,0
GO:0006658,phosphatidylserine metabolic process (GO:0006658),0.4576055189957855,0.756954964479291,False,,,1,0
GO:0006661,phosphatidylinositol biosynthetic process (GO:0006661),0.2004464150090996,0.5190163943115846,False,,,1,0
GO:0006664,glycolipid metabolic process (GO:0006664),0.6334359429757928,0.8645507291622528,False,,,1,0
GO:0006665,sphingolipid metabolic process,,,,1.0,False,1,0
GO:0006665,sphingolipid metabolic process (GO:0006665),0.6974605452362799,0.8916305521001717,False,,,1,0
GO:0006670,sphingosine metabolic process,,,,1.0,False,1,0
GO:0006670,sphingosine metabolic process (GO:0006670),0.3085229736066481,0.6348216792270597,False,,,1,0
GO:0006672,ceramide metabolic process (GO:0006672),0.0737612886358058,0.3243289806874079,False,,,1,0
GO:0006684,sphingomyelin metabolic process (GO:0006684),0.1587499796896989,0.4727411226183108,False,,,1,0
GO:0006687,glycosphingolipid metabolic process (GO:0006687),0.2837829367450287,0.6130954500179048,False,,,1,0
GO:0006688,glycosphingolipid biosynthetic process (GO:0006688),0.4717821320128089,0.7666634734237201,False,,,1,0
GO:0006690,icosanoid metabolic process,,,,1.0,False,1,0
GO:0006690,icosanoid metabolic process (GO:0006690),0.7150809449965181,0.8984475223005142,False,,,1,0
GO:0006691,leukotriene metabolic process (GO:0006691),0.653991130092944,0.8759139676703872,False,,,1,0
GO:0006692,prostanoid metabolic process,,,,1.0,False,1,0
GO:0006692,prostanoid metabolic process (GO:0006692),0.020756470128225,0.1749539804363506,False,,,1,0
GO:0006693,prostaglandin metabolic process,,,,1.0,False,1,0
GO:0006693,prostaglandin metabolic process (GO:0006693),0.0086241435268569,0.1120252616348232,False,,,1,0
GO:0006694,steroid biosynthetic process,,,,1.0,False,1,0
GO:0006694,steroid biosynthetic process (GO:0006694),0.7955646008828381,0.9343216351808522,False,,,1,0
GO:0006695,cholesterol biosynthetic process (GO:0006695),0.0895114345380123,0.3554210303122367,False,,,1,0
GO:0006699,bile acid biosynthetic process (GO:0006699),0.6727521602626303,0.8831359991106892,False,,,1,0
GO:0006700,C21-steroid hormone biosynthetic process,,,,1.0,False,1,0
GO:0006700,C21-steroid hormone biosynthetic process (GO:0006700),0.2875337304345899,0.6178685469279303,False,,,1,0
GO:0006701,progesterone biosynthetic process,,,,1.0,False,1,0
GO:0006704,glucocorticoid biosynthetic process (GO:0006704),0.8277474997335836,0.9446492591396682,False,,,1,0
GO:0006706,steroid catabolic process (GO:0006706),0.9457987057499668,0.9853043415134726,False,,,1,0
GO:0006730,one-carbon metabolic process,,,,1.0,False,1,0
GO:0006743,ubiquinone metabolic process (GO:0006743),0.1707413746921811,0.4863091453067253,False,,,1,0
GO:0006744,ubiquinone biosynthetic process (GO:0006744),0.0624846862207265,0.2977442397427333,False,,,1,0
GO:0006749,glutathione metabolic process (GO:0006749),0.0031880495057537,0.071131010443082,False,,,1,0
GO:0006750,glutathione biosynthetic process (GO:0006750),0.4299236763544951,0.737025548733217,False,,,1,0
GO:0006753,nucleoside phosphate metabolic process,,,,1.0,False,1,0
GO:0006754,ATP biosynthetic process,,,,1.0,False,1,0
GO:0006760,folic acid-containing compound metabolic process (GO:0006760),0.6083025919803562,0.8504895159687053,False,,,1,0
GO:0006767,water-soluble vitamin metabolic process (GO:0006767),0.1971781684868221,0.5157908917727699,False,,,1,0
GO:0006775,fat-soluble vitamin metabolic process (GO:0006775),0.8834924426766372,0.9619357192023849,False,,,1,0
GO:0006778,porphyrin-containing compound metabolic process,,,,1.0,False,1,0
GO:0006779,porphyrin-containing compound biosynthetic process,,,,1.0,False,1,0
GO:0006779,porphyrin-containing compound biosynthetic process (GO:0006779),0.8281070554348365,0.9446492591396682,False,,,1,0
GO:0006783,heme biosynthetic process,,,,1.0,False,1,0
GO:0006783,heme biosynthetic process (GO:0006783),0.6505725743600472,0.874537761969827,False,,,1,0
GO:0006787,porphyrin-containing compound catabolic process (GO:0006787),0.4017180608573638,0.7098464432712569,False,,,1,0
GO:0006790,sulfur compound metabolic process,,,,1.0,False,1,0
GO:0006793,phosphorus metabolic process,,,,0.0079500105993,True,1,1
GO:0006796,phosphate-containing compound metabolic process,,,,0.0076561161603942,True,1,1
GO:0006796,phosphate-containing compound metabolic process (GO:0006796),0.9116753586044792,0.972163237331119,False,,,1,0
GO:0006801,superoxide metabolic process (GO:0006801),0.3308089874360459,0.653861071747995,False,,,1,0
GO:0006809,nitric oxide biosynthetic process,,,,1.0,False,1,0
GO:0006809,nitric oxide biosynthetic process (GO:0006809),0.980538566769962,0.9955985449682774,False,,,1,0
GO:0006810,transport,,,,3.657707178914202e-15,True,1,1
GO:0006811,ion transport (GO:0006811),0.8540190574559408,0.951055280367112,False,,,1,0
GO:0006811,monoatomic ion transport,,,,1.7721350663330691e-06,True,1,1
GO:0006812,cation transport (GO:0006812),0.6023895862861008,0.848130549659681,False,,,1,0
GO:0006812,monoatomic cation transport,,,,0.0002529549036848,True,1,1
GO:0006813,potassium ion transport,,,,1.0,False,1,0
GO:0006813,potassium ion transport (GO:0006813),0.0373391804410094,0.2304341001174279,False,,,1,0
GO:0006814,sodium ion transport,,,,1.0,False,1,0
GO:0006814,sodium ion transport (GO:0006814),0.165358980685477,0.4820957830438235,False,,,1,0
GO:0006816,calcium ion transport,,,,1.0,False,1,0
GO:0006816,calcium ion transport (GO:0006816),0.6891477596068686,0.8875848734087785,False,,,1,0
GO:0006817,phosphate ion transport (GO:0006817),0.6395152805049917,0.8684860218243586,False,,,1,0
GO:0006820,anion transport (GO:0006820),0.1547353800286064,0.4695290371588032,False,,,1,0
GO:0006820,monoatomic anion transport,,,,0.1874294922732168,False,1,0
GO:0006821,chloride transport,,,,0.281984095376344,False,1,0
GO:0006821,chloride transport (GO:0006821),0.1489692242942826,0.4620116661882371,False,,,1,0
GO:0006825,copper ion transport (GO:0006825),0.1599412357136335,0.4739508648920405,False,,,1,0
GO:0006826,iron ion transport,,,,1.0,False,1,0
GO:0006826,iron ion transport (GO:0006826),0.1420661477839188,0.4532797034228895,False,,,1,0
GO:0006828,manganese ion transport (GO:0006828),0.2987330445310184,0.625836752824302,False,,,1,0
GO:0006829,zinc ion transport (GO:0006829),0.2323907116592335,0.5612055276276591,False,,,1,0
GO:0006833,water transport,,,,1.0,False,1,0
GO:0006833,water transport (GO:0006833),0.3474426148692111,0.6665006626835714,False,,,1,0
GO:0006835,dicarboxylic acid transport,,,,0.4075696608652498,False,1,0
GO:0006835,dicarboxylic acid transport (GO:0006835),0.0073873242604856,0.1081857950580002,False,,,1,0
GO:0006836,neurotransmitter transport,,,,0.5802053606370984,False,1,0
GO:0006836,neurotransmitter transport (GO:0006836),0.3500365434312921,0.6685239724244163,False,,,1,0
GO:0006839,mitochondrial transport (GO:0006839),0.0090954025561296,0.1149669675729443,False,,,1,0
GO:0006851,mitochondrial calcium ion transmembrane transport,,,,1.0,False,1,0
GO:0006851,mitochondrial calcium ion transmembrane transport (GO:0006851),0.33104284684196,0.653861071747995,False,,,1,0
GO:0006853,carnitine shuttle (GO:0006853),0.930046215573858,0.9781193902043828,False,,,1,0
GO:0006857,oligopeptide transport,,,,1.0,False,1,0
GO:0006858,extracellular transport (GO:0006858),0.0234248370282319,0.1847201805573468,False,,,1,0
GO:0006862,nucleotide transport,,,,1.0,False,1,0
GO:0006865,amino acid transport,,,,1.0,False,1,0
GO:0006865,amino acid transport (GO:0006865),0.3982703282418773,0.7094346336468236,False,,,1,0
GO:0006869,lipid transport,,,,1.0,False,1,0
GO:0006869,lipid transport (GO:0006869),0.0929930349891599,0.3606570365172633,False,,,1,0
GO:0006873,intracellular monoatomic ion homeostasis,,,,1.0,False,1,0
GO:0006874,cellular calcium ion homeostasis (GO:0006874),0.2969546899044224,0.6246027934312549,False,,,1,0
GO:0006874,intracellular calcium ion homeostasis,,,,1.0,False,1,0
GO:0006875,cellular metal ion homeostasis (GO:0006875),0.1394912512471948,0.4514422491302133,False,,,1,0
GO:0006878,cellular copper ion homeostasis (GO:0006878),0.1650958057148248,0.482069585124196,False,,,1,0
GO:0006879,cellular iron ion homeostasis (GO:0006879),0.0264509779892424,0.195191750025674,False,,,1,0
GO:0006879,intracellular iron ion homeostasis,,,,1.0,False,1,0
GO:0006882,cellular zinc ion homeostasis (GO:0006882),0.8531604516965281,0.950997398680322,False,,,1,0
GO:0006883,cellular sodium ion homeostasis (GO:0006883),0.6019564151634755,0.848130549659681,False,,,1,0
GO:0006884,cell volume homeostasis,,,,1.0,False,1,0
GO:0006885,regulation of pH,,,,1.0,False,1,0
GO:0006885,regulation of pH (GO:0006885),0.932697322130019,0.9788934540230112,False,,,1,0
GO:0006886,intracellular protein transport,,,,1.0,False,1,0
GO:0006886,intracellular protein transport (GO:0006886),0.971617627454249,0.9933601969966962,False,,,1,0
GO:0006887,exocytosis,,,,0.0090490449839974,True,1,1
GO:0006888,endoplasmic reticulum to Golgi vesicle-mediated transport,,,,1.0,False,1,0
GO:0006888,endoplasmic reticulum to Golgi vesicle-mediated transport (GO:0006888),0.012322635448715,0.1327833984573189,False,,,1,0
GO:0006890,"retrograde vesicle-mediated transport, Golgi to endoplasmic reticulum (GO:0006890)",0.5375156874577756,0.8131500096160965,False,,,1,0
GO:0006891,intra-Golgi vesicle-mediated transport (GO:0006891),0.0383697716169093,0.2354960254740083,False,,,1,0
GO:0006892,post-Golgi vesicle-mediated transport (GO:0006892),0.8070361295414419,0.9374838039884996,False,,,1,0
GO:0006893,Golgi to plasma membrane transport (GO:0006893),0.7079101252986423,0.8961322112834964,False,,,1,0
GO:0006895,Golgi to endosome transport (GO:0006895),0.6668557513210962,0.8816317376126855,False,,,1,0
GO:0006897,endocytosis,,,,0.0142547197191697,True,1,1
GO:0006898,receptor-mediated endocytosis,,,,1.0,False,1,0
GO:0006898,receptor-mediated endocytosis (GO:0006898),0.3338643769269236,0.6564787878091349,False,,,1,0
GO:0006901,vesicle coating (GO:0006901),0.0085885055450551,0.1119457097333135,False,,,1,0
GO:0006904,vesicle docking involved in exocytosis,,,,1.0,False,1,0
GO:0006907,pinocytosis,,,,1.0,False,1,0
GO:0006907,pinocytosis (GO:0006907),0.7540388974525122,0.919932305576513,False,,,1,0
GO:0006909,phagocytosis,,,,0.7983095570451186,False,1,0
GO:0006910,"phagocytosis, recognition",,,,1.0,False,1,0
GO:0006911,"phagocytosis, engulfment",,,,1.0,False,1,0
GO:0006911,"phagocytosis, engulfment (GO:0006911)",0.0153421728084261,0.1511873781649759,False,,,1,0
GO:0006913,nucleocytoplasmic transport,,,,1.0,False,1,0
GO:0006913,nucleocytoplasmic transport (GO:0006913),0.6156104406653186,0.85219357716918,False,,,1,0
GO:0006914,autophagy,,,,1.0,False,1,0
GO:0006915,apoptotic process,,,,0.4236480714375287,False,1,0
GO:0006915,apoptotic process (GO:0006915),0.0119100696260042,0.1316694890958851,False,,,1,0
GO:0006919,activation of cysteine-type endopeptidase activity involved in apoptotic process (GO:0006919),0.1407700571727969,0.4517675817575256,False,,,1,0
GO:0006921,cellular component disassembly involved in execution phase of apoptosis,,,,1.0,False,1,0
GO:0006929,substrate-dependent cell migration,,,,1.0,False,1,0
GO:0006929,substrate-dependent cell migration (GO:0006929),0.1565722949705248,0.4720816493030213,False,,,1,0
GO:0006935,chemotaxis,,,,1.0,False,1,0
GO:0006936,muscle contraction,,,,1.0,False,1,0
GO:0006936,muscle contraction (GO:0006936),0.0245834079888834,0.1885322680554627,False,,,1,0
GO:0006937,regulation of muscle contraction,,,,1.0,False,1,0
GO:0006937,regulation of muscle contraction (GO:0006937),0.1819041061137657,0.4977248429893344,False,,,1,0
GO:0006939,smooth muscle contraction,,,,1.0,False,1,0
GO:0006939,smooth muscle contraction (GO:0006939),0.2754398079547313,0.6067033632824018,False,,,1,0
GO:0006940,regulation of smooth muscle contraction (GO:0006940),0.3987986859058191,0.7094346336468236,False,,,1,0
GO:0006941,striated muscle contraction,,,,1.0,False,1,0
GO:0006941,striated muscle contraction (GO:0006941),0.6758975846972073,0.8842175467465048,False,,,1,0
GO:0006942,regulation of striated muscle contraction,,,,1.0,False,1,0
GO:0006942,regulation of striated muscle contraction (GO:0006942),0.0456778291387165,0.2553557550392408,False,,,1,0
GO:0006949,syncytium formation,,,,1.0,False,1,0
GO:0006950,response to stress,,,,1.4271961749163706e-06,True,1,1
GO:0006952,defense response,,,,1.0,False,1,0
GO:0006953,acute-phase response,,,,1.0,False,1,0
GO:0006953,acute-phase response (GO:0006953),0.2987090115932982,0.625836752824302,False,,,1,0
GO:0006954,inflammatory response,,,,1.0,False,1,0
GO:0006954,inflammatory response (GO:0006954),0.0011783018936717,0.0451444351787572,True,,,1,1
GO:0006955,immune response,,,,1.0,False,1,0
GO:0006968,cellular defense response (GO:0006968),0.2461322526490538,0.5773528969065314,False,,,1,0
GO:0006970,response to osmotic stress,,,,1.0,False,1,0
GO:0006971,hypotonic response,,,,1.0,False,1,0
GO:0006972,hyperosmotic response,,,,1.0,False,1,0
GO:0006974,DNA damage response,,,,1.0,False,1,0
GO:0006974,cellular response to DNA damage stimulus (GO:0006974),0.1883843252994076,0.5056924304103195,False,,,1,0
GO:0006977,"DNA damage response, signal transduction by p53 class mediator resulting in cell cycle arrest (GO:0006977)",0.0428940867972485,0.2475650123443255,False,,,1,0
GO:0006979,response to oxidative stress,,,,1.0,False,1,0
GO:0006983,ER overload response,,,,1.0,False,1,0
GO:0006984,ER-nucleus signaling pathway,,,,1.0,False,1,0
GO:0006986,response to unfolded protein,,,,1.0,False,1,0
GO:0006986,response to unfolded protein (GO:0006986),7.461393712107954e-08,2.8301066350025465e-05,True,,,1,1
GO:0006995,cellular response to nitrogen starvation (GO:0006995),0.3301305211634412,0.653861071747995,False,,,1,0
GO:0006996,organelle organization,,,,1.1942123537754284e-13,True,1,1
GO:0006996,organelle organization (GO:0006996),0.0508808639895685,0.2722247887760873,False,,,1,0
GO:0006997,nucleus organization,,,,1.0,False,1,0
GO:0006997,nucleus organization (GO:0006997),0.2257851036665215,0.5543390683083346,False,,,1,0
GO:0006998,nuclear envelope organization,,,,1.0,False,1,0
GO:0006998,nuclear envelope organization (GO:0006998),0.4271998810923118,0.7343243438553317,False,,,1,0
GO:0006999,nuclear pore organization (GO:0006999),0.6572524846203474,0.8785557237379625,False,,,1,0
GO:0007004,telomere maintenance via telomerase (GO:0007004),0.9835785607465471,0.9961851751432989,False,,,1,0
GO:0007005,mitochondrion organization,,,,1.0,False,1,0
GO:0007005,mitochondrion organization (GO:0007005),0.4155186159279866,0.7235752236067945,False,,,1,0
GO:0007006,mitochondrial membrane organization (GO:0007006),0.0041573575298678,0.0806807425085806,False,,,1,0
GO:0007007,inner mitochondrial membrane organization (GO:0007007),0.0067915987977446,0.1034465171065725,False,,,1,0
GO:0007009,plasma membrane organization,,,,1.0,False,1,0
GO:0007009,plasma membrane organization (GO:0007009),0.3079947321025771,0.6345594887914584,False,,,1,0
GO:0007010,cytoskeleton organization,,,,7.103283639056357e-11,True,1,1
GO:0007010,cytoskeleton organization (GO:0007010),6.500810701741842e-05,0.0063224551260786,True,,,1,1
GO:0007015,actin filament organization,,,,2.9237638967639e-09,True,1,1
GO:0007015,actin filament organization (GO:0007015),9.80244941490926e-05,0.007587896047092,True,,,1,1
GO:0007017,microtubule-based process,,,,0.0824218889288776,False,1,0
GO:0007018,microtubule-based movement,,,,1.0,False,1,0
GO:0007019,microtubule depolymerization,,,,1.0,False,1,0
GO:0007019,microtubule depolymerization (GO:0007019),0.4320260822820757,0.7384745065776986,False,,,1,0
GO:0007020,microtubule nucleation,,,,1.0,False,1,0
GO:0007020,microtubule nucleation (GO:0007020),0.1682885730761767,0.4852035817035725,False,,,1,0
GO:0007026,negative regulation of microtubule depolymerization,,,,1.0,False,1,0
GO:0007026,negative regulation of microtubule depolymerization (GO:0007026),0.5158721120574304,0.7980028226075994,False,,,1,0
GO:0007029,endoplasmic reticulum organization,,,,1.0,False,1,0
GO:0007029,endoplasmic reticulum organization (GO:0007029),0.2474821610718864,0.5794443437936206,False,,,1,0
GO:0007030,Golgi organization,,,,1.0,False,1,0
GO:0007030,Golgi organization (GO:0007030),0.948979878220996,0.986408950573714,False,,,1,0
GO:0007031,peroxisome organization (GO:0007031),0.134511720807069,0.4425003963757266,False,,,1,0
GO:0007032,endosome organization,,,,1.0,False,1,0
GO:0007032,endosome organization (GO:0007032),0.434336911461764,0.7398710557227633,False,,,1,0
GO:0007034,vacuolar transport,,,,1.0,False,1,0
GO:0007035,vacuolar acidification (GO:0007035),0.3235871139249497,0.6494866235890238,False,,,1,0
GO:0007040,lysosome organization (GO:0007040),0.8410069002333044,0.9476095421772875,False,,,1,0
GO:0007041,lysosomal transport,,,,1.0,False,1,0
GO:0007043,cell-cell junction assembly,,,,1.0,False,1,0
GO:0007043,cell-cell junction assembly (GO:0007043),0.0867575349417206,0.34899467449718,False,,,1,0
GO:0007044,cell-substrate junction assembly,,,,1.0,False,1,0
GO:0007044,cell-substrate junction assembly (GO:0007044),4.367678116639131e-05,0.0047333151704034,True,,,1,1
GO:0007049,cell cycle,,,,0.0012191318147998,True,1,1
GO:0007051,spindle organization,,,,1.0,False,1,0
GO:0007052,mitotic spindle organization,,,,1.0,False,1,0
GO:0007052,mitotic spindle organization (GO:0007052),0.6520019549262582,0.875170836201874,False,,,1,0
GO:0007059,chromosome segregation,,,,1.0,False,1,0
GO:0007062,sister chromatid cohesion,,,,1.0,False,1,0
GO:0007063,regulation of sister chromatid cohesion,,,,1.0,False,1,0
GO:0007063,regulation of sister chromatid cohesion (GO:0007063),0.0901436939521148,0.3554210303122367,False,,,1,0
GO:0007064,mitotic sister chromatid cohesion (GO:0007064),0.6094086726503039,0.8504895159687053,False,,,1,0
GO:0007076,mitotic chromosome condensation,,,,1.0,False,1,0
GO:0007076,mitotic chromosome condensation (GO:0007076),0.4542173317808263,0.7553030861221719,False,,,1,0
GO:0007077,mitotic nuclear membrane disassembly (GO:0007077),0.5166803365691479,0.7981431848664072,False,,,1,0
GO:0007080,mitotic metaphase plate congression (GO:0007080),0.8599529881131224,0.9528267849547202,False,,,1,0
GO:0007084,mitotic nuclear membrane reassembly (GO:0007084),0.989107338403337,0.9970589596642688,False,,,1,0
GO:0007088,regulation of mitotic nuclear division,,,,1.0,False,1,0
GO:0007088,regulation of mitotic nuclear division (GO:0007088),0.1698739005562854,0.4859213460105511,False,,,1,0
GO:0007093,mitotic cell cycle checkpoint signaling (GO:0007093),0.5696775017447573,0.8314233713582724,False,,,1,0
GO:0007094,mitotic spindle assembly checkpoint signaling (GO:0007094),0.6911464236570413,0.8876660737958753,False,,,1,0
GO:0007095,mitotic G2 DNA damage checkpoint signaling (GO:0007095),0.7229058018058154,0.9019816921501604,False,,,1,0
GO:0007096,regulation of exit from mitosis (GO:0007096),0.919560804761186,0.9747251428303044,False,,,1,0
GO:0007097,nuclear migration,,,,1.0,False,1,0
GO:0007097,nuclear migration (GO:0007097),0.9058790917290804,0.9688574613736848,False,,,1,0
GO:0007098,centrosome cycle,,,,1.0,False,1,0
GO:0007099,centriole replication,,,,1.0,False,1,0
GO:0007127,meiosis I (GO:0007127),0.6852396208457273,0.8864644890408744,False,,,1,0
GO:0007129,homologous chromosome pairing at meiosis (GO:0007129),0.3257419355909677,0.6515846663663928,False,,,1,0
GO:0007130,synaptonemal complex assembly (GO:0007130),0.1756762064198226,0.4925305407694151,False,,,1,0
GO:0007141,male meiosis I (GO:0007141),0.7424213940879096,0.9113282678884924,False,,,1,0
GO:0007143,female meiotic nuclear division,,,,1.0,False,1,0
GO:0007154,cell communication,,,,7.2140315018148874e-09,True,1,1
GO:0007155,cell adhesion,,,,0.32936151699898,False,1,0
GO:0007156,homophilic cell adhesion via plasma membrane adhesion molecules (GO:0007156),0.1565698970736984,0.4720816493030213,False,,,1,0
GO:0007156,homophilic cell-cell adhesion,,,,1.0,False,1,0
GO:0007157,heterophilic cell-cell adhesion via plasma membrane cell adhesion molecules (GO:0007157),0.2880006216782815,0.6178685469279303,False,,,1,0
GO:0007158,neuron cell-cell adhesion (GO:0007158),0.1671766361690448,0.4837739325611166,False,,,1,0
GO:0007159,leukocyte cell-cell adhesion,,,,1.0,False,1,0
GO:0007159,leukocyte cell-cell adhesion (GO:0007159),0.0419022713731927,0.2443395250490806,False,,,1,0
GO:0007160,cell-matrix adhesion,,,,1.0,False,1,0
GO:0007160,cell-matrix adhesion (GO:0007160),0.0322515526809611,0.2165135209183814,False,,,1,0
GO:0007162,negative regulation of cell adhesion,,,,1.0,False,1,0
GO:0007162,negative regulation of cell adhesion (GO:0007162),0.0228076669343876,0.1820147710932415,False,,,1,0
GO:0007163,establishment or maintenance of cell polarity,,,,1.0,False,1,0
GO:0007165,signal transduction,,,,0.1146726031197002,False,1,0
GO:0007166,cell surface receptor signaling pathway,,,,0.0031440899953195,True,1,1
GO:0007167,enzyme linked receptor protein signaling pathway (GO:0007167),0.0042026752400096,0.0809174984028257,False,,,1,0
GO:0007167,enzyme-linked receptor protein signaling pathway,,,,1.0,False,1,0
GO:0007169,cell surface receptor protein tyrosine kinase signaling pathway,,,,1.0,False,1,0
GO:0007169,transmembrane receptor protein tyrosine kinase signaling pathway (GO:0007169),0.2354525612448887,0.5641639701843735,False,,,1,0
GO:0007173,epidermal growth factor receptor signaling pathway,,,,1.0,False,1,0
GO:0007173,epidermal growth factor receptor signaling pathway (GO:0007173),0.0220837309690726,0.1805249818226135,False,,,1,0
GO:0007175,negative regulation of epidermal growth factor-activated receptor activity (GO:0007175),0.7314303695119795,0.9057510256477108,False,,,1,0
GO:0007176,regulation of epidermal growth factor-activated receptor activity (GO:0007176),0.3454403630933912,0.6637564828841098,False,,,1,0
GO:0007178,cell surface receptor protein serine/threonine kinase signaling pathway,,,,1.0,False,1,0
GO:0007178,transmembrane receptor protein serine/threonine kinase signaling pathway (GO:0007178),0.0409688664190145,0.2414095773176559,False,,,1,0
GO:0007179,transforming growth factor beta receptor signaling pathway,,,,1.0,False,1,0
GO:0007179,transforming growth factor beta receptor signaling pathway (GO:0007179),0.0048629163030826,0.087004912913172,False,,,1,0
GO:0007186,G protein-coupled receptor signaling pathway,,,,1.0,False,1,0
GO:0007187,"G protein-coupled receptor signaling pathway, coupled to cyclic nucleotide second messenger (GO:0007187)",0.6142572861164012,0.8517596686731141,False,,,1,0
GO:0007188,adenylate cyclase-modulating G protein-coupled receptor signaling pathway,,,,1.0,False,1,0
GO:0007188,adenylate cyclase-modulating G protein-coupled receptor signaling pathway (GO:0007188),0.003140818798943,0.0708306302732876,False,,,1,0
GO:0007189,adenylate cyclase-activating G protein-coupled receptor signaling pathway,,,,1.0,False,1,0
GO:0007189,adenylate cyclase-activating G protein-coupled receptor signaling pathway (GO:0007189),0.038839877266176,0.2365257197463446,False,,,1,0
GO:0007190,activation of adenylate cyclase activity (GO:0007190),0.0413523513797485,0.2428010352684,False,,,1,0
GO:0007193,adenylate cyclase-inhibiting G protein-coupled receptor signaling pathway,,,,1.0,False,1,0
GO:0007193,adenylate cyclase-inhibiting G protein-coupled receptor signaling pathway (GO:0007193),0.1760799929563213,0.4925305407694151,False,,,1,0
GO:0007194,negative regulation of adenylate cyclase activity (GO:0007194),0.4746140491085603,0.7693195258991263,False,,,1,0
GO:0007200,phospholipase C-activating G protein-coupled receptor signaling pathway,,,,1.0,False,1,0
GO:0007200,phospholipase C-activating G protein-coupled receptor signaling pathway (GO:0007200),0.4696369709772976,0.7647240359111951,False,,,1,0
GO:0007202,activation of phospholipase C activity (GO:0007202),0.0643560752744563,0.304129727869681,False,,,1,0
GO:0007204,positive regulation of cytosolic calcium ion concentration,,,,1.0,False,1,0
GO:0007204,positive regulation of cytosolic calcium ion concentration (GO:0007204),0.451562460292958,0.7547532920184608,False,,,1,0
GO:0007205,protein kinase C-activating G protein-coupled receptor signaling pathway (GO:0007205),0.2422526515271647,0.5724465894506764,False,,,1,0
GO:0007207,phospholipase C-activating G protein-coupled acetylcholine receptor signaling pathway,,,,1.0,False,1,0
GO:0007213,G protein-coupled acetylcholine receptor signaling pathway,,,,1.0,False,1,0
GO:0007213,G protein-coupled acetylcholine receptor signaling pathway (GO:0007213),0.986979308001139,0.9967019476166986,False,,,1,0
GO:0007214,gamma-aminobutyric acid signaling pathway,,,,0.0161915595094457,True,1,1
GO:0007215,glutamate receptor signaling pathway,,,,1.0,False,1,0
GO:0007215,glutamate receptor signaling pathway (GO:0007215),0.8478668070158527,0.9481010610292244,False,,,1,0
GO:0007216,G protein-coupled glutamate receptor signaling pathway,,,,1.0,False,1,0
GO:0007216,G protein-coupled glutamate receptor signaling pathway (GO:0007216),0.0216428136718584,0.1788479134147256,False,,,1,0
GO:0007218,neuropeptide signaling pathway,,,,1.0,False,1,0
GO:0007218,neuropeptide signaling pathway (GO:0007218),0.3761260182001427,0.687765729994303,False,,,1,0
GO:0007219,Notch signaling pathway,,,,1.0,False,1,0
GO:0007219,Notch signaling pathway (GO:0007219),0.1462324846602465,0.4557599131604889,False,,,1,0
GO:0007221,positive regulation of transcription of Notch receptor target (GO:0007221),0.2719025276277009,0.6027622953196199,False,,,1,0
GO:0007223,"Wnt signaling pathway, calcium modulating pathway (GO:0007223)",0.7367577774049542,0.9090833603438488,False,,,1,0
GO:0007224,smoothened signaling pathway (GO:0007224),0.0697458379327353,0.315687307015352,False,,,1,0
GO:0007229,integrin-mediated signaling pathway,,,,1.0,False,1,0
GO:0007229,integrin-mediated signaling pathway (GO:0007229),0.0461660202237549,0.2567561799247834,False,,,1,0
GO:0007249,I-kappaB kinase/NF-kappaB signaling (GO:0007249),0.0152180454025903,0.1509558713174875,False,,,1,0
GO:0007249,canonical NF-kappaB signal transduction,,,,1.0,False,1,0
GO:0007250,activation of NF-kappaB-inducing kinase activity (GO:0007250),0.3522171405379882,0.6688536034495753,False,,,1,0
GO:0007252,I-kappaB phosphorylation (GO:0007252),0.5041404059387552,0.788437059906873,False,,,1,0
GO:0007254,JNK cascade,,,,1.0,False,1,0
GO:0007254,JNK cascade (GO:0007254),0.7216420325241301,0.901577150646912,False,,,1,0
GO:0007259,cell surface receptor signaling pathway via JAK-STAT,,,,1.0,False,1,0
GO:0007259,receptor signaling pathway via JAK-STAT (GO:0007259),0.5929677610703517,0.8437726867305281,False,,,1,0
GO:0007263,nitric oxide mediated signal transduction,,,,1.0,False,1,0
GO:0007263,nitric oxide mediated signal transduction (GO:0007263),0.7757288938461709,0.9267211635774886,False,,,1,0
GO:0007264,small GTPase mediated signal transduction (GO:0007264),0.0002591641224848,0.0153595236966396,True,,,1,1
GO:0007264,small GTPase-mediated signal transduction,,,,1.0,False,1,0
GO:0007265,Ras protein signal transduction,,,,1.0,False,1,0
GO:0007265,Ras protein signal transduction (GO:0007265),0.011209460426019,0.1287458241506441,False,,,1,0
GO:0007266,Rho protein signal transduction,,,,1.0,False,1,0
GO:0007266,Rho protein signal transduction (GO:0007266),0.2595146485264903,0.5917054564946521,False,,,1,0
GO:0007267,cell-cell signaling,,,,1.0466803542258199e-16,True,1,1
GO:0007268,chemical synaptic transmission,,,,2.2896700567892656e-18,True,1,1
GO:0007268,chemical synaptic transmission (GO:0007268),0.5828699653016555,0.8365096227799976,False,,,1,0
GO:0007269,neurotransmitter secretion,,,,0.4346960004576404,False,1,0
GO:0007269,neurotransmitter secretion (GO:0007269),0.263735145380113,0.5952357909798843,False,,,1,0
GO:0007271,"synaptic transmission, cholinergic (GO:0007271)",0.4520795972638138,0.7547532920184608,False,,,1,0
GO:0007272,ensheathment of neurons,,,,1.0,False,1,0
GO:0007274,neuromuscular synaptic transmission,,,,1.0,False,1,0
GO:0007274,neuromuscular synaptic transmission (GO:0007274),0.9120747409707552,0.9723157651776488,False,,,1,0
GO:0007275,multicellular organism development,,,,3.380954013688652e-18,True,1,1
GO:0007276,gamete generation,,,,1.0,False,1,0
GO:0007281,germ cell development,,,,1.0,False,1,0
GO:0007283,spermatogenesis,,,,1.0,False,1,0
GO:0007286,spermatid development,,,,1.0,False,1,0
GO:0007286,spermatid development (GO:0007286),0.3759682020876498,0.687765729994303,False,,,1,0
GO:0007292,female gamete generation,,,,1.0,False,1,0
GO:0007292,female gamete generation (GO:0007292),0.8354276008894604,0.9474416955400868,False,,,1,0
GO:0007338,single fertilization,,,,1.0,False,1,0
GO:0007343,egg activation,,,,1.0,False,1,0
GO:0007346,regulation of mitotic cell cycle,,,,1.0,False,1,0
GO:0007346,regulation of mitotic cell cycle (GO:0007346),0.0605163888293639,0.2965909890392275,False,,,1,0
GO:0007368,determination of left/right symmetry,,,,1.0,False,1,0
GO:0007368,determination of left/right symmetry (GO:0007368),0.5509642986814935,0.8214952847147603,False,,,1,0
GO:0007369,gastrulation,,,,1.0,False,1,0
GO:0007369,gastrulation (GO:0007369),0.904734106443962,0.9688574613736848,False,,,1,0
GO:0007389,pattern specification process,,,,1.0,False,1,0
GO:0007398,ectoderm development (GO:0007398),0.4759743356373027,0.7700254919277794,False,,,1,0
GO:0007399,nervous system development,,,,1.2216506610084882e-18,True,1,1
GO:0007399,nervous system development (GO:0007399),0.2144544373580359,0.5384666196591185,False,,,1,0
GO:0007409,axonogenesis,,,,0.0290572744873473,True,1,1
GO:0007409,axonogenesis (GO:0007409),0.3232662079755894,0.6494866235890238,False,,,1,0
GO:0007411,axon guidance,,,,1.0,False,1,0
GO:0007411,axon guidance (GO:0007411),0.031037790807852,0.2117380225434941,False,,,1,0
GO:0007413,axonal fasciculation,,,,1.0,False,1,0
GO:0007413,axonal fasciculation (GO:0007413),0.2923518821524277,0.619838283400871,False,,,1,0
GO:0007416,synapse assembly,,,,0.0001348515003939,True,1,1
GO:0007416,synapse assembly (GO:0007416),0.5611882078790204,0.8285663186006712,False,,,1,0
GO:0007417,central nervous system development,,,,1.5086072036303291e-06,True,1,1
GO:0007417,central nervous system development (GO:0007417),0.2426835702532616,0.5728057137340518,False,,,1,0
GO:0007420,brain development,,,,2.451930548193106e-06,True,1,1
GO:0007420,brain development (GO:0007420),0.6179253657478649,0.8541512070997274,False,,,1,0
GO:0007422,peripheral nervous system development,,,,1.0,False,1,0
GO:0007422,peripheral nervous system development (GO:0007422),0.0149011259163274,0.1487367647385002,False,,,1,0
GO:0007423,sensory organ development,,,,1.0,False,1,0
GO:0007423,sensory organ development (GO:0007423),0.5771182867015405,0.8339084424605497,False,,,1,0
GO:0007431,salivary gland development,,,,1.0,False,1,0
GO:0007435,salivary gland morphogenesis,,,,1.0,False,1,0
GO:0007492,endoderm development,,,,1.0,False,1,0
GO:0007492,endoderm development (GO:0007492),0.0283275255016584,0.205050198907997,False,,,1,0
GO:0007498,mesoderm development,,,,1.0,False,1,0
GO:0007498,mesoderm development (GO:0007498),0.0073631488108958,0.1081857950580002,False,,,1,0
GO:0007507,heart development,,,,1.0,False,1,0
GO:0007507,heart development (GO:0007507),0.0353812291698085,0.2240883957529789,False,,,1,0
GO:0007517,muscle organ development,,,,0.0548607412712288,False,1,0
GO:0007517,muscle organ development (GO:0007517),0.9468643106862188,0.9860848086375368,False,,,1,0
GO:0007519,skeletal muscle tissue development,,,,0.0378324449724762,True,1,1
GO:0007519,skeletal muscle tissue development (GO:0007519),0.591316240626203,0.8425740066615665,False,,,1,0
GO:0007520,myoblast fusion,,,,1.0,False,1,0
GO:0007520,myoblast fusion (GO:0007520),0.7916164201203219,0.9332007274070524,False,,,1,0
GO:0007528,neuromuscular junction development,,,,1.0,False,1,0
GO:0007528,neuromuscular junction development (GO:0007528),0.0410564241155594,0.2414372351477785,False,,,1,0
GO:0007548,sex differentiation,,,,1.0,False,1,0
GO:0007549,dosage compensation (GO:0007549),0.9423442438051264,0.9830340255095832,False,,,1,0
GO:0007549,sex-chromosome dosage compensation,,,,1.0,False,1,0
GO:0007565,female pregnancy,,,,1.0,False,1,0
GO:0007566,embryo implantation,,,,1.0,False,1,0
GO:0007584,response to nutrient,,,,1.0,False,1,0
GO:0007585,respiratory gaseous exchange by respiratory system,,,,1.0,False,1,0
GO:0007586,digestion,,,,1.0,False,1,0
GO:0007588,excretion,,,,1.0,False,1,0
GO:0007589,body fluid secretion,,,,1.0,False,1,0
GO:0007589,body fluid secretion (GO:0007589),0.0544383489633858,0.2794109034074732,False,,,1,0
GO:0007595,lactation,,,,1.0,False,1,0
GO:0007595,lactation (GO:0007595),0.0797623012542895,0.3355334133611102,False,,,1,0
GO:0007596,blood coagulation,,,,1.0,False,1,0
GO:0007599,hemostasis,,,,1.0,False,1,0
GO:0007600,sensory perception,,,,1.0,False,1,0
GO:0007600,sensory perception (GO:0007600),0.6146436928423546,0.8517596686731141,False,,,1,0
GO:0007601,visual perception,,,,1.0,False,1,0
GO:0007601,visual perception (GO:0007601),0.0289613514184851,0.2068558790715089,False,,,1,0
GO:0007602,phototransduction,,,,1.0,False,1,0
GO:0007603,"phototransduction, visible light (GO:0007603)",0.9951005252758052,0.9980010091168736,False,,,1,0
GO:0007605,sensory perception of sound,,,,1.0,False,1,0
GO:0007605,sensory perception of sound (GO:0007605),0.1041308755512566,0.3859012486357332,False,,,1,0
GO:0007606,sensory perception of chemical stimulus,,,,1.0,False,1,0
GO:0007606,sensory perception of chemical stimulus (GO:0007606),0.4814607395572787,0.7715169349982081,False,,,1,0
GO:0007608,sensory perception of smell,,,,1.0,False,1,0
GO:0007608,sensory perception of smell (GO:0007608),0.6680879761812851,0.8816740036591924,False,,,1,0
GO:0007610,behavior,,,,6.158704770061865e-08,True,1,1
GO:0007611,learning or memory,,,,1.776100845315019e-05,True,1,1
GO:0007612,learning,,,,0.0001000406365972,True,1,1
GO:0007613,memory,,,,0.3777933482456481,False,1,0
GO:0007616,long-term memory,,,,1.0,False,1,0
GO:0007616,long-term memory (GO:0007616),0.2542370377943447,0.5872844606296891,False,,,1,0
GO:0007622,rhythmic behavior,,,,0.2320540281550631,False,1,0
GO:0007623,circadian rhythm,,,,1.630823126608683e-05,True,1,1
GO:0007625,grooming behavior,,,,1.0,False,1,0
GO:0007626,locomotory behavior,,,,1.0,False,1,0
GO:0007628,adult walking behavior,,,,1.0,False,1,0
GO:0007631,feeding behavior,,,,1.0,False,1,0
GO:0007632,visual behavior,,,,1.0,False,1,0
GO:0007635,chemosensory behavior,,,,1.0,False,1,0
GO:0008015,blood circulation,,,,1.0,False,1,0
GO:0008015,blood circulation (GO:0008015),0.1218475637687408,0.4190500023278498,False,,,1,0
GO:0008016,regulation of heart contraction,,,,1.0,False,1,0
GO:0008016,regulation of heart contraction (GO:0008016),0.1187630287962187,0.4116837864358805,False,,,1,0
GO:0008033,tRNA processing,,,,1.0,False,1,0
GO:0008033,tRNA processing (GO:0008033),0.7695136673522937,0.9251243330848252,False,,,1,0
GO:0008037,cell recognition,,,,1.0,False,1,0
GO:0008038,neuron recognition,,,,1.0,False,1,0
GO:0008045,motor neuron axon guidance (GO:0008045),0.2213018241543801,0.5493441223936937,False,,,1,0
GO:0008053,mitochondrial fusion,,,,1.0,False,1,0
GO:0008053,mitochondrial fusion (GO:0008053),0.1289375624650087,0.4305989522798293,False,,,1,0
GO:0008064,regulation of actin polymerization or depolymerization,,,,0.3602228657108317,False,1,0
GO:0008064,regulation of actin polymerization or depolymerization (GO:0008064),0.5544714832480471,0.8250727092820096,False,,,1,0
GO:0008088,axo-dendritic transport,,,,1.0,False,1,0
GO:0008089,anterograde axonal transport,,,,1.0,False,1,0
GO:0008089,anterograde axonal transport (GO:0008089),0.0652942912367469,0.3057546255073841,False,,,1,0
GO:0008090,retrograde axonal transport (GO:0008090),0.2766103844931964,0.6081333536992579,False,,,1,0
GO:0008104,intracellular protein localization,,,,3.018527710157725e-05,True,1,1
GO:0008150,biological_process,,,,1.0,False,1,0
GO:0008152,metabolic process,,,,1.0,False,1,0
GO:0008154,actin polymerization or depolymerization,,,,0.0258708439824747,True,1,1
GO:0008154,actin polymerization or depolymerization (GO:0008154),0.1343934857241217,0.4424952181871472,False,,,1,0
GO:0008156,negative regulation of DNA replication (GO:0008156),0.2993675238663638,0.6258468628239118,False,,,1,0
GO:0008202,steroid metabolic process,,,,1.0,False,1,0
GO:0008202,steroid metabolic process (GO:0008202),0.965190788099012,0.9923686975230194,False,,,1,0
GO:0008203,cholesterol metabolic process (GO:0008203),0.9869717731866804,0.9967019476166986,False,,,1,0
GO:0008206,bile acid metabolic process (GO:0008206),0.8700130827759899,0.9587678247851484,False,,,1,0
GO:0008207,C21-steroid hormone metabolic process,,,,1.0,False,1,0
GO:0008207,C21-steroid hormone metabolic process (GO:0008207),0.7337708436804877,0.9070143233105246,False,,,1,0
GO:0008209,androgen metabolic process (GO:0008209),0.1837820918048065,0.4993448955699364,False,,,1,0
GO:0008210,estrogen metabolic process (GO:0008210),0.6106686861666085,0.8504895159687053,False,,,1,0
GO:0008211,glucocorticoid metabolic process (GO:0008211),0.4530755076067148,0.7547532920184608,False,,,1,0
GO:0008213,protein alkylation,,,,1.0,False,1,0
GO:0008213,protein alkylation (GO:0008213),0.8846773433470045,0.9625878265390672,False,,,1,0
GO:0008217,regulation of blood pressure,,,,1.0,False,1,0
GO:0008219,cell death,,,,0.7771489005557266,False,1,0
GO:0008272,sulfate transport (GO:0008272),0.1485860076250903,0.4612002675302518,False,,,1,0
GO:0008277,regulation of G protein-coupled receptor signaling pathway,,,,1.0,False,1,0
GO:0008277,regulation of G protein-coupled receptor signaling pathway (GO:0008277),0.003118987645169,0.0708306302732876,False,,,1,0
GO:0008283,cell population proliferation,,,,0.0809642311704564,False,1,0
GO:0008284,positive regulation of cell population proliferation,,,,1.0,False,1,0
GO:0008284,positive regulation of cell population proliferation (GO:0008284),0.0138730295326582,0.1429299255481142,False,,,1,0
GO:0008285,negative regulation of cell population proliferation,,,,1.0,False,1,0
GO:0008285,negative regulation of cell population proliferation (GO:0008285),0.0012927731825451,0.0476066862271233,True,,,1,1
GO:0008286,insulin receptor signaling pathway,,,,1.0,False,1,0
GO:0008286,insulin receptor signaling pathway (GO:0008286),0.8099523807074347,0.9378832191056008,False,,,1,0
GO:0008306,associative learning,,,,0.7462803558197754,False,1,0
GO:0008333,endosome to lysosome transport,,,,1.0,False,1,0
GO:0008334,histone mRNA metabolic process (GO:0008334),0.8703137218152797,0.9587678247851484,False,,,1,0
GO:0008340,determination of adult lifespan,,,,1.0,False,1,0
GO:0008344,adult locomotory behavior,,,,1.0,False,1,0
GO:0008347,glial cell migration,,,,1.0,False,1,0
GO:0008356,asymmetric cell division,,,,1.0,False,1,0
GO:0008360,regulation of cell shape,,,,1.0,False,1,0
GO:0008361,regulation of cell size,,,,1.0,False,1,0
GO:0008361,regulation of cell size (GO:0008361),0.3803582530224371,0.6916101887411812,False,,,1,0
GO:0008366,axon ensheathment,,,,1.0,False,1,0
GO:0008380,RNA splicing,,,,1.0,False,1,0
GO:0008380,RNA splicing (GO:0008380),0.6917815507083069,0.8879619024827777,False,,,1,0
GO:0008406,gonad development,,,,1.0,False,1,0
GO:0008406,gonad development (GO:0008406),0.0211450922935965,0.176271066087059,False,,,1,0
GO:0008535,respiratory chain complex IV assembly (GO:0008535),0.1131653994454385,0.4003999491545427,False,,,1,0
GO:0008542,visual learning,,,,1.0,False,1,0
GO:0008543,fibroblast growth factor receptor signaling pathway,,,,1.0,False,1,0
GO:0008543,fibroblast growth factor receptor signaling pathway (GO:0008543),0.7613144400136617,0.9228717388852088,False,,,1,0
GO:0008544,epidermis development,,,,1.0,False,1,0
GO:0008544,epidermis development (GO:0008544),0.1645804589391265,0.4810942888437691,False,,,1,0
GO:0008584,male gonad development,,,,1.0,False,1,0
GO:0008584,male gonad development (GO:0008584),0.0644662012146647,0.304129727869681,False,,,1,0
GO:0008585,female gonad development,,,,1.0,False,1,0
GO:0008585,female gonad development (GO:0008585),0.6672287033902097,0.8816317376126855,False,,,1,0
GO:0008589,regulation of smoothened signaling pathway (GO:0008589),0.2779269756422617,0.6084782743674617,False,,,1,0
GO:0008593,regulation of Notch signaling pathway,,,,1.0,False,1,0
GO:0008593,regulation of Notch signaling pathway (GO:0008593),9.138695549164e-05,0.0073751217485061,True,,,1,1
GO:0008608,attachment of spindle microtubules to kinetochore,,,,1.0,False,1,0
GO:0008610,lipid biosynthetic process,,,,1.0,False,1,0
GO:0008610,lipid biosynthetic process (GO:0008610),0.7248393291743223,0.9023257152186952,False,,,1,0
GO:0008611,ether lipid biosynthetic process (GO:0008611),0.6440099811697417,0.8696083512199467,False,,,1,0
GO:0008625,extrinsic apoptotic signaling pathway via death domain receptors,,,,1.0,False,1,0
GO:0008625,extrinsic apoptotic signaling pathway via death domain receptors (GO:0008625),0.1763930372551275,0.4930425868155481,False,,,1,0
GO:0008630,intrinsic apoptotic signaling pathway in response to DNA damage,,,,1.0,False,1,0
GO:0008630,intrinsic apoptotic signaling pathway in response to DNA damage (GO:0008630),0.0070925302228528,0.1063318859102009,False,,,1,0
GO:0008631,intrinsic apoptotic signaling pathway in response to oxidative stress,,,,1.0,False,1,0
GO:0008631,intrinsic apoptotic signaling pathway in response to oxidative stress (GO:0008631),0.9946660304418437,0.9980010091168736,False,,,1,0
GO:0008637,apoptotic mitochondrial changes,,,,1.0,False,1,0
GO:0008637,apoptotic mitochondrial changes (GO:0008637),0.0886056484721131,0.3526645186520137,False,,,1,0
GO:0008643,carbohydrate transport,,,,1.0,False,1,0
GO:0008643,carbohydrate transport (GO:0008643),0.7741779196718149,0.9260907468278736,False,,,1,0
GO:0008645,hexose transmembrane transport,,,,1.0,False,1,0
GO:0008645,hexose transmembrane transport (GO:0008645),0.6159045816128794,0.8522897037787858,False,,,1,0
GO:0008652,amino acid biosynthetic process,,,,1.0,False,1,0
GO:0008654,phospholipid biosynthetic process,,,,1.0,False,1,0
GO:0008654,phospholipid biosynthetic process (GO:0008654),0.0398338147134928,0.2383117653127418,False,,,1,0
GO:0008655,pyrimidine-containing compound salvage (GO:0008655),0.6785102422313997,0.8853076535203643,False,,,1,0
GO:0009048,dosage compensation by inactivation of X chromosome,,,,1.0,False,1,0
GO:0009048,dosage compensation by inactivation of X chromosome (GO:0009048),0.9807435030944424,0.9955985449682774,False,,,1,0
GO:0009056,catabolic process,,,,1.0,False,1,0
GO:0009057,macromolecule catabolic process,,,,1.0,False,1,0
GO:0009057,macromolecule catabolic process (GO:0009057),0.8466475675434817,0.9481010610292244,False,,,1,0
GO:0009058,biosynthetic process,,,,1.0,False,1,0
GO:0009059,macromolecule biosynthetic process,,,,1.0,False,1,0
GO:0009060,aerobic respiration,,,,1.0,False,1,0
GO:0009060,aerobic respiration (GO:0009060),0.1523500300162833,0.4658147940071011,False,,,1,0
GO:0009062,fatty acid catabolic process,,,,1.0,False,1,0
GO:0009062,fatty acid catabolic process (GO:0009062),0.0008025727741751,0.0345065428948188,True,,,1,1
GO:0009063,amino acid catabolic process,,,,1.0,False,1,0
GO:0009063,cellular amino acid catabolic process (GO:0009063),0.5787193550275164,0.8354181721658129,False,,,1,0
GO:0009064,glutamine family amino acid metabolic process (GO:0009064),0.253351230348649,0.5865603662433919,False,,,1,0
GO:0009065,glutamine family amino acid catabolic process (GO:0009065),2.1705602961415236e-05,0.0028389431735395,True,,,1,1
GO:0009066,aspartate family amino acid metabolic process (GO:0009066),0.11374798494688,0.4017189077313929,False,,,1,0
GO:0009068,aspartate family amino acid catabolic process (GO:0009068),0.6751059513247031,0.8839064112442523,False,,,1,0
GO:0009069,serine family amino acid metabolic process (GO:0009069),0.94547153238038,0.9853043415134726,False,,,1,0
GO:0009070,serine family amino acid biosynthetic process (GO:0009070),0.3801037400678757,0.6914788902050133,False,,,1,0
GO:0009071,serine family amino acid catabolic process (GO:0009071),0.3523700292229791,0.6688536034495753,False,,,1,0
GO:0009072,aromatic amino acid family metabolic process (GO:0009072),0.6208174906044794,0.8559496090761944,False,,,1,0
GO:0009074,aromatic amino acid family catabolic process (GO:0009074),0.4972138680773948,0.7830870378813354,False,,,1,0
GO:0009081,branched-chain amino acid metabolic process (GO:0009081),0.0007804496173977,0.0344214581254616,True,,,1,1
GO:0009083,branched-chain amino acid catabolic process (GO:0009083),0.0007804496173977,0.0344214581254616,True,,,1,1
GO:0009084,glutamine family amino acid biosynthetic process (GO:0009084),0.0262507834122888,0.1940920496740964,False,,,1,0
GO:0009100,glycoprotein metabolic process,,,,1.0,False,1,0
GO:0009100,glycoprotein metabolic process (GO:0009100),0.0715830904107316,0.3213191265418996,False,,,1,0
GO:0009101,glycoprotein biosynthetic process,,,,1.0,False,1,0
GO:0009101,glycoprotein biosynthetic process (GO:0009101),0.8697060412258383,0.9587678247851484,False,,,1,0
GO:0009117,nucleotide metabolic process,,,,1.0,False,1,0
GO:0009117,nucleotide metabolic process (GO:0009117),0.0371948723717917,0.2304341001174279,False,,,1,0
GO:0009127,purine nucleoside monophosphate biosynthetic process (GO:0009127),0.1238912960668943,0.421452633167471,False,,,1,0
GO:0009132,nucleoside diphosphate metabolic process,,,,1.0,False,1,0
GO:0009132,nucleoside diphosphate metabolic process (GO:0009132),0.0304507192953865,0.2107950976159226,False,,,1,0
GO:0009134,nucleoside diphosphate catabolic process,,,,1.0,False,1,0
GO:0009135,purine nucleoside diphosphate metabolic process,,,,1.0,False,1,0
GO:0009137,purine nucleoside diphosphate catabolic process,,,,1.0,False,1,0
GO:0009141,nucleoside triphosphate metabolic process,,,,1.0,False,1,0
GO:0009141,nucleoside triphosphate metabolic process (GO:0009141),0.0176321644000316,0.1584805676998108,False,,,1,0
GO:0009142,nucleoside triphosphate biosynthetic process,,,,1.0,False,1,0
GO:0009144,purine nucleoside triphosphate metabolic process,,,,1.0,False,1,0
GO:0009145,purine nucleoside triphosphate biosynthetic process,,,,1.0,False,1,0
GO:0009150,purine ribonucleotide metabolic process,,,,1.0,False,1,0
GO:0009150,purine ribonucleotide metabolic process (GO:0009150),0.9065318034313754,0.9688574613736848,False,,,1,0
GO:0009152,purine ribonucleotide biosynthetic process,,,,1.0,False,1,0
GO:0009152,purine ribonucleotide biosynthetic process (GO:0009152),0.4660159491804674,0.7631006590271617,False,,,1,0
GO:0009154,purine ribonucleotide catabolic process,,,,1.0,False,1,0
GO:0009154,purine ribonucleotide catabolic process (GO:0009154),0.8600378960710613,0.9528267849547202,False,,,1,0
GO:0009156,ribonucleoside monophosphate biosynthetic process (GO:0009156),0.0478201625852528,0.2620324379345546,False,,,1,0
GO:0009164,nucleoside catabolic process (GO:0009164),0.5754211485148117,0.8324074814327539,False,,,1,0
GO:0009165,nucleotide biosynthetic process,,,,1.0,False,1,0
GO:0009165,nucleotide biosynthetic process (GO:0009165),0.0004636096327417,0.0237691460920808,True,,,1,1
GO:0009166,nucleotide catabolic process,,,,1.0,False,1,0
GO:0009166,nucleotide catabolic process (GO:0009166),0.4506229924262327,0.7537030433725748,False,,,1,0
GO:0009167,purine ribonucleoside monophosphate metabolic process (GO:0009167),0.350820233384098,0.6688536034495753,False,,,1,0
GO:0009168,purine ribonucleoside monophosphate biosynthetic process (GO:0009168),0.2883291277984342,0.6178685469279303,False,,,1,0
GO:0009179,purine ribonucleoside diphosphate metabolic process,,,,1.0,False,1,0
GO:0009181,purine ribonucleoside diphosphate catabolic process,,,,1.0,False,1,0
GO:0009185,ribonucleoside diphosphate metabolic process,,,,1.0,False,1,0
GO:0009187,cyclic nucleotide metabolic process,,,,1.0,False,1,0
GO:0009190,cyclic nucleotide biosynthetic process,,,,1.0,False,1,0
GO:0009191,ribonucleoside diphosphate catabolic process,,,,1.0,False,1,0
GO:0009201,ribonucleoside triphosphate biosynthetic process,,,,1.0,False,1,0
GO:0009205,purine ribonucleoside triphosphate metabolic process,,,,1.0,False,1,0
GO:0009205,purine ribonucleoside triphosphate metabolic process (GO:0009205),0.9185303562733852,0.9747251428303044,False,,,1,0
GO:0009206,purine ribonucleoside triphosphate biosynthetic process,,,,1.0,False,1,0
GO:0009223,pyrimidine deoxyribonucleotide catabolic process (GO:0009223),0.6573533203185704,0.8785557237379625,False,,,1,0
GO:0009225,nucleotide-sugar metabolic process (GO:0009225),0.1985195689549083,0.5168912916179783,False,,,1,0
GO:0009226,nucleotide-sugar biosynthetic process (GO:0009226),0.801131751772699,0.9362325644172682,False,,,1,0
GO:0009235,cobalamin metabolic process (GO:0009235),0.5970657197523049,0.8453416480106356,False,,,1,0
GO:0009247,glycolipid biosynthetic process (GO:0009247),0.4203104071330921,0.7292943157620395,False,,,1,0
GO:0009250,glucan biosynthetic process,,,,1.0,False,1,0
GO:0009250,glucan biosynthetic process (GO:0009250),0.2229591792108609,0.550575629392445,False,,,1,0
GO:0009251,glucan catabolic process,,,,1.0,False,1,0
GO:0009251,glucan catabolic process (GO:0009251),0.62627364426061,0.8589177138042156,False,,,1,0
GO:0009259,ribonucleotide metabolic process,,,,1.0,False,1,0
GO:0009260,ribonucleotide biosynthetic process,,,,1.0,False,1,0
GO:0009261,ribonucleotide catabolic process,,,,1.0,False,1,0
GO:0009266,response to temperature stimulus,,,,0.705182625892501,False,1,0
GO:0009267,cellular response to starvation,,,,1.0,False,1,0
GO:0009267,cellular response to starvation (GO:0009267),0.814805700228117,0.938838950329624,False,,,1,0
GO:0009299,mRNA transcription (GO:0009299),0.0054991982893148,0.0926484447322903,False,,,1,0
GO:0009301,snRNA transcription (GO:0009301),0.0378120752892397,0.2328266259287113,False,,,1,0
GO:0009303,rRNA transcription (GO:0009303),0.2082479039335013,0.5307826745799399,False,,,1,0
GO:0009306,protein secretion,,,,1.0,False,1,0
GO:0009306,protein secretion (GO:0009306),0.5243734213986877,0.8038365585126551,False,,,1,0
GO:0009308,amine metabolic process,,,,1.0,False,1,0
GO:0009310,amine catabolic process,,,,1.0,False,1,0
GO:0009311,oligosaccharide metabolic process (GO:0009311),0.7359665452016517,0.9089941732171491,False,,,1,0
GO:0009312,oligosaccharide biosynthetic process (GO:0009312),0.2403593390831627,0.5701447931480284,False,,,1,0
GO:0009314,response to radiation,,,,1.0,False,1,0
GO:0009395,phospholipid catabolic process (GO:0009395),0.182966982699707,0.4984744817618488,False,,,1,0
GO:0009408,response to heat,,,,1.0,False,1,0
GO:0009409,response to cold,,,,1.0,False,1,0
GO:0009410,response to xenobiotic stimulus,,,,1.0,False,1,0
GO:0009411,response to UV,,,,1.0,False,1,0
GO:0009411,response to UV (GO:0009411),0.9862693788176022,0.9967019476166986,False,,,1,0
GO:0009415,response to water,,,,1.0,False,1,0
GO:0009416,response to light stimulus,,,,1.0,False,1,0
GO:0009416,response to light stimulus (GO:0009416),0.8405539601703844,0.9476095421772875,False,,,1,0
GO:0009435,NAD biosynthetic process (GO:0009435),0.2303971256061026,0.558757223416846,False,,,1,0
GO:0009437,carnitine metabolic process (GO:0009437),0.8964785565259752,0.9655355225163764,False,,,1,0
GO:0009451,RNA modification,,,,1.0,False,1,0
GO:0009451,RNA modification (GO:0009451),0.0345788155376793,0.220803783391276,False,,,1,0
GO:0009452,7-methylguanosine RNA capping (GO:0009452),0.1929479740741622,0.5116886420510096,False,,,1,0
GO:0009566,fertilization,,,,1.0,False,1,0
GO:0009581,detection of external stimulus,,,,1.0,False,1,0
GO:0009582,detection of abiotic stimulus,,,,1.0,False,1,0
GO:0009583,detection of light stimulus,,,,1.0,False,1,0
GO:0009584,detection of visible light (GO:0009584),0.5208248541231235,0.8027178674071547,False,,,1,0
GO:0009593,detection of chemical stimulus,,,,1.0,False,1,0
GO:0009595,detection of biotic stimulus,,,,1.0,False,1,0
GO:0009605,response to external stimulus,,,,1.0,False,1,0
GO:0009607,response to biotic stimulus,,,,1.0,False,1,0
GO:0009611,response to wounding,,,,1.0,False,1,0
GO:0009612,response to mechanical stimulus,,,,1.0,False,1,0
GO:0009615,response to virus,,,,1.0,False,1,0
GO:0009617,response to bacterium,,,,1.0,False,1,0
GO:0009628,response to abiotic stimulus,,,,0.0015671103955772,True,1,1
GO:0009642,response to light intensity,,,,1.0,False,1,0
GO:0009648,photoperiodism,,,,1.0,False,1,0
GO:0009648,photoperiodism (GO:0009648),0.0717900076935587,0.3214870120208597,False,,,1,0
GO:0009649,entrainment of circadian clock,,,,1.0,False,1,0
GO:0009650,UV protection (GO:0009650),0.0927260269878755,0.3605806737963755,False,,,1,0
GO:0009653,anatomical structure morphogenesis,,,,1.5126035303970295e-09,True,1,1
GO:0009719,response to endogenous stimulus,,,,0.0001195565828823,True,1,1
GO:0009725,response to hormone,,,,0.0263836115673602,True,1,1
GO:0009743,response to carbohydrate,,,,1.0,False,1,0
GO:0009746,response to hexose,,,,1.0,False,1,0
GO:0009746,response to hexose (GO:0009746),0.1869573845333372,0.5040009662650662,False,,,1,0
GO:0009749,response to glucose,,,,1.0,False,1,0
GO:0009749,response to glucose (GO:0009749),0.8128711260098765,0.9382897690065312,False,,,1,0
GO:0009750,response to fructose,,,,1.0,False,1,0
GO:0009755,hormone-mediated signaling pathway,,,,1.0,False,1,0
GO:0009790,embryo development,,,,1.0,False,1,0
GO:0009791,post-embryonic development,,,,0.2548338554586338,False,1,0
GO:0009792,embryo development ending in birth or egg hatching,,,,1.0,False,1,0
GO:0009792,embryo development ending in birth or egg hatching (GO:0009792),0.1792833251483165,0.4944603003905322,False,,,1,0
GO:0009799,specification of symmetry,,,,1.0,False,1,0
GO:0009855,determination of bilateral symmetry,,,,1.0,False,1,0
GO:0009855,determination of bilateral symmetry (GO:0009855),0.4315799232930376,0.7383773789131672,False,,,1,0
GO:0009887,animal organ morphogenesis,,,,1.0,False,1,0
GO:0009888,tissue development,,,,1.0,False,1,0
GO:0009889,regulation of biosynthetic process,,,,0.0015194176923151,True,1,1
GO:0009889,regulation of biosynthetic process (GO:0009889),0.4455502496265366,0.7491011067524174,False,,,1,0
GO:0009890,negative regulation of biosynthetic process,,,,0.161585487854547,False,1,0
GO:0009890,negative regulation of biosynthetic process (GO:0009890),0.5811748860850436,0.8362656839607627,False,,,1,0
GO:0009891,positive regulation of biosynthetic process,,,,4.041636804276423e-08,True,1,1
GO:0009891,positive regulation of biosynthetic process (GO:0009891),0.0950503337225207,0.3649047730865598,False,,,1,0
GO:0009892,negative regulation of metabolic process,,,,0.0239666800589645,True,1,1
GO:0009892,negative regulation of metabolic process (GO:0009892),0.8956554443595582,0.9655355225163764,False,,,1,0
GO:0009893,positive regulation of metabolic process,,,,3.8908564445376655e-08,True,1,1
GO:0009893,positive regulation of metabolic process (GO:0009893),0.1717694700155012,0.4880311608755027,False,,,1,0
GO:0009894,regulation of catabolic process,,,,0.2605641053290338,False,1,0
GO:0009894,regulation of catabolic process (GO:0009894),0.6494875366525986,0.8737770653125527,False,,,1,0
GO:0009895,negative regulation of catabolic process,,,,1.0,False,1,0
GO:0009895,negative regulation of catabolic process (GO:0009895),0.0239351420783417,0.1870540740778518,False,,,1,0
GO:0009896,positive regulation of catabolic process,,,,1.0,False,1,0
GO:0009896,positive regulation of catabolic process (GO:0009896),0.2956955341962493,0.6246027934312549,False,,,1,0
GO:0009913,epidermal cell differentiation,,,,1.0,False,1,0
GO:0009913,epidermal cell differentiation (GO:0009913),0.8441303563236962,0.9476095421772875,False,,,1,0
GO:0009914,hormone transport,,,,1.0,False,1,0
GO:0009948,anterior/posterior axis specification (GO:0009948),0.7446427566492526,0.912578344417,False,,,1,0
GO:0009952,anterior/posterior pattern specification,,,,1.0,False,1,0
GO:0009952,anterior/posterior pattern specification (GO:0009952),0.2166613489154917,0.5420821216599341,False,,,1,0
GO:0009953,dorsal/ventral pattern formation (GO:0009953),0.9974201309106526,0.999528284423806,False,,,1,0
GO:0009966,regulation of signal transduction,,,,9.1356225321354e-07,True,1,1
GO:0009966,regulation of signal transduction (GO:0009966),0.0076370190851546,0.1093102392075158,False,,,1,0
GO:0009967,positive regulation of signal transduction,,,,0.0074310571393479,True,1,1
GO:0009967,positive regulation of signal transduction (GO:0009967),0.000718933360441,0.0328543883873839,True,,,1,1
GO:0009968,negative regulation of signal transduction,,,,0.2803409041219535,False,1,0
GO:0009968,negative regulation of signal transduction (GO:0009968),8.355544164663872e-05,0.0070942059161832,True,,,1,1
GO:0009987,cellular process,,,,1.0400731540002582e-06,True,1,1
GO:0009988,cell-cell recognition,,,,1.0,False,1,0
GO:0009994,oocyte differentiation,,,,1.0,False,1,0
GO:0010001,glial cell differentiation,,,,1.0,False,1,0
GO:0010001,glial cell differentiation (GO:0010001),0.3104737566126156,0.6365551128819736,False,,,1,0
GO:0010038,response to metal ion,,,,0.6006909978197126,False,1,0
GO:0010038,response to metal ion (GO:0010038),0.8408334416958347,0.9476095421772875,False,,,1,0
GO:0010039,response to iron ion,,,,1.0,False,1,0
GO:0010039,response to iron ion (GO:0010039),0.1103261812911034,0.3977825148642161,False,,,1,0
GO:0010042,response to manganese ion,,,,1.0,False,1,0
GO:0010043,response to zinc ion,,,,1.0,False,1,0
GO:0010043,response to zinc ion (GO:0010043),0.5174832657243167,0.7985411012580689,False,,,1,0
GO:0010045,response to nickel cation,,,,0.1555035856925293,False,1,0
GO:0010165,response to X-ray,,,,1.0,False,1,0
GO:0010165,response to X-ray (GO:0010165),0.152584676695813,0.4658147940071011,False,,,1,0
GO:0010212,response to ionizing radiation,,,,1.0,False,1,0
GO:0010212,response to ionizing radiation (GO:0010212),0.9858823688651918,0.9967019476166986,False,,,1,0
GO:0010224,response to UV-B (GO:0010224),0.4556811568968865,0.756540657312121,False,,,1,0
GO:0010226,response to lithium ion,,,,1.0,False,1,0
GO:0010232,vascular transport,,,,1.0,False,1,0
GO:0010232,vascular transport (GO:0010232),0.0958361944152783,0.367178470118334,False,,,1,0
GO:0010243,response to organonitrogen compound (GO:0010243),0.5080491925373077,0.7913883315375804,False,,,1,0
GO:0010256,endomembrane system organization,,,,1.0,False,1,0
GO:0010256,endomembrane system organization (GO:0010256),0.5187844036725494,0.8002233603619275,False,,,1,0
GO:0010257,NADH dehydrogenase complex assembly,,,,1.0,False,1,0
GO:0010257,NADH dehydrogenase complex assembly (GO:0010257),0.0220495209609118,0.1805249818226135,False,,,1,0
GO:0010324,membrane invagination,,,,1.0,False,1,0
GO:0010332,response to gamma radiation,,,,1.0,False,1,0
GO:0010332,response to gamma radiation (GO:0010332),0.4252791234538517,0.7328867402364652,False,,,1,0
GO:0010389,regulation of G2/M transition of mitotic cell cycle (GO:0010389),0.0018987186820657,0.0571574600085362,False,,,1,0
GO:0010390,histone monoubiquitination (GO:0010390),0.4964733935317342,0.7826781303681911,False,,,1,0
GO:0010421,hydrogen peroxide-mediated programmed cell death,,,,1.0,False,1,0
GO:0010447,response to acidic pH (GO:0010447),0.0648558965261522,0.3048307503391517,False,,,1,0
GO:0010453,regulation of cell fate commitment,,,,1.0,False,1,0
GO:0010458,exit from mitosis,,,,1.0,False,1,0
GO:0010458,exit from mitosis (GO:0010458),0.702896500654944,0.8942645663663249,False,,,1,0
GO:0010459,negative regulation of heart rate,,,,1.0,False,1,0
GO:0010460,positive regulation of heart rate,,,,1.0,False,1,0
GO:0010460,positive regulation of heart rate (GO:0010460),0.1483803493035618,0.4609391194991073,False,,,1,0
GO:0010463,mesenchymal cell proliferation,,,,1.0,False,1,0
GO:0010464,regulation of mesenchymal cell proliferation,,,,1.0,False,1,0
GO:0010464,regulation of mesenchymal cell proliferation (GO:0010464),0.4175050507095807,0.7260418310453912,False,,,1,0
GO:0010466,negative regulation of peptidase activity (GO:0010466),0.3835231368428903,0.693835978650215,False,,,1,0
GO:0010467,gene expression,,,,1.0,False,1,0
GO:0010467,gene expression (GO:0010467),0.2502824160702047,0.5824056467204212,False,,,1,0
GO:0010468,regulation of gene expression,,,,0.0039297214991543,True,1,1
GO:0010469,regulation of signaling receptor activity,,,,1.0,False,1,0
GO:0010470,regulation of gastrulation (GO:0010470),0.0116544097175361,0.1303987494354417,False,,,1,0
GO:0010496,intercellular transport,,,,1.0,False,1,0
GO:0010498,proteasomal protein catabolic process,,,,0.069343913901527,False,1,0
GO:0010498,proteasomal protein catabolic process (GO:0010498),0.0193802066884208,0.1674467516382237,False,,,1,0
GO:0010499,proteasomal ubiquitin-independent protein catabolic process,,,,1.0,False,1,0
GO:0010499,proteasomal ubiquitin-independent protein catabolic process (GO:0010499),0.0120109789684092,0.1316694890958851,False,,,1,0
GO:0010506,regulation of autophagy,,,,1.0,False,1,0
GO:0010506,regulation of autophagy (GO:0010506),0.7939784970702976,0.9335277245466952,False,,,1,0
GO:0010507,negative regulation of autophagy,,,,1.0,False,1,0
GO:0010507,negative regulation of autophagy (GO:0010507),0.0343995855213831,0.220803783391276,False,,,1,0
GO:0010508,positive regulation of autophagy,,,,1.0,False,1,0
GO:0010508,positive regulation of autophagy (GO:0010508),0.836101541614303,0.9474416955400868,False,,,1,0
GO:0010517,regulation of phospholipase activity (GO:0010517),0.3381324519286749,0.6588985493668363,False,,,1,0
GO:0010518,positive regulation of phospholipase activity (GO:0010518),0.2326096295058577,0.5612055276276591,False,,,1,0
GO:0010524,positive regulation of calcium ion transport into cytosol (GO:0010524),0.818887368287408,0.9407427635357396,False,,,1,0
GO:0010528,regulation of transposition (GO:0010528),0.1782234349999225,0.4944603003905322,False,,,1,0
GO:0010529,negative regulation of transposition (GO:0010529),0.7053938480716195,0.8948357410487133,False,,,1,0
GO:0010543,regulation of platelet activation (GO:0010543),0.013299409363309,0.138728262860674,False,,,1,0
GO:0010544,negative regulation of platelet activation (GO:0010544),0.1367641065221593,0.4482942403173168,False,,,1,0
GO:0010556,regulation of macromolecule biosynthetic process,,,,0.0008406656261189,True,1,1
GO:0010557,positive regulation of macromolecule biosynthetic process,,,,2.9281640401671214e-08,True,1,1
GO:0010557,positive regulation of macromolecule biosynthetic process (GO:0010557),0.4005358619348336,0.7098464432712569,False,,,1,0
GO:0010558,negative regulation of macromolecule biosynthetic process,,,,0.1859329200765923,False,1,0
GO:0010558,negative regulation of macromolecule biosynthetic process (GO:0010558),0.2821630408014945,0.6126059557207503,False,,,1,0
GO:0010559,regulation of glycoprotein biosynthetic process,,,,1.0,False,1,0
GO:0010560,positive regulation of glycoprotein biosynthetic process,,,,1.0,False,1,0
GO:0010560,positive regulation of glycoprotein biosynthetic process (GO:0010560),0.4177665417066172,0.7260418310453912,False,,,1,0
GO:0010562,positive regulation of phosphorus metabolic process,,,,1.0,False,1,0
GO:0010563,negative regulation of phosphorus metabolic process,,,,1.0,False,1,0
GO:0010564,regulation of cell cycle process,,,,0.4480972064928274,False,1,0
GO:0010564,regulation of cell cycle process (GO:0010564),0.1438015065026433,0.4541541333593056,False,,,1,0
GO:0010565,regulation of cellular ketone metabolic process (GO:0010565),0.0002220249565716,0.0135753075614994,True,,,1,1
GO:0010565,regulation of ketone metabolic process,,,,1.0,False,1,0
GO:0010566,regulation of ketone biosynthetic process,,,,1.0,False,1,0
GO:0010569,regulation of double-strand break repair via homologous recombination,,,,1.0,False,1,0
GO:0010569,regulation of double-strand break repair via homologous recombination (GO:0010569),0.5640752183590225,0.8292780245099893,False,,,1,0
GO:0010574,regulation of vascular endothelial growth factor production (GO:0010574),0.635195292627772,0.8650972154172851,False,,,1,0
GO:0010575,positive regulation of vascular endothelial growth factor production (GO:0010575),0.3374949084329101,0.6588985493668363,False,,,1,0
GO:0010586,miRNA metabolic process,,,,1.0,False,1,0
GO:0010586,miRNA metabolic process (GO:0010586),0.6044333529480751,0.8494315330611518,False,,,1,0
GO:0010591,regulation of lamellipodium assembly,,,,1.0,False,1,0
GO:0010591,regulation of lamellipodium assembly (GO:0010591),0.834622520811283,0.9474416955400868,False,,,1,0
GO:0010592,positive regulation of lamellipodium assembly,,,,1.0,False,1,0
GO:0010592,positive regulation of lamellipodium assembly (GO:0010592),0.3450245827494816,0.6632935845761704,False,,,1,0
GO:0010594,regulation of endothelial cell migration,,,,1.0,False,1,0
GO:0010594,regulation of endothelial cell migration (GO:0010594),0.092669189459884,0.3605806737963755,False,,,1,0
GO:0010595,positive regulation of endothelial cell migration,,,,1.0,False,1,0
GO:0010595,positive regulation of endothelial cell migration (GO:0010595),0.4958918600538905,0.782411740925294,False,,,1,0
GO:0010596,negative regulation of endothelial cell migration,,,,1.0,False,1,0
GO:0010596,negative regulation of endothelial cell migration (GO:0010596),0.0651740057686523,0.3057546255073841,False,,,1,0
GO:0010604,positive regulation of macromolecule metabolic process,,,,3.557929019636792e-08,True,1,1
GO:0010604,positive regulation of macromolecule metabolic process (GO:0010604),0.0334399772759951,0.2194426190447227,False,,,1,0
GO:0010605,negative regulation of macromolecule metabolic process,,,,0.1042492983937478,False,1,0
GO:0010605,negative regulation of macromolecule metabolic process (GO:0010605),0.0026733268819578,0.0634272164552891,False,,,1,0
GO:0010608,post-transcriptional regulation of gene expression,,,,1.0,False,1,0
GO:0010608,posttranscriptional regulation of gene expression (GO:0010608),0.557014237323965,0.8252202383626392,False,,,1,0
GO:0010611,regulation of cardiac muscle hypertrophy,,,,1.0,False,1,0
GO:0010611,regulation of cardiac muscle hypertrophy (GO:0010611),0.8034148300406726,0.9366853555931376,False,,,1,0
GO:0010612,regulation of cardiac muscle adaptation,,,,1.0,False,1,0
GO:0010613,positive regulation of cardiac muscle hypertrophy,,,,1.0,False,1,0
GO:0010613,positive regulation of cardiac muscle hypertrophy (GO:0010613),0.5478966450507987,0.8197989761865808,False,,,1,0
GO:0010614,negative regulation of cardiac muscle hypertrophy,,,,1.0,False,1,0
GO:0010614,negative regulation of cardiac muscle hypertrophy (GO:0010614),0.9489301871433125,0.986408950573714,False,,,1,0
GO:0010616,negative regulation of cardiac muscle adaptation,,,,1.0,False,1,0
GO:0010624,regulation of Schwann cell proliferation,,,,1.0,False,1,0
GO:0010625,positive regulation of Schwann cell proliferation,,,,1.0,False,1,0
GO:0010626,negative regulation of Schwann cell proliferation,,,,1.0,False,1,0
GO:0010628,positive regulation of gene expression,,,,1.0,False,1,0
GO:0010628,positive regulation of gene expression (GO:0010628),0.1112517914190408,0.3986967859773898,False,,,1,0
GO:0010629,negative regulation of gene expression,,,,1.0,False,1,0
GO:0010629,negative regulation of gene expression (GO:0010629),0.0265649294832919,0.1956519952041289,False,,,1,0
GO:0010631,epithelial cell migration,,,,1.0,False,1,0
GO:0010631,epithelial cell migration (GO:0010631),0.0497848182957958,0.2697625939942195,False,,,1,0
GO:0010632,regulation of epithelial cell migration,,,,1.0,False,1,0
GO:0010632,regulation of epithelial cell migration (GO:0010632),0.3575501655199994,0.674384772659054,False,,,1,0
GO:0010633,negative regulation of epithelial cell migration,,,,1.0,False,1,0
GO:0010633,negative regulation of epithelial cell migration (GO:0010633),0.610663844788214,0.8504895159687053,False,,,1,0
GO:0010634,positive regulation of epithelial cell migration,,,,1.0,False,1,0
GO:0010634,positive regulation of epithelial cell migration (GO:0010634),0.3360091284281402,0.6582910160290273,False,,,1,0
GO:0010635,regulation of mitochondrial fusion,,,,1.0,False,1,0
GO:0010635,regulation of mitochondrial fusion (GO:0010635),0.3885399806251086,0.6995508709988624,False,,,1,0
GO:0010637,negative regulation of mitochondrial fusion,,,,1.0,False,1,0
GO:0010638,positive regulation of organelle organization,,,,1.0,False,1,0
GO:0010638,positive regulation of organelle organization (GO:0010638),0.52996757085261,0.8079449341816518,False,,,1,0
GO:0010639,negative regulation of organelle organization,,,,0.1034973797730499,False,1,0
GO:0010640,regulation of platelet-derived growth factor receptor signaling pathway (GO:0010640),0.5007628261179137,0.7851977674515281,False,,,1,0
GO:0010642,negative regulation of platelet-derived growth factor receptor signaling pathway (GO:0010642),0.4677290179305965,0.7636003501811702,False,,,1,0
GO:0010643,cell communication by chemical coupling,,,,1.0,False,1,0
GO:0010644,cell communication by electrical coupling,,,,1.0,False,1,0
GO:0010646,regulation of cell communication,,,,5.544528223407191e-13,True,1,1
GO:0010646,regulation of cell communication (GO:0010646),0.3409856512927335,0.6602136678679622,False,,,1,0
GO:0010647,positive regulation of cell communication,,,,8.38895507157841e-05,True,1,1
GO:0010647,positive regulation of cell communication (GO:0010647),0.039410560210833,0.2365257197463446,False,,,1,0
GO:0010648,negative regulation of cell communication,,,,0.008477064863872,True,1,1
GO:0010648,negative regulation of cell communication (GO:0010648),0.0192497486480266,0.1667902436362419,False,,,1,0
GO:0010649,regulation of cell communication by electrical coupling (GO:0010649),0.1745829557272796,0.4923369152963359,False,,,1,0
GO:0010656,negative regulation of muscle cell apoptotic process,,,,1.0,False,1,0
GO:0010657,muscle cell apoptotic process,,,,1.0,False,1,0
GO:0010658,striated muscle cell apoptotic process,,,,1.0,False,1,0
GO:0010659,cardiac muscle cell apoptotic process,,,,1.0,False,1,0
GO:0010660,regulation of muscle cell apoptotic process,,,,1.0,False,1,0
GO:0010662,regulation of striated muscle cell apoptotic process,,,,1.0,False,1,0
GO:0010664,negative regulation of striated muscle cell apoptotic process,,,,1.0,False,1,0
GO:0010665,regulation of cardiac muscle cell apoptotic process,,,,1.0,False,1,0
GO:0010665,regulation of cardiac muscle cell apoptotic process (GO:0010665),0.6008433862119751,0.8475265763860251,False,,,1,0
GO:0010667,negative regulation of cardiac muscle cell apoptotic process,,,,1.0,False,1,0
GO:0010669,epithelial structure maintenance (GO:0010669),0.2297213017356333,0.558188915748403,False,,,1,0
GO:0010675,regulation of cellular carbohydrate metabolic process (GO:0010675),0.2454994478154908,0.5770088660040678,False,,,1,0
GO:0010676,positive regulation of cellular carbohydrate metabolic process (GO:0010676),0.8671964083387793,0.9575767035892256,False,,,1,0
GO:0010677,negative regulation of cellular carbohydrate metabolic process (GO:0010677),0.0203193062474757,0.1716506204825737,False,,,1,0
GO:0010701,positive regulation of norepinephrine secretion,,,,1.0,False,1,0
GO:0010714,positive regulation of collagen metabolic process (GO:0010714),0.9155342290896906,0.9740818731272451,False,,,1,0
GO:0010715,regulation of extracellular matrix disassembly (GO:0010715),0.0593193079815751,0.2934512805817604,False,,,1,0
GO:0010717,regulation of epithelial to mesenchymal transition,,,,1.0,False,1,0
GO:0010717,regulation of epithelial to mesenchymal transition (GO:0010717),0.0243276016069418,0.1885322680554627,False,,,1,0
GO:0010718,positive regulation of epithelial to mesenchymal transition (GO:0010718),0.8308292197118561,0.9465683064706436,False,,,1,0
GO:0010719,negative regulation of epithelial to mesenchymal transition,,,,1.0,False,1,0
GO:0010719,negative regulation of epithelial to mesenchymal transition (GO:0010719),0.0107175818253979,0.124698735778327,False,,,1,0
GO:0010720,positive regulation of cell development,,,,1.0,False,1,0
GO:0010720,positive regulation of cell development (GO:0010720),0.5819373475964396,0.8364108978527075,False,,,1,0
GO:0010721,negative regulation of cell development,,,,1.0,False,1,0
GO:0010721,negative regulation of cell development (GO:0010721),0.3829398407019833,0.6936441336115676,False,,,1,0
GO:0010724,regulation of definitive erythrocyte differentiation,,,,1.0,False,1,0
GO:0010737,protein kinase A signaling (GO:0010737),0.0373627660353857,0.2304341001174279,False,,,1,0
GO:0010738,regulation of protein kinase A signaling (GO:0010738),0.3431873496885366,0.6618513557100517,False,,,1,0
GO:0010743,regulation of macrophage derived foam cell differentiation (GO:0010743),0.7760364375790842,0.926796664904744,False,,,1,0
GO:0010744,positive regulation of macrophage derived foam cell differentiation (GO:0010744),0.921764775270838,0.9752451304329957,False,,,1,0
GO:0010745,negative regulation of macrophage derived foam cell differentiation (GO:0010745),0.5916462143291495,0.8425740066615665,False,,,1,0
GO:0010746,regulation of long-chain fatty acid import across plasma membrane,,,,1.0,False,1,0
GO:0010748,negative regulation of long-chain fatty acid import across plasma membrane,,,,1.0,False,1,0
GO:0010755,regulation of plasminogen activation (GO:0010755),0.4573318722545351,0.756954964479291,False,,,1,0
GO:0010758,regulation of macrophage chemotaxis (GO:0010758),0.8055776749831367,0.9366853555931376,False,,,1,0
GO:0010759,positive regulation of macrophage chemotaxis (GO:0010759),0.8000871771371105,0.9362325644172682,False,,,1,0
GO:0010761,fibroblast migration,,,,1.0,False,1,0
GO:0010762,regulation of fibroblast migration,,,,1.0,False,1,0
GO:0010762,regulation of fibroblast migration (GO:0010762),0.2198599344938373,0.547098095186593,False,,,1,0
GO:0010763,positive regulation of fibroblast migration,,,,1.0,False,1,0
GO:0010765,positive regulation of sodium ion transport,,,,1.0,False,1,0
GO:0010765,positive regulation of sodium ion transport (GO:0010765),0.1779538432642271,0.4944603003905322,False,,,1,0
GO:0010770,positive regulation of cell morphogenesis,,,,1.0,False,1,0
GO:0010770,positive regulation of cell morphogenesis involved in differentiation (GO:0010770),0.2888164866077565,0.6178685469279303,False,,,1,0
GO:0010771,negative regulation of cell morphogenesis involved in differentiation (GO:0010771),0.2262052673505203,0.5543390683083346,False,,,1,0
GO:0010793,regulation of mRNA export from nucleus,,,,1.0,False,1,0
GO:0010799,regulation of peptidyl-threonine phosphorylation,,,,1.0,False,1,0
GO:0010799,regulation of peptidyl-threonine phosphorylation (GO:0010799),0.141136796272636,0.4518267280053304,False,,,1,0
GO:0010800,positive regulation of peptidyl-threonine phosphorylation (GO:0010800),0.6737570469127309,0.883275176938584,False,,,1,0
GO:0010801,negative regulation of peptidyl-threonine phosphorylation,,,,1.0,False,1,0
GO:0010801,negative regulation of peptidyl-threonine phosphorylation (GO:0010801),0.0041037231408244,0.0805503362923153,False,,,1,0
GO:0010803,regulation of tumor necrosis factor-mediated signaling pathway (GO:0010803),0.0162811563143503,0.1532367888345681,False,,,1,0
GO:0010804,negative regulation of tumor necrosis factor-mediated signaling pathway (GO:0010804),0.7709470472454871,0.9251243330848252,False,,,1,0
GO:0010807,regulation of synaptic vesicle priming,,,,1.0,False,1,0
GO:0010810,regulation of cell-substrate adhesion,,,,1.0,False,1,0
GO:0010810,regulation of cell-substrate adhesion (GO:0010810),0.2907988089246106,0.6184678007517916,False,,,1,0
GO:0010811,positive regulation of cell-substrate adhesion,,,,1.0,False,1,0
GO:0010811,positive regulation of cell-substrate adhesion (GO:0010811),0.123386070906777,0.420958282759785,False,,,1,0
GO:0010812,negative regulation of cell-substrate adhesion,,,,1.0,False,1,0
GO:0010812,negative regulation of cell-substrate adhesion (GO:0010812),0.5235761540186681,0.8038365585126551,False,,,1,0
GO:0010817,regulation of hormone levels,,,,1.0,False,1,0
GO:0010818,T cell chemotaxis,,,,1.0,False,1,0
GO:0010819,regulation of T cell chemotaxis (GO:0010819),0.0862227933599004,0.3479181438447896,False,,,1,0
GO:0010820,positive regulation of T cell chemotaxis (GO:0010820),0.1589098158023586,0.4727411226183108,False,,,1,0
GO:0010821,regulation of mitochondrion organization,,,,1.0,False,1,0
GO:0010821,regulation of mitochondrion organization (GO:0010821),0.1990787500301976,0.5171956841537941,False,,,1,0
GO:0010822,positive regulation of mitochondrion organization (GO:0010822),0.919124146358969,0.9747251428303044,False,,,1,0
GO:0010823,negative regulation of mitochondrion organization (GO:0010823),0.5321056508848823,0.8089285506237909,False,,,1,0
GO:0010824,regulation of centrosome duplication,,,,1.0,False,1,0
GO:0010824,regulation of centrosome duplication (GO:0010824),0.8753241847175337,0.9601182594547822,False,,,1,0
GO:0010825,positive regulation of centrosome duplication,,,,1.0,False,1,0
GO:0010826,negative regulation of centrosome duplication (GO:0010826),0.0921225251492381,0.36001127418876,False,,,1,0
GO:0010827,regulation of D-glucose transmembrane transport,,,,1.0,False,1,0
GO:0010827,regulation of glucose transmembrane transport (GO:0010827),0.5447994447375487,0.8180618740655273,False,,,1,0
GO:0010828,positive regulation of D-glucose transmembrane transport,,,,1.0,False,1,0
GO:0010828,positive regulation of glucose transmembrane transport (GO:0010828),0.0457463686930912,0.2553557550392408,False,,,1,0
GO:0010829,negative regulation of glucose transmembrane transport (GO:0010829),0.2288222207401474,0.5572757623592118,False,,,1,0
GO:0010830,regulation of myotube differentiation,,,,1.0,False,1,0
GO:0010830,regulation of myotube differentiation (GO:0010830),0.038849364569134,0.2365257197463446,False,,,1,0
GO:0010832,negative regulation of myotube differentiation,,,,1.0,False,1,0
GO:0010832,negative regulation of myotube differentiation (GO:0010832),0.5560011960735802,0.8252202383626392,False,,,1,0
GO:0010833,telomere maintenance via telomere lengthening (GO:0010833),0.9421278742460398,0.9830340255095832,False,,,1,0
GO:0010837,regulation of keratinocyte proliferation (GO:0010837),0.0326678939553081,0.218145064566348,False,,,1,0
GO:0010838,positive regulation of keratinocyte proliferation (GO:0010838),0.0213850128056584,0.1778625145657893,False,,,1,0
GO:0010862,positive regulation of pathway-restricted SMAD protein phosphorylation (GO:0010862),0.211278550469196,0.5348503305054376,False,,,1,0
GO:0010863,positive regulation of phospholipase C activity (GO:0010863),0.0780504750282739,0.3333845177727962,False,,,1,0
GO:0010866,regulation of triglyceride biosynthetic process (GO:0010866),0.2221954529272641,0.550575629392445,False,,,1,0
GO:0010867,positive regulation of triglyceride biosynthetic process (GO:0010867),0.1685739903753119,0.4852035817035725,False,,,1,0
GO:0010872,regulation of cholesterol esterification (GO:0010872),0.7373718190486697,0.9095451413501152,False,,,1,0
GO:0010874,regulation of cholesterol efflux,,,,1.0,False,1,0
GO:0010874,regulation of cholesterol efflux (GO:0010874),0.0022777825830836,0.0615156789345755,False,,,1,0
GO:0010875,positive regulation of cholesterol efflux (GO:0010875),0.0026755482817944,0.0634272164552891,False,,,1,0
GO:0010876,lipid localization,,,,1.0,False,1,0
GO:0010880,regulation of release of sequestered calcium ion into cytosol by sarcoplasmic reticulum,,,,1.0,False,1,0
GO:0010880,regulation of release of sequestered calcium ion into cytosol by sarcoplasmic reticulum (GO:0010880),0.9708287881113744,0.9933601969966962,False,,,1,0
GO:0010881,regulation of cardiac muscle contraction by regulation of the release of sequestered calcium ion,,,,1.0,False,1,0
GO:0010881,regulation of cardiac muscle contraction by regulation of the release of sequestered calcium ion (GO:0010881),0.5513653340769318,0.8217401619464842,False,,,1,0
GO:0010882,regulation of cardiac muscle contraction by calcium ion signaling,,,,1.0,False,1,0
GO:0010882,regulation of cardiac muscle contraction by calcium ion signaling (GO:0010882),0.6693095246254395,0.8818824334072334,False,,,1,0
GO:0010883,regulation of lipid storage (GO:0010883),0.4323452260759101,0.738510439918725,False,,,1,0
GO:0010884,positive regulation of lipid storage (GO:0010884),0.2325624036792826,0.5612055276276591,False,,,1,0
GO:0010885,regulation of cholesterol storage (GO:0010885),0.0037400382861771,0.0775189356255197,False,,,1,0
GO:0010888,negative regulation of lipid storage (GO:0010888),0.0023854323751561,0.0624476082710638,False,,,1,0
GO:0010889,regulation of sequestering of triglyceride (GO:0010889),0.0929677688897808,0.3606570365172633,False,,,1,0
GO:0010894,negative regulation of steroid biosynthetic process (GO:0010894),0.7859298253392821,0.9306999149272236,False,,,1,0
GO:0010896,regulation of triglyceride catabolic process (GO:0010896),0.4267291562314382,0.7341930919147786,False,,,1,0
GO:0010906,regulation of glucose metabolic process,,,,1.0,False,1,0
GO:0010906,regulation of glucose metabolic process (GO:0010906),0.2656603440342201,0.596595432162106,False,,,1,0
GO:0010907,positive regulation of glucose metabolic process,,,,1.0,False,1,0
GO:0010907,positive regulation of glucose metabolic process (GO:0010907),0.3374988195546197,0.6588985493668363,False,,,1,0
GO:0010921,regulation of phosphatase activity (GO:0010921),0.3820436845746258,0.6926824548716805,False,,,1,0
GO:0010922,positive regulation of phosphatase activity (GO:0010922),0.3108118747192464,0.6369040739114542,False,,,1,0
GO:0010923,negative regulation of phosphatase activity (GO:0010923),0.3601543935865759,0.6758957767306415,False,,,1,0
GO:0010927,cellular component assembly involved in morphogenesis,,,,1.0,False,1,0
GO:0010935,regulation of macrophage cytokine production (GO:0010935),0.2334923637273952,0.5612055276276591,False,,,1,0
GO:0010941,regulation of cell death (GO:0010941),0.5908656710304008,0.8425740066615665,False,,,1,0
GO:0010942,positive regulation of cell death (GO:0010942),0.5936153200291959,0.8437726867305281,False,,,1,0
GO:0010948,negative regulation of cell cycle process,,,,1.0,False,1,0
GO:0010948,negative regulation of cell cycle process (GO:0010948),0.5264986037480306,0.8045967784110718,False,,,1,0
GO:0010950,positive regulation of endopeptidase activity (GO:0010950),0.6476221606594528,0.8721400198321445,False,,,1,0
GO:0010951,negative regulation of endopeptidase activity (GO:0010951),0.4659444586572714,0.7631006590271617,False,,,1,0
GO:0010952,positive regulation of peptidase activity (GO:0010952),0.5373939098288002,0.8131500096160965,False,,,1,0
GO:0010954,positive regulation of protein processing,,,,1.0,False,1,0
GO:0010954,positive regulation of protein processing (GO:0010954),0.7926459813439156,0.933407701719178,False,,,1,0
GO:0010955,negative regulation of protein processing (GO:0010955),0.2989873728104212,0.625836752824302,False,,,1,0
GO:0010959,regulation of metal ion transport,,,,0.727164192662794,False,1,0
GO:0010959,regulation of metal ion transport (GO:0010959),0.1018176589646119,0.3823526486875901,False,,,1,0
GO:0010962,regulation of glucan biosynthetic process,,,,1.0,False,1,0
GO:0010965,regulation of mitotic sister chromatid separation (GO:0010965),0.8047367282290337,0.9366853555931376,False,,,1,0
GO:0010968,regulation of microtubule nucleation,,,,1.0,False,1,0
GO:0010968,regulation of microtubule nucleation (GO:0010968),0.0036883912053931,0.0772931924975475,False,,,1,0
GO:0010970,transport along microtubule,,,,1.0,False,1,0
GO:0010970,transport along microtubule (GO:0010970),0.005239905985396,0.0895268621739063,False,,,1,0
GO:0010971,positive regulation of G2/M transition of mitotic cell cycle (GO:0010971),0.756631376411259,0.9212651307722148,False,,,1,0
GO:0010972,negative regulation of G2/M transition of mitotic cell cycle (GO:0010972),0.0004420365885085,0.0236147152142653,True,,,1,1
GO:0010975,regulation of neuron projection development,,,,0.0505749290678848,False,1,0
GO:0010975,regulation of neuron projection development (GO:0010975),0.0037209957723948,0.0775189356255197,False,,,1,0
GO:0010976,positive regulation of neuron projection development,,,,1.0,False,1,0
GO:0010976,positive regulation of neuron projection development (GO:0010976),0.0064847606496974,0.101443071846192,False,,,1,0
GO:0010977,negative regulation of neuron projection development,,,,1.0,False,1,0
GO:0010977,negative regulation of neuron projection development (GO:0010977),0.5011848338884349,0.7855347417102619,False,,,1,0
GO:0010984,regulation of lipoprotein particle clearance,,,,1.0,False,1,0
GO:0010988,regulation of low-density lipoprotein particle clearance,,,,1.0,False,1,0
GO:0010988,regulation of low-density lipoprotein particle clearance (GO:0010988),0.8350517499652106,0.9474416955400868,False,,,1,0
GO:0010998,regulation of translational initiation by eIF2 alpha phosphorylation,,,,1.0,False,1,0
GO:0012501,programmed cell death,,,,0.7771489005557266,False,1,0
GO:0014002,astrocyte development,,,,1.0,False,1,0
GO:0014003,oligodendrocyte development,,,,1.0,False,1,0
GO:0014003,oligodendrocyte development (GO:0014003),0.8075108141783146,0.9374838039884996,False,,,1,0
GO:0014009,glial cell proliferation,,,,0.2771481385649694,False,1,0
GO:0014010,Schwann cell proliferation,,,,1.0,False,1,0
GO:0014013,regulation of gliogenesis,,,,1.0,False,1,0
GO:0014014,negative regulation of gliogenesis,,,,1.0,False,1,0
GO:0014015,positive regulation of gliogenesis,,,,1.0,False,1,0
GO:0014020,primary neural tube formation (GO:0014020),0.628161942967872,0.8604616286302413,False,,,1,0
GO:0014031,mesenchymal cell development (GO:0014031),0.6063609996035657,0.8504895159687053,False,,,1,0
GO:0014032,neural crest cell development,,,,1.0,False,1,0
GO:0014032,neural crest cell development (GO:0014032),0.0087951238583747,0.1137991216388663,False,,,1,0
GO:0014033,neural crest cell differentiation,,,,1.0,False,1,0
GO:0014033,neural crest cell differentiation (GO:0014033),0.8939782983970236,0.9655355225163764,False,,,1,0
GO:0014037,Schwann cell differentiation,,,,1.0,False,1,0
GO:0014044,Schwann cell development,,,,1.0,False,1,0
GO:0014047,glutamate secretion,,,,1.0,False,1,0
GO:0014048,regulation of glutamate secretion,,,,1.0,False,1,0
GO:0014050,negative regulation of glutamate secretion,,,,1.0,False,1,0
GO:0014059,regulation of dopamine secretion (GO:0014059),0.0389692331821804,0.2365257197463446,False,,,1,0
GO:0014061,regulation of norepinephrine secretion,,,,1.0,False,1,0
GO:0014065,phosphatidylinositol 3-kinase signaling (GO:0014065),0.0671790412912211,0.3087354879077613,False,,,1,0
GO:0014066,regulation of phosphatidylinositol 3-kinase signaling (GO:0014066),0.0013902705094843,0.0488268152080951,True,,,1,1
GO:0014068,positive regulation of phosphatidylinositol 3-kinase signaling (GO:0014068),0.0024266575452581,0.0626143678174424,False,,,1,0
GO:0014070,response to organic cyclic compound (GO:0014070),0.1560330377920948,0.4716097247961938,False,,,1,0
GO:0014074,response to purine-containing compound,,,,1.0,False,1,0
GO:0014074,response to purine-containing compound (GO:0014074),0.0464373260139639,0.2575099087294814,False,,,1,0
GO:0014706,striated muscle tissue development,,,,0.3536835055476106,False,1,0
GO:0014706,striated muscle tissue development (GO:0014706),0.4589425437814225,0.7578446097357143,False,,,1,0
GO:0014741,negative regulation of muscle hypertrophy,,,,1.0,False,1,0
GO:0014742,positive regulation of muscle hypertrophy,,,,1.0,False,1,0
GO:0014742,positive regulation of muscle hypertrophy (GO:0014742),0.6152311669046431,0.8519794874294674,False,,,1,0
GO:0014743,regulation of muscle hypertrophy,,,,1.0,False,1,0
GO:0014745,negative regulation of muscle adaptation,,,,1.0,False,1,0
GO:0014808,release of sequestered calcium ion into cytosol by sarcoplasmic reticulum,,,,1.0,False,1,0
GO:0014812,muscle cell migration (GO:0014812),0.3219545155435716,0.648870073037602,False,,,1,0
GO:0014821,phasic smooth muscle contraction (GO:0014821),0.7727598205300283,0.9260907468278736,False,,,1,0
GO:0014823,response to activity,,,,1.0,False,1,0
GO:0014832,urinary bladder smooth muscle contraction,,,,1.0,False,1,0
GO:0014848,urinary tract smooth muscle contraction,,,,1.0,False,1,0
GO:0014850,response to muscle activity,,,,1.0,False,1,0
GO:0014866,skeletal myofibril assembly,,,,1.0,False,1,0
GO:0014887,cardiac muscle adaptation,,,,1.0,False,1,0
GO:0014888,striated muscle adaptation,,,,1.0,False,1,0
GO:0014896,muscle hypertrophy,,,,1.0,False,1,0
GO:0014897,striated muscle hypertrophy,,,,1.0,False,1,0
GO:0014898,cardiac muscle hypertrophy in response to stress,,,,1.0,False,1,0
GO:0014902,myotube differentiation,,,,1.0,False,1,0
GO:0014902,myotube differentiation (GO:0014902),0.4404937623669105,0.7448920377430636,False,,,1,0
GO:0014904,myotube cell development,,,,1.0,False,1,0
GO:0014904,myotube cell development (GO:0014904),0.6562780148646405,0.8780467408753374,False,,,1,0
GO:0014910,regulation of smooth muscle cell migration (GO:0014910),0.5991095212967452,0.8464951426314902,False,,,1,0
GO:0014911,positive regulation of smooth muscle cell migration (GO:0014911),0.709775657243634,0.896835696203672,False,,,1,0
GO:0014912,negative regulation of smooth muscle cell migration (GO:0014912),0.3298391150458345,0.653861071747995,False,,,1,0
GO:0015012,heparan sulfate proteoglycan biosynthetic process (GO:0015012),0.6683581618646772,0.8816740036591924,False,,,1,0
GO:0015031,protein transport,,,,1.0,False,1,0
GO:0015031,protein transport (GO:0015031),0.1123024348998461,0.3993859478635767,False,,,1,0
GO:0015669,gas transport (GO:0015669),0.1232253911721957,0.420958282759785,False,,,1,0
GO:0015693,magnesium ion transport,,,,1.0,False,1,0
GO:0015693,magnesium ion transport (GO:0015693),0.7120228625515543,0.8978399992214248,False,,,1,0
GO:0015695,organic cation transport,,,,1.0,False,1,0
GO:0015695,organic cation transport (GO:0015695),0.5066407773352447,0.78951868053927,False,,,1,0
GO:0015698,inorganic anion transport,,,,0.2650589072174226,False,1,0
GO:0015698,inorganic anion transport (GO:0015698),0.50914697130658,0.7927727677199746,False,,,1,0
GO:0015701,bicarbonate transport,,,,1.0,False,1,0
GO:0015701,bicarbonate transport (GO:0015701),0.7423130511557263,0.9113282678884924,False,,,1,0
GO:0015711,organic anion transport,,,,1.0,False,1,0
GO:0015711,organic anion transport (GO:0015711),0.8111946550117378,0.9381126296262408,False,,,1,0
GO:0015718,monocarboxylic acid transport,,,,1.0,False,1,0
GO:0015718,monocarboxylic acid transport (GO:0015718),0.198050618329919,0.5168912916179783,False,,,1,0
GO:0015721,bile acid and bile salt transport (GO:0015721),0.0224445220028141,0.1812703553953179,False,,,1,0
GO:0015740,C4-dicarboxylate transport,,,,1.0,False,1,0
GO:0015740,C4-dicarboxylate transport (GO:0015740),0.1805431322424936,0.4953723354941625,False,,,1,0
GO:0015748,organophosphate ester transport,,,,1.0,False,1,0
GO:0015748,organophosphate ester transport (GO:0015748),0.7140182231703702,0.8984475223005142,False,,,1,0
GO:0015749,monosaccharide transmembrane transport,,,,1.0,False,1,0
GO:0015749,monosaccharide transmembrane transport (GO:0015749),0.6552038948558447,0.8769633929258481,False,,,1,0
GO:0015756,fucose transmembrane transport,,,,1.0,False,1,0
GO:0015791,polyol transport (GO:0015791),0.1707787454649507,0.4863091453067253,False,,,1,0
GO:0015800,acidic amino acid transport,,,,1.0,False,1,0
GO:0015800,acidic amino acid transport (GO:0015800),0.8251594251777199,0.94328803487013,False,,,1,0
GO:0015804,neutral amino acid transport (GO:0015804),0.1109200184721893,0.3980318165231922,False,,,1,0
GO:0015807,L-amino acid transport,,,,1.0,False,1,0
GO:0015807,L-amino acid transport (GO:0015807),0.6902787958973056,0.8876660737958753,False,,,1,0
GO:0015810,aspartate transmembrane transport,,,,1.0,False,1,0
GO:0015813,L-glutamate transmembrane transport,,,,1.0,False,1,0
GO:0015813,L-glutamate transmembrane transport (GO:0015813),0.4156061268649926,0.7235752236067945,False,,,1,0
GO:0015833,peptide transport,,,,1.0,False,1,0
GO:0015837,amine transport,,,,1.0,False,1,0
GO:0015844,monoamine transport,,,,1.0,False,1,0
GO:0015849,organic acid transport,,,,1.0,False,1,0
GO:0015849,organic acid transport (GO:0015849),0.8885444642712219,0.9643059092934892,False,,,1,0
GO:0015850,organic hydroxy compound transport,,,,1.0,False,1,0
GO:0015850,organic hydroxy compound transport (GO:0015850),0.0286957978814556,0.2067366060412677,False,,,1,0
GO:0015858,nucleoside transport,,,,1.0,False,1,0
GO:0015865,purine nucleotide transport,,,,1.0,False,1,0
GO:0015866,ADP transport,,,,1.0,False,1,0
GO:0015867,ATP transport,,,,1.0,False,1,0
GO:0015867,ATP transport (GO:0015867),0.033614802221172,0.2198099147947155,False,,,1,0
GO:0015868,purine ribonucleotide transport,,,,1.0,False,1,0
GO:0015868,purine ribonucleotide transport (GO:0015868),0.9704170302052596,0.9933601969966962,False,,,1,0
GO:0015874,norepinephrine transport,,,,1.0,False,1,0
GO:0015884,folic acid transport,,,,1.0,False,1,0
GO:0015886,heme transport,,,,1.0,False,1,0
GO:0015908,fatty acid transport,,,,1.0,False,1,0
GO:0015908,fatty acid transport (GO:0015908),0.7382784660402741,0.9097913773648464,False,,,1,0
GO:0015909,long-chain fatty acid transport,,,,1.0,False,1,0
GO:0015909,long-chain fatty acid transport (GO:0015909),0.6148478705054011,0.8517596686731141,False,,,1,0
GO:0015911,long-chain fatty acid import across plasma membrane,,,,1.0,False,1,0
GO:0015914,phospholipid transport,,,,1.0,False,1,0
GO:0015914,phospholipid transport (GO:0015914),0.5054860036180673,0.7885560990393584,False,,,1,0
GO:0015918,sterol transport,,,,1.0,False,1,0
GO:0015918,sterol transport (GO:0015918),0.2405972600107087,0.5701447931480284,False,,,1,0
GO:0015919,peroxisomal membrane transport (GO:0015919),0.0162574557102079,0.1532367888345681,False,,,1,0
GO:0015931,nucleobase-containing compound transport,,,,1.0,False,1,0
GO:0015936,coenzyme A metabolic process (GO:0015936),0.4588905222050286,0.7578446097357143,False,,,1,0
GO:0015937,coenzyme A biosynthetic process (GO:0015937),0.8964305834689186,0.9655355225163764,False,,,1,0
GO:0015949,nucleobase-containing small molecule interconversion (GO:0015949),0.0732371360437746,0.3241405566091447,False,,,1,0
GO:0015980,energy derivation by oxidation of organic compounds,,,,1.0,False,1,0
GO:0015980,energy derivation by oxidation of organic compounds (GO:0015980),0.3512025939449593,0.6688536034495753,False,,,1,0
GO:0015985,"energy coupled proton transport, down electrochemical gradient (GO:0015985)",0.0637289605996086,0.3021549344428944,False,,,1,0
GO:0015986,ATP synthesis coupled proton transport (GO:0015986),0.1396783284104096,0.4516623185513074,False,,,1,0
GO:0015986,proton motive force-driven ATP synthesis,,,,1.0,False,1,0
GO:0016032,viral process,,,,1.0,False,1,0
GO:0016042,lipid catabolic process,,,,1.0,False,1,0
GO:0016042,lipid catabolic process (GO:0016042),0.8310706169776461,0.9465683064706436,False,,,1,0
GO:0016043,cellular component organization,,,,2.8044043691173894e-21,True,1,1
GO:0016048,detection of temperature stimulus,,,,1.0,False,1,0
GO:0016049,cell growth,,,,1.0,False,1,0
GO:0016050,vesicle organization,,,,1.0,False,1,0
GO:0016050,vesicle organization (GO:0016050),0.7556151285629746,0.9204800159699468,False,,,1,0
GO:0016051,carbohydrate biosynthetic process,,,,1.0,False,1,0
GO:0016051,carbohydrate biosynthetic process (GO:0016051),0.3663511989226401,0.6794963802022367,False,,,1,0
GO:0016052,carbohydrate catabolic process,,,,1.0,False,1,0
GO:0016052,carbohydrate catabolic process (GO:0016052),0.0008373943678349,0.0345243134478021,True,,,1,1
GO:0016053,organic acid biosynthetic process,,,,1.0,False,1,0
GO:0016054,organic acid catabolic process,,,,1.0,False,1,0
GO:0016055,Wnt signaling pathway,,,,1.0,False,1,0
GO:0016055,Wnt signaling pathway (GO:0016055),0.8141067494314933,0.938838950329624,False,,,1,0
GO:0016056,rhodopsin mediated signaling pathway (GO:0016056),0.8149521705381607,0.938838950329624,False,,,1,0
GO:0016064,immunoglobulin mediated immune response,,,,1.0,False,1,0
GO:0016064,immunoglobulin mediated immune response (GO:0016064),0.0850316795699967,0.3461273464441703,False,,,1,0
GO:0016070,RNA metabolic process,,,,1.0,False,1,0
GO:0016070,RNA metabolic process (GO:0016070),0.7587844978699738,0.9223472763187396,False,,,1,0
GO:0016071,mRNA metabolic process,,,,1.0,False,1,0
GO:0016071,mRNA metabolic process (GO:0016071),0.8524001980461264,0.9509276327026346,False,,,1,0
GO:0016072,rRNA metabolic process (GO:0016072),0.0047733928990404,0.0864858981521764,False,,,1,0
GO:0016073,snRNA metabolic process (GO:0016073),0.0901064766149101,0.3554210303122367,False,,,1,0
GO:0016075,rRNA catabolic process (GO:0016075),0.5119197410932834,0.7946454972263352,False,,,1,0
GO:0016079,synaptic vesicle exocytosis,,,,0.0314297741617964,True,1,1
GO:0016079,synaptic vesicle exocytosis (GO:0016079),0.0829290908825114,0.3420609997593549,False,,,1,0
GO:0016081,synaptic vesicle docking,,,,1.0,False,1,0
GO:0016082,synaptic vesicle priming,,,,1.0,False,1,0
GO:0016101,diterpenoid metabolic process (GO:0016101),0.7669130761381804,0.9251243330848252,False,,,1,0
GO:0016125,sterol metabolic process (GO:0016125),0.2372589734723384,0.565546415244642,False,,,1,0
GO:0016126,sterol biosynthetic process (GO:0016126),0.1828760391273455,0.4984744817618488,False,,,1,0
GO:0016180,snRNA processing (GO:0016180),0.4749466264693414,0.7693195258991263,False,,,1,0
GO:0016188,synaptic vesicle maturation,,,,1.0,False,1,0
GO:0016192,vesicle-mediated transport,,,,8.60762548289643e-06,True,1,1
GO:0016197,endosomal transport,,,,1.0,False,1,0
GO:0016202,regulation of striated muscle tissue development,,,,1.0,False,1,0
GO:0016226,iron-sulfur cluster assembly (GO:0016226),0.3534054719768407,0.6693330498393213,False,,,1,0
GO:0016233,telomere capping (GO:0016233),0.1692223451470228,0.4854606378954302,False,,,1,0
GO:0016236,macroautophagy,,,,1.0,False,1,0
GO:0016236,macroautophagy (GO:0016236),0.5907828756010842,0.8425740066615665,False,,,1,0
GO:0016237,microautophagy,,,,1.0,False,1,0
GO:0016239,positive regulation of macroautophagy,,,,1.0,False,1,0
GO:0016239,positive regulation of macroautophagy (GO:0016239),0.6900537591887401,0.8876660737958753,False,,,1,0
GO:0016241,regulation of macroautophagy,,,,1.0,False,1,0
GO:0016241,regulation of macroautophagy (GO:0016241),0.1236349926165042,0.420958282759785,False,,,1,0
GO:0016242,negative regulation of macroautophagy (GO:0016242),7.587461073818702e-05,0.0066928464774405,True,,,1,1
GO:0016246,RNA interference (GO:0016246),0.9035657567053026,0.9688574613736848,False,,,1,0
GO:0016254,preassembly of GPI anchor in ER membrane (GO:0016254),0.6076851909493551,0.8504895159687053,False,,,1,0
GO:0016266,O-glycan processing (GO:0016266),0.628543410143358,0.8606733410374574,False,,,1,0
GO:0016310,phosphorylation,,,,0.002915138074344,True,1,1
GO:0016310,phosphorylation (GO:0016310),1.0930003368332722e-06,0.0002763833518405,True,,,1,1
GO:0016311,dephosphorylation,,,,1.0,False,1,0
GO:0016311,dephosphorylation (GO:0016311),0.8349858822567136,0.9474416955400868,False,,,1,0
GO:0016331,morphogenesis of embryonic epithelium,,,,1.0,False,1,0
GO:0016338,calcium-independent cell-cell adhesion,,,,1.0,False,1,0
GO:0016338,calcium-independent cell-cell adhesion via plasma membrane cell-adhesion molecules (GO:0016338),0.6670017276184962,0.8816317376126855,False,,,1,0
GO:0016339,calcium-dependent cell-cell adhesion,,,,1.0,False,1,0
GO:0016339,calcium-dependent cell-cell adhesion via plasma membrane cell adhesion molecules (GO:0016339),0.715284460544597,0.8984475223005142,False,,,1,0
GO:0016344,meiotic chromosome movement towards spindle pole,,,,1.0,False,1,0
GO:0016358,dendrite development,,,,1.2379659044109345e-06,True,1,1
GO:0016441,post-transcriptional gene silencing,,,,1.0,False,1,0
GO:0016444,somatic cell DNA recombination,,,,1.0,False,1,0
GO:0016445,somatic diversification of immunoglobulins,,,,1.0,False,1,0
GO:0016447,somatic recombination of immunoglobulin gene segments,,,,1.0,False,1,0
GO:0016477,cell migration,,,,9.532877983912288e-07,True,1,1
GO:0016482,cytosolic transport,,,,1.0,False,1,0
GO:0016482,cytosolic transport (GO:0016482),0.8879268512308155,0.9639114329474764,False,,,1,0
GO:0016485,protein processing,,,,1.0,False,1,0
GO:0016485,protein processing (GO:0016485),0.8084654687177386,0.9374838039884996,False,,,1,0
GO:0016486,peptide hormone processing,,,,1.0,False,1,0
GO:0016525,negative regulation of angiogenesis,,,,1.0,False,1,0
GO:0016525,negative regulation of angiogenesis (GO:0016525),0.0046262034649828,0.0855833700987784,False,,,1,0
GO:0016540,protein autoprocessing (GO:0016540),0.998511269560412,0.9995687277764532,False,,,1,0
GO:0016553,base conversion or substitution editing (GO:0016553),0.9930936932622147,0.9977707777975684,False,,,1,0
GO:0016556,mRNA modification (GO:0016556),0.799942797423572,0.9362325644172682,False,,,1,0
GO:0016558,protein import into peroxisome matrix (GO:0016558),0.9791922058299092,0.9955096634190814,False,,,1,0
GO:0016567,protein ubiquitination,,,,1.0,False,1,0
GO:0016567,protein ubiquitination (GO:0016567),0.0345316116501929,0.220803783391276,False,,,1,0
GO:0016569,covalent chromatin modification (GO:0016569),0.4266816474651627,0.7341930919147786,False,,,1,0
GO:0016570,histone modification (GO:0016570),0.3813016084143009,0.6922635276889937,False,,,1,0
GO:0016571,histone methylation (GO:0016571),0.8732577097894834,0.9598025864360974,False,,,1,0
GO:0016573,histone acetylation (GO:0016573),0.9555235682131974,0.9900077696269284,False,,,1,0
GO:0016574,histone ubiquitination (GO:0016574),0.1585020130154907,0.4727411226183108,False,,,1,0
GO:0016575,histone deacetylation (GO:0016575),0.0081131947011314,0.110695494609322,False,,,1,0
GO:0016578,histone deubiquitination (GO:0016578),0.7177703962676019,0.9000010291051286,False,,,1,0
GO:0016579,protein deubiquitination,,,,1.0,False,1,0
GO:0016579,protein deubiquitination (GO:0016579),0.1612657135287107,0.4758694209748908,False,,,1,0
GO:0016601,Rac protein signal transduction,,,,1.0,False,1,0
GO:0016601,Rac protein signal transduction (GO:0016601),0.1449261455662345,0.4546773119377398,False,,,1,0
GO:0016925,protein sumoylation,,,,1.0,False,1,0
GO:0016925,protein sumoylation (GO:0016925),0.278257784141954,0.6086688438583804,False,,,1,0
GO:0016973,poly(A)+ mRNA export from nucleus (GO:0016973),0.8681520222536853,0.957795410240904,False,,,1,0
GO:0017015,regulation of transforming growth factor beta receptor signaling pathway,,,,1.0,False,1,0
GO:0017015,regulation of transforming growth factor beta receptor signaling pathway (GO:0017015),0.0078568505628864,0.1098815054402732,False,,,1,0
GO:0017038,protein import (GO:0017038),0.2800155363768735,0.6105960049346812,False,,,1,0
GO:0017148,negative regulation of translation,,,,1.0,False,1,0
GO:0017148,negative regulation of translation (GO:0017148),0.9568245940367756,0.9907823328368796,False,,,1,0
GO:0017156,calcium-ion regulated exocytosis,,,,1.0,False,1,0
GO:0017156,calcium-ion regulated exocytosis (GO:0017156),0.2057825428578588,0.526320421483384,False,,,1,0
GO:0017157,regulation of exocytosis,,,,1.0,False,1,0
GO:0017157,regulation of exocytosis (GO:0017157),0.0012811499534281,0.0476066862271233,True,,,1,1
GO:0017158,regulation of calcium ion-dependent exocytosis,,,,1.0,False,1,0
GO:0017158,regulation of calcium ion-dependent exocytosis (GO:0017158),0.0050251734079263,0.088804276196764,False,,,1,0
GO:0018022,peptidyl-lysine methylation,,,,1.0,False,1,0
GO:0018022,peptidyl-lysine methylation (GO:0018022),0.6711156853461615,0.8828472018319322,False,,,1,0
GO:0018023,peptidyl-lysine trimethylation (GO:0018023),0.0258826111179775,0.1934849051262762,False,,,1,0
GO:0018026,peptidyl-lysine monomethylation,,,,1.0,False,1,0
GO:0018026,peptidyl-lysine monomethylation (GO:0018026),0.643348873975423,0.869334620231129,False,,,1,0
GO:0018027,peptidyl-lysine dimethylation,,,,1.0,False,1,0
GO:0018027,peptidyl-lysine dimethylation (GO:0018027),0.0100577415209418,0.1211079796474042,False,,,1,0
GO:0018095,protein polyglutamylation (GO:0018095),0.138201905733523,0.4495710364041618,False,,,1,0
GO:0018105,peptidyl-serine phosphorylation,,,,1.0,False,1,0
GO:0018105,peptidyl-serine phosphorylation (GO:0018105),7.57626695232946e-10,7.184195137546411e-07,True,,,1,1
GO:0018107,peptidyl-threonine phosphorylation,,,,1.0,False,1,0
GO:0018107,peptidyl-threonine phosphorylation (GO:0018107),2.135926945622376e-05,0.0028389431735395,True,,,1,1
GO:0018108,peptidyl-tyrosine phosphorylation,,,,1.0,False,1,0
GO:0018108,peptidyl-tyrosine phosphorylation (GO:0018108),0.0592512441570085,0.2934512805817604,False,,,1,0
GO:0018126,protein hydroxylation (GO:0018126),0.0780483282977877,0.3333845177727962,False,,,1,0
GO:0018130,heterocycle biosynthetic process (GO:0018130),0.5249528221967705,0.8038365585126551,False,,,1,0
GO:0018146,keratan sulfate biosynthetic process (GO:0018146),0.7938020492383648,0.9335277245466952,False,,,1,0
GO:0018149,peptide cross-linking (GO:0018149),0.2504460014605345,0.5824289905210346,False,,,1,0
GO:0018158,protein oxidation (GO:0018158),0.2930220849702358,0.6202191787344333,False,,,1,0
GO:0018193,peptidyl-amino acid modification,,,,1.0,False,1,0
GO:0018193,peptidyl-amino acid modification (GO:0018193),0.2161665950363869,0.5415587153058227,False,,,1,0
GO:0018195,peptidyl-arginine modification (GO:0018195),0.2510500947229411,0.5827619395863622,False,,,1,0
GO:0018196,peptidyl-asparagine modification (GO:0018196),0.0750391703038748,0.3271535321409166,False,,,1,0
GO:0018200,peptidyl-glutamic acid modification (GO:0018200),0.6647631440639485,0.8816317376126855,False,,,1,0
GO:0018205,peptidyl-lysine modification,,,,1.0,False,1,0
GO:0018205,peptidyl-lysine modification (GO:0018205),0.8921079388040668,0.9655355225163764,False,,,1,0
GO:0018206,peptidyl-methionine modification (GO:0018206),0.7194402372620364,0.9006062111996384,False,,,1,0
GO:0018208,peptidyl-proline modification,,,,1.0,False,1,0
GO:0018208,peptidyl-proline modification (GO:0018208),0.8747792094146029,0.9598025864360974,False,,,1,0
GO:0018209,peptidyl-serine modification,,,,1.0,False,1,0
GO:0018209,peptidyl-serine modification (GO:0018209),2.140406868086636e-08,1.0148204063315762e-05,True,,,1,1
GO:0018210,peptidyl-threonine modification,,,,1.0,False,1,0
GO:0018210,peptidyl-threonine modification (GO:0018210),0.0006873928653478,0.0325910142283064,True,,,1,1
GO:0018212,peptidyl-tyrosine modification,,,,1.0,False,1,0
GO:0018212,peptidyl-tyrosine modification (GO:0018212),0.0058273773264153,0.0956850311649066,False,,,1,0
GO:0018230,peptidyl-L-cysteine S-palmitoylation (GO:0018230),0.6913170529905129,0.8876660737958753,False,,,1,0
GO:0018231,peptidyl-S-diacylglycerol-L-cysteine biosynthetic process from peptidyl-cysteine (GO:0018231),0.6913170529905129,0.8876660737958753,False,,,1,0
GO:0018242,protein O-linked glycosylation via serine (GO:0018242),0.860131534849713,0.9528267849547202,False,,,1,0
GO:0018279,protein N-linked glycosylation via asparagine (GO:0018279),0.1309526848570895,0.4353229918167752,False,,,1,0
GO:0018342,protein prenylation (GO:0018342),0.666929846533979,0.8816317376126855,False,,,1,0
GO:0018345,protein palmitoylation (GO:0018345),0.9902199494541036,0.9974184805626916,False,,,1,0
GO:0018393,internal peptidyl-lysine acetylation (GO:0018393),0.6506579394355001,0.874537761969827,False,,,1,0
GO:0018394,peptidyl-lysine acetylation (GO:0018394),0.1041821456902164,0.3859012486357332,False,,,1,0
GO:0018410,C-terminal protein amino acid modification (GO:0018410),0.1005785453600915,0.3795964403490817,False,,,1,0
GO:0019058,viral life cycle,,,,1.0,False,1,0
GO:0019079,viral genome replication,,,,1.0,False,1,0
GO:0019080,viral gene expression,,,,1.0,False,1,0
GO:0019081,viral translation,,,,1.0,False,1,0
GO:0019098,reproductive behavior,,,,1.0,False,1,0
GO:0019184,nonribosomal peptide biosynthetic process (GO:0019184),0.2899372265629643,0.6182721098392651,False,,,1,0
GO:0019216,regulation of lipid metabolic process,,,,1.0,False,1,0
GO:0019216,regulation of lipid metabolic process (GO:0019216),0.8955933385677035,0.9655355225163764,False,,,1,0
GO:0019217,regulation of fatty acid metabolic process,,,,1.0,False,1,0
GO:0019217,regulation of fatty acid metabolic process (GO:0019217),0.1862344713044392,0.503124892918617,False,,,1,0
GO:0019218,regulation of steroid metabolic process,,,,1.0,False,1,0
GO:0019218,regulation of steroid metabolic process (GO:0019218),0.8833600489166235,0.9619357192023849,False,,,1,0
GO:0019219,regulation of nucleobase-containing compound metabolic process,,,,0.009952599575444,True,1,1
GO:0019219,regulation of nucleobase-containing compound metabolic process (GO:0019219),0.288061302746371,0.6178685469279303,False,,,1,0
GO:0019220,regulation of phosphate metabolic process (GO:0019220),0.3332918485913565,0.6560332027540298,False,,,1,0
GO:0019221,cytokine-mediated signaling pathway,,,,1.0,False,1,0
GO:0019222,regulation of metabolic process,,,,0.0001334847013285,True,1,1
GO:0019226,transmission of nerve impulse,,,,1.0,False,1,0
GO:0019227,neuronal action potential propagation,,,,1.0,False,1,0
GO:0019228,neuronal action potential (GO:0019228),0.3449268262467927,0.6632935845761704,False,,,1,0
GO:0019229,regulation of vasoconstriction (GO:0019229),0.5113699541662171,0.7946031282885955,False,,,1,0
GO:0019233,sensory perception of pain,,,,1.0,False,1,0
GO:0019233,sensory perception of pain (GO:0019233),0.6837830330093896,0.8857886079933793,False,,,1,0
GO:0019240,citrulline biosynthetic process,,,,1.0,False,1,0
GO:0019318,hexose metabolic process,,,,1.0,False,1,0
GO:0019318,hexose metabolic process (GO:0019318),0.2558379456783404,0.5899047586370487,False,,,1,0
GO:0019319,hexose biosynthetic process (GO:0019319),0.0112690782014273,0.1287458241506441,False,,,1,0
GO:0019364,pyridine nucleotide catabolic process,,,,1.0,False,1,0
GO:0019369,arachidonic acid metabolic process (GO:0019369),0.6622500400570376,0.8816317376126855,False,,,1,0
GO:0019370,leukotriene biosynthetic process (GO:0019370),0.6683393257958291,0.8816740036591924,False,,,1,0
GO:0019371,cyclooxygenase pathway (GO:0019371),0.8234264902996229,0.942724047593701,False,,,1,0
GO:0019372,lipoxygenase pathway (GO:0019372),0.4326312147375183,0.738510439918725,False,,,1,0
GO:0019395,fatty acid oxidation,,,,1.0,False,1,0
GO:0019395,fatty acid oxidation (GO:0019395),0.0001091335909818,0.00818123717848,True,,,1,1
GO:0019417,sulfur oxidation,,,,1.0,False,1,0
GO:0019430,removal of superoxide radicals (GO:0019430),0.847261028615593,0.9481010610292244,False,,,1,0
GO:0019432,triglyceride biosynthetic process (GO:0019432),0.0429469491491078,0.2475650123443255,False,,,1,0
GO:0019433,triglyceride catabolic process (GO:0019433),0.8476835648684901,0.9481010610292244,False,,,1,0
GO:0019511,peptidyl-proline hydroxylation (GO:0019511),0.0003638215500554,0.0202937520494173,True,,,1,1
GO:0019538,protein metabolic process,,,,0.0007821406883889,True,1,1
GO:0019637,organophosphate metabolic process,,,,1.0,False,1,0
GO:0019646,aerobic electron transport chain,,,,1.0,False,1,0
GO:0019646,aerobic electron transport chain (GO:0019646),0.0047883044059997,0.0864858981521764,False,,,1,0
GO:0019693,ribose phosphate metabolic process,,,,1.0,False,1,0
GO:0019722,calcium-mediated signaling,,,,1.0,False,1,0
GO:0019722,calcium-mediated signaling (GO:0019722),0.0844020136703213,0.3456577590893095,False,,,1,0
GO:0019724,B cell mediated immunity,,,,1.0,False,1,0
GO:0019724,B cell mediated immunity (GO:0019724),0.1062721535553845,0.3894592062179453,False,,,1,0
GO:0019725,cellular homeostasis,,,,0.0020243940308419,True,1,1
GO:0019731,antibacterial humoral response (GO:0019731),0.3313263854204182,0.653861071747995,False,,,1,0
GO:0019751,polyol metabolic process,,,,1.0,False,1,0
GO:0019751,polyol metabolic process (GO:0019751),0.1685609234532524,0.4852035817035725,False,,,1,0
GO:0019752,carboxylic acid metabolic process,,,,1.0,False,1,0
GO:0019752,carboxylic acid metabolic process (GO:0019752),0.4076267006598225,0.7161315773981968,False,,,1,0
GO:0019827,stem cell population maintenance,,,,1.0,False,1,0
GO:0019882,antigen processing and presentation,,,,1.0,False,1,0
GO:0019886,antigen processing and presentation of exogenous peptide antigen via MHC class II (GO:0019886),0.9857335447783058,0.9967019476166986,False,,,1,0
GO:0019896,axonal transport of mitochondrion,,,,1.0,False,1,0
GO:0019896,axonal transport of mitochondrion (GO:0019896),0.966904771370588,0.9924383774519692,False,,,1,0
GO:0019932,second-messenger-mediated signaling (GO:0019932),0.0538268073215581,0.2782327874716076,False,,,1,0
GO:0019933,cAMP-mediated signaling (GO:0019933),0.5560657377211965,0.8252202383626392,False,,,1,0
GO:0019934,cGMP-mediated signaling (GO:0019934),0.3547190069912225,0.6712165716002133,False,,,1,0
GO:0019935,cyclic-nucleotide-mediated signaling (GO:0019935),0.6865589765824033,0.8871208829623082,False,,,1,0
GO:0019941,modification-dependent protein catabolic process,,,,1.0,False,1,0
GO:0019941,modification-dependent protein catabolic process (GO:0019941),0.6063472131275214,0.8504895159687053,False,,,1,0
GO:0019953,sexual reproduction,,,,1.0,False,1,0
GO:0019985,translesion synthesis (GO:0019985),0.1288330188691749,0.4305989522798293,False,,,1,0
GO:0021510,spinal cord development,,,,1.0,False,1,0
GO:0021510,spinal cord development (GO:0021510),0.0117333826520468,0.1308962364682754,False,,,1,0
GO:0021515,cell differentiation in spinal cord (GO:0021515),0.8192386466563207,0.9407427635357396,False,,,1,0
GO:0021516,dorsal spinal cord development,,,,1.0,False,1,0
GO:0021533,cell differentiation in hindbrain (GO:0021533),0.78523731159611,0.9301702444984524,False,,,1,0
GO:0021535,cell migration in hindbrain,,,,1.0,False,1,0
GO:0021537,telencephalon development,,,,0.0333715167323412,True,1,1
GO:0021543,pallium development,,,,0.7983095570451186,False,1,0
GO:0021544,subpallium development,,,,1.0,False,1,0
GO:0021545,cranial nerve development (GO:0021545),0.1315050466651188,0.4363942624678876,False,,,1,0
GO:0021549,cerebellum development,,,,0.1858173374845003,False,1,0
GO:0021575,hindbrain morphogenesis,,,,1.0,False,1,0
GO:0021577,hindbrain structural organization,,,,1.0,False,1,0
GO:0021587,cerebellum morphogenesis,,,,1.0,False,1,0
GO:0021589,cerebellum structural organization,,,,1.0,False,1,0
GO:0021675,nerve development,,,,1.0,False,1,0
GO:0021680,cerebellar Purkinje cell layer development,,,,1.0,False,1,0
GO:0021692,cerebellar Purkinje cell layer morphogenesis,,,,1.0,False,1,0
GO:0021695,cerebellar cortex development,,,,1.0,False,1,0
GO:0021696,cerebellar cortex morphogenesis,,,,1.0,False,1,0
GO:0021700,developmental maturation,,,,0.8354610481161279,False,1,0
GO:0021730,trigeminal sensory nucleus development,,,,1.0,False,1,0
GO:0021740,principal sensory nucleus of trigeminal nerve development,,,,1.0,False,1,0
GO:0021756,striatum development,,,,1.0,False,1,0
GO:0021761,limbic system development,,,,1.0,False,1,0
GO:0021762,substantia nigra development (GO:0021762),0.7661370336425235,0.9248751650560444,False,,,1,0
GO:0021766,hippocampus development,,,,1.0,False,1,0
GO:0021773,striatal medium spiny neuron differentiation,,,,1.0,False,1,0
GO:0021780,glial cell fate specification,,,,1.0,False,1,0
GO:0021781,glial cell fate commitment,,,,1.0,False,1,0
GO:0021782,glial cell development,,,,1.0,False,1,0
GO:0021782,glial cell development (GO:0021782),0.2696276356690511,0.6001746608525299,False,,,1,0
GO:0021795,cerebral cortex cell migration,,,,1.0,False,1,0
GO:0021799,cerebral cortex radially oriented cell migration,,,,1.0,False,1,0
GO:0021801,cerebral cortex radial glia-guided migration,,,,1.0,False,1,0
GO:0021819,layer formation in cerebral cortex,,,,1.0,False,1,0
GO:0021826,substrate-independent telencephalic tangential migration,,,,1.0,False,1,0
GO:0021830,interneuron migration from the subpallium to the cortex,,,,1.0,False,1,0
GO:0021843,substrate-independent telencephalic tangential interneuron migration,,,,1.0,False,1,0
GO:0021846,cell proliferation in forebrain,,,,1.0,False,1,0
GO:0021846,cell proliferation in forebrain (GO:0021846),0.0623919113095083,0.2976761252792012,False,,,1,0
GO:0021853,cerebral cortex GABAergic interneuron migration,,,,1.0,False,1,0
GO:0021859,pyramidal neuron differentiation,,,,1.0,False,1,0
GO:0021860,pyramidal neuron development,,,,1.0,False,1,0
GO:0021872,forebrain generation of neurons,,,,1.0,False,1,0
GO:0021879,forebrain neuron differentiation,,,,1.0,False,1,0
GO:0021884,forebrain neuron development,,,,1.0,False,1,0
GO:0021885,forebrain cell migration,,,,1.0,False,1,0
GO:0021892,cerebral cortex GABAergic interneuron differentiation,,,,1.0,False,1,0
GO:0021894,cerebral cortex GABAergic interneuron development,,,,1.0,False,1,0
GO:0021895,cerebral cortex neuron differentiation,,,,1.0,False,1,0
GO:0021915,neural tube development,,,,1.0,False,1,0
GO:0021915,neural tube development (GO:0021915),0.0386363913307286,0.2365257197463446,False,,,1,0
GO:0021932,hindbrain radial glia guided cell migration,,,,1.0,False,1,0
GO:0021942,radial glia guided migration of Purkinje cell,,,,1.0,False,1,0
GO:0021952,central nervous system projection neuron axonogenesis,,,,1.0,False,1,0
GO:0021952,central nervous system projection neuron axonogenesis (GO:0021952),0.4108784286729644,0.7187654335289155,False,,,1,0
GO:0021953,central nervous system neuron differentiation,,,,0.880900540869905,False,1,0
GO:0021953,central nervous system neuron differentiation (GO:0021953),0.4789911339313947,0.7704891310440118,False,,,1,0
GO:0021954,central nervous system neuron development,,,,0.5418392140561227,False,1,0
GO:0021954,central nervous system neuron development (GO:0021954),0.1383906754738942,0.4495917733246916,False,,,1,0
GO:0021955,central nervous system neuron axonogenesis,,,,1.0,False,1,0
GO:0021955,central nervous system neuron axonogenesis (GO:0021955),0.3668242720700689,0.6800412824837593,False,,,1,0
GO:0021960,anterior commissure morphogenesis,,,,1.0,False,1,0
GO:0021987,cerebral cortex development,,,,1.0,False,1,0
GO:0022008,neurogenesis,,,,6.021443772854569e-13,True,1,1
GO:0022008,neurogenesis (GO:0022008),0.9144828545071148,0.9736400869021145,False,,,1,0
GO:0022010,central nervous system myelination,,,,1.0,False,1,0
GO:0022010,central nervous system myelination (GO:0022010),0.0406415266948762,0.2408645480526024,False,,,1,0
GO:0022011,myelination in peripheral nervous system,,,,1.0,False,1,0
GO:0022011,myelination in peripheral nervous system (GO:0022011),0.348331855565468,0.6672842061413233,False,,,1,0
GO:0022027,interkinetic nuclear migration,,,,1.0,False,1,0
GO:0022029,telencephalon cell migration,,,,1.0,False,1,0
GO:0022030,telencephalon glial cell migration,,,,1.0,False,1,0
GO:0022037,metencephalon development,,,,0.327060718830834,False,1,0
GO:0022038,corpus callosum development,,,,1.0,False,1,0
GO:0022400,regulation of rhodopsin mediated signaling pathway (GO:0022400),0.4689477913485046,0.7640545414883497,False,,,1,0
GO:0022401,negative adaptation of signaling pathway,,,,1.0,False,1,0
GO:0022402,cell cycle process,,,,0.000821529920336,True,1,1
GO:0022404,molting cycle process,,,,1.0,False,1,0
GO:0022405,hair cycle process,,,,1.0,False,1,0
GO:0022406,membrane docking,,,,1.0,False,1,0
GO:0022407,regulation of cell-cell adhesion,,,,1.0,False,1,0
GO:0022407,regulation of cell-cell adhesion (GO:0022407),0.061472751245119,0.2968284145584193,False,,,1,0
GO:0022408,negative regulation of cell-cell adhesion (GO:0022408),0.066977295978819,0.3086815111150189,False,,,1,0
GO:0022409,positive regulation of cell-cell adhesion,,,,1.0,False,1,0
GO:0022409,positive regulation of cell-cell adhesion (GO:0022409),0.0057262683610899,0.0952619995333961,False,,,1,0
GO:0022410,circadian sleep/wake cycle process,,,,1.0,False,1,0
GO:0022411,cellular component disassembly,,,,0.255796165833059,False,1,0
GO:0022411,cellular component disassembly (GO:0022411),0.0508851503406923,0.2722247887760873,False,,,1,0
GO:0022412,cellular process involved in reproduction in multicellular organism,,,,1.0,False,1,0
GO:0022414,reproductive process,,,,1.0,False,1,0
GO:0022600,digestive system process,,,,1.0,False,1,0
GO:0022603,regulation of anatomical structure morphogenesis,,,,6.097565110336202e-08,True,1,1
GO:0022603,regulation of anatomical structure morphogenesis (GO:0022603),0.0580588537325575,0.2895447823513059,False,,,1,0
GO:0022604,regulation of cell morphogenesis,,,,0.3885889773486093,False,1,0
GO:0022604,regulation of cell morphogenesis (GO:0022604),0.3815220566947161,0.6922635276889937,False,,,1,0
GO:0022607,cellular component assembly,,,,1.1899671234571509e-07,True,1,1
GO:0022607,cellular component assembly (GO:0022607),0.9920444744866028,0.9977707777975684,False,,,1,0
GO:0022612,gland morphogenesis,,,,1.0,False,1,0
GO:0022613,ribonucleoprotein complex biogenesis,,,,1.0,False,1,0
GO:0022613,ribonucleoprotein complex biogenesis (GO:0022613),0.0754304922271125,0.3277843338982313,False,,,1,0
GO:0022616,DNA strand elongation,,,,1.0,False,1,0
GO:0022616,DNA strand elongation (GO:0022616),0.8501410572863627,0.9494914913728952,False,,,1,0
GO:0022617,extracellular matrix disassembly (GO:0022617),0.0448569818981856,0.2535656219669422,False,,,1,0
GO:0022618,protein-RNA complex assembly,,,,1.0,False,1,0
GO:0022618,ribonucleoprotein complex assembly (GO:0022618),0.7101200746805962,0.896835696203672,False,,,1,0
GO:0022898,regulation of transmembrane transporter activity,,,,1.0,False,1,0
GO:0022900,electron transport chain,,,,1.0,False,1,0
GO:0022900,electron transport chain (GO:0022900),0.0246475345567492,0.1885322680554627,False,,,1,0
GO:0022904,respiratory electron transport chain,,,,1.0,False,1,0
GO:0022904,respiratory electron transport chain (GO:0022904),0.0019839162780035,0.0576354598194295,False,,,1,0
GO:0023051,regulation of signaling,,,,1.8153689234428226e-12,True,1,1
GO:0023052,signaling,,,,2.7070661508760863e-08,True,1,1
GO:0023056,positive regulation of signaling,,,,8.52190161217594e-05,True,1,1
GO:0023056,positive regulation of signaling (GO:0023056),0.1597606233366784,0.4737858047818774,False,,,1,0
GO:0023057,negative regulation of signaling,,,,0.008351416069002,True,1,1
GO:0023057,negative regulation of signaling (GO:0023057),0.1377040459339113,0.4491070044946911,False,,,1,0
GO:0023058,adaptation of signaling pathway,,,,1.0,False,1,0
GO:0023061,signal release,,,,0.2730761618499281,False,1,0
GO:0030001,metal ion transport,,,,0.0061125591060533,True,1,1
GO:0030001,metal ion transport (GO:0030001),0.4412578671541952,0.7455194165326782,False,,,1,0
GO:0030002,intracellular monoatomic anion homeostasis,,,,1.0,False,1,0
GO:0030003,intracellular monoatomic cation homeostasis,,,,1.0,False,1,0
GO:0030004,cellular monovalent inorganic cation homeostasis (GO:0030004),0.4883868446382492,0.7776873642791264,False,,,1,0
GO:0030007,cellular potassium ion homeostasis (GO:0030007),0.114039362761861,0.4023733050751059,False,,,1,0
GO:0030010,establishment of cell polarity,,,,1.0,False,1,0
GO:0030029,actin filament-based process,,,,1.5224572619553238e-10,True,1,1
GO:0030030,cell projection organization,,,,4.5243681791016136e-10,True,1,1
GO:0030030,cell projection organization (GO:0030030),0.5466795556528117,0.819770915143543,False,,,1,0
GO:0030031,cell projection assembly,,,,0.3524911925926349,False,1,0
GO:0030031,cell projection assembly (GO:0030031),0.9004939830029189,0.9670367150424892,False,,,1,0
GO:0030032,lamellipodium assembly,,,,1.0,False,1,0
GO:0030032,lamellipodium assembly (GO:0030032),0.6082626625841963,0.8504895159687053,False,,,1,0
GO:0030033,microvillus assembly,,,,1.0,False,1,0
GO:0030033,microvillus assembly (GO:0030033),0.6800135281304762,0.8857804907591151,False,,,1,0
GO:0030036,actin cytoskeleton organization,,,,1.054634379422037e-09,True,1,1
GO:0030038,contractile actin filament bundle assembly,,,,1.0,False,1,0
GO:0030038,contractile actin filament bundle assembly (GO:0030038),0.0797920218433222,0.3355334133611102,False,,,1,0
GO:0030041,actin filament polymerization,,,,0.051484386884789,False,1,0
GO:0030041,actin filament polymerization (GO:0030041),0.1210813817732046,0.4178905196230804,False,,,1,0
GO:0030042,actin filament depolymerization,,,,0.0166545452511877,True,1,1
GO:0030042,actin filament depolymerization (GO:0030042),0.8804298410094711,0.9609049061759464,False,,,1,0
GO:0030048,actin filament-based movement,,,,1.0,False,1,0
GO:0030049,muscle filament sliding (GO:0030049),0.8370358876232087,0.9474416955400868,False,,,1,0
GO:0030050,vesicle transport along actin filament (GO:0030050),0.0025214286793697,0.0631591118407924,False,,,1,0
GO:0030070,insulin processing,,,,1.0,False,1,0
GO:0030071,regulation of mitotic metaphase/anaphase transition (GO:0030071),0.7061243161341507,0.8951636133345032,False,,,1,0
GO:0030072,peptide hormone secretion,,,,1.0,False,1,0
GO:0030072,peptide hormone secretion (GO:0030072),0.1886514076010024,0.5056924304103195,False,,,1,0
GO:0030073,insulin secretion,,,,1.0,False,1,0
GO:0030073,insulin secretion (GO:0030073),0.0160913449383254,0.1531496926138876,False,,,1,0
GO:0030097,hemopoiesis,,,,1.0,False,1,0
GO:0030097,hemopoiesis (GO:0030097),0.0008988159966631,0.0362681816525892,True,,,1,1
GO:0030098,lymphocyte differentiation,,,,1.0,False,1,0
GO:0030098,lymphocyte differentiation (GO:0030098),0.6925585196627353,0.8880576284924797,False,,,1,0
GO:0030099,myeloid cell differentiation,,,,1.0,False,1,0
GO:0030099,myeloid cell differentiation (GO:0030099),0.0392684511269775,0.2365257197463446,False,,,1,0
GO:0030100,regulation of endocytosis,,,,0.4142700081466131,False,1,0
GO:0030100,regulation of endocytosis (GO:0030100),0.1425733998108493,0.453391850560826,False,,,1,0
GO:0030101,natural killer cell activation,,,,1.0,False,1,0
GO:0030101,natural killer cell activation (GO:0030101),0.8353670079774158,0.9474416955400868,False,,,1,0
GO:0030111,regulation of Wnt signaling pathway,,,,1.0,False,1,0
GO:0030111,regulation of Wnt signaling pathway (GO:0030111),0.8679924249637736,0.957795410240904,False,,,1,0
GO:0030148,sphingolipid biosynthetic process,,,,1.0,False,1,0
GO:0030148,sphingolipid biosynthetic process (GO:0030148),0.9145326765490892,0.9736400869021145,False,,,1,0
GO:0030149,sphingolipid catabolic process (GO:0030149),0.1240300589198011,0.4215466070634461,False,,,1,0
GO:0030150,protein import into mitochondrial matrix (GO:0030150),0.3434103682386806,0.6618513557100517,False,,,1,0
GO:0030154,cell differentiation,,,,6.1764680060702555e-09,True,1,1
GO:0030155,regulation of cell adhesion,,,,1.0,False,1,0
GO:0030155,regulation of cell adhesion (GO:0030155),0.0012723209910979,0.0476066862271233,True,,,1,1
GO:0030162,regulation of proteolysis,,,,1.0,False,1,0
GO:0030162,regulation of proteolysis (GO:0030162),0.024614637609795,0.1885322680554627,False,,,1,0
GO:0030163,protein catabolic process,,,,1.0,False,1,0
GO:0030163,protein catabolic process (GO:0030163),0.5254845066209883,0.8038365585126551,False,,,1,0
GO:0030166,proteoglycan biosynthetic process (GO:0030166),0.9749596556460398,0.9935030022595036,False,,,1,0
GO:0030168,platelet activation,,,,1.0,False,1,0
GO:0030177,positive regulation of Wnt signaling pathway,,,,1.0,False,1,0
GO:0030177,positive regulation of Wnt signaling pathway (GO:0030177),0.3503340085827084,0.6687482163804475,False,,,1,0
GO:0030178,negative regulation of Wnt signaling pathway,,,,1.0,False,1,0
GO:0030178,negative regulation of Wnt signaling pathway (GO:0030178),0.4783313480566689,0.7700254919277794,False,,,1,0
GO:0030182,neuron differentiation,,,,1.7940797118326157e-11,True,1,1
GO:0030182,neuron differentiation (GO:0030182),0.5224152281706522,0.8032392260256298,False,,,1,0
GO:0030183,B cell differentiation,,,,1.0,False,1,0
GO:0030183,B cell differentiation (GO:0030183),0.8176016122115057,0.9406030126299082,False,,,1,0
GO:0030193,regulation of blood coagulation (GO:0030193),0.550834445171999,0.8214952847147603,False,,,1,0
GO:0030194,positive regulation of blood coagulation (GO:0030194),0.0408158109083811,0.2414095773176559,False,,,1,0
GO:0030195,negative regulation of blood coagulation (GO:0030195),0.1704925091730379,0.4863091453067253,False,,,1,0
GO:0030198,extracellular matrix organization,,,,1.0,False,1,0
GO:0030198,extracellular matrix organization (GO:0030198),0.0026466279323315,0.0634272164552891,False,,,1,0
GO:0030199,collagen fibril organization (GO:0030199),0.0016845783315442,0.0550828069960964,False,,,1,0
GO:0030201,heparan sulfate proteoglycan metabolic process (GO:0030201),0.4129419151256924,0.7210828335377534,False,,,1,0
GO:0030203,glycosaminoglycan metabolic process,,,,1.0,False,1,0
GO:0030203,glycosaminoglycan metabolic process (GO:0030203),0.5466490533804385,0.819770915143543,False,,,1,0
GO:0030204,chondroitin sulfate metabolic process (GO:0030204),0.2570542040237127,0.5906989934059799,False,,,1,0
GO:0030205,dermatan sulfate metabolic process (GO:0030205),0.0450557956296274,0.2537158315164901,False,,,1,0
GO:0030206,chondroitin sulfate biosynthetic process (GO:0030206),0.521930425499732,0.8032392260256298,False,,,1,0
GO:0030207,chondroitin sulfate catabolic process (GO:0030207),0.1732233820711828,0.4903255882059674,False,,,1,0
GO:0030208,dermatan sulfate biosynthetic process (GO:0030208),0.0881667604169739,0.3516472368681201,False,,,1,0
GO:0030212,hyaluronan metabolic process,,,,1.0,False,1,0
GO:0030212,hyaluronan metabolic process (GO:0030212),0.4197841585650672,0.7287145599255377,False,,,1,0
GO:0030213,hyaluronan biosynthetic process,,,,1.0,False,1,0
GO:0030214,hyaluronan catabolic process (GO:0030214),0.3989517726255404,0.7094346336468236,False,,,1,0
GO:0030216,keratinocyte differentiation,,,,1.0,False,1,0
GO:0030216,keratinocyte differentiation (GO:0030216),0.1993075424125392,0.5174079543301651,False,,,1,0
GO:0030217,T cell differentiation,,,,1.0,False,1,0
GO:0030217,T cell differentiation (GO:0030217),0.8426091773568837,0.9476095421772875,False,,,1,0
GO:0030218,erythrocyte differentiation,,,,1.0,False,1,0
GO:0030218,erythrocyte differentiation (GO:0030218),0.0879891123948708,0.3516472368681201,False,,,1,0
GO:0030219,megakaryocyte differentiation (GO:0030219),0.6473854949822218,0.8721400198321445,False,,,1,0
GO:0030220,platelet formation,,,,1.0,False,1,0
GO:0030224,monocyte differentiation,,,,1.0,False,1,0
GO:0030225,macrophage differentiation (GO:0030225),0.5446919503948521,0.8180618740655273,False,,,1,0
GO:0030239,myofibril assembly,,,,1.0,False,1,0
GO:0030239,myofibril assembly (GO:0030239),0.8846498346233107,0.9625878265390672,False,,,1,0
GO:0030242,autophagy of peroxisome (GO:0030242),0.9524670493459332,0.9884288695401162,False,,,1,0
GO:0030258,lipid modification,,,,1.0,False,1,0
GO:0030258,lipid modification (GO:0030258),0.383594528665832,0.693835978650215,False,,,1,0
GO:0030261,chromosome condensation,,,,1.0,False,1,0
GO:0030261,chromosome condensation (GO:0030261),0.2236250419528891,0.5516577284699501,False,,,1,0
GO:0030262,apoptotic nuclear changes,,,,1.0,False,1,0
GO:0030262,apoptotic nuclear changes (GO:0030262),0.8562664256132931,0.9527188478589677,False,,,1,0
GO:0030263,apoptotic chromosome condensation,,,,1.0,False,1,0
GO:0030277,maintenance of gastrointestinal epithelium (GO:0030277),0.4472519240773623,0.7499675278627035,False,,,1,0
GO:0030278,regulation of ossification (GO:0030278),0.3690181666234757,0.6814673249203747,False,,,1,0
GO:0030279,negative regulation of ossification (GO:0030279),0.4416902671241733,0.745585751313747,False,,,1,0
GO:0030282,bone mineralization,,,,1.0,False,1,0
GO:0030301,cholesterol transport,,,,1.0,False,1,0
GO:0030301,cholesterol transport (GO:0030301),0.7131585759424388,0.8980778481240606,False,,,1,0
GO:0030307,positive regulation of cell growth,,,,1.0,False,1,0
GO:0030307,positive regulation of cell growth (GO:0030307),0.0141435991405828,0.1446001928308101,False,,,1,0
GO:0030308,negative regulation of cell growth,,,,1.0,False,1,0
GO:0030308,negative regulation of cell growth (GO:0030308),0.0020903831358689,0.0591703226444085,False,,,1,0
GO:0030309,poly-N-acetyllactosamine metabolic process (GO:0030309),0.2032828414150673,0.5238123760104283,False,,,1,0
GO:0030311,poly-N-acetyllactosamine biosynthetic process (GO:0030311),0.1447914553442043,0.4546307865236482,False,,,1,0
GO:0030316,osteoclast differentiation,,,,1.0,False,1,0
GO:0030316,osteoclast differentiation (GO:0030316),0.5658335880944163,0.830580381181909,False,,,1,0
GO:0030317,flagellated sperm motility,,,,1.0,False,1,0
GO:0030318,melanocyte differentiation (GO:0030318),0.0689009434939249,0.3144901067057247,False,,,1,0
GO:0030322,stabilization of membrane potential (GO:0030322),0.0387403372097207,0.2365257197463446,False,,,1,0
GO:0030323,respiratory tube development,,,,1.0,False,1,0
GO:0030323,respiratory tube development (GO:0030323),0.4682663892753498,0.7636003501811702,False,,,1,0
GO:0030324,lung development,,,,1.0,False,1,0
GO:0030324,lung development (GO:0030324),0.061712736839326,0.2968284145584193,False,,,1,0
GO:0030325,adrenal gland development (GO:0030325),0.903132225036018,0.9688574613736848,False,,,1,0
GO:0030326,embryonic limb morphogenesis (GO:0030326),0.0214297835899197,0.1778625145657893,False,,,1,0
GO:0030330,"DNA damage response, signal transduction by p53 class mediator",,,,1.0,False,1,0
GO:0030330,"DNA damage response, signal transduction by p53 class mediator (GO:0030330)",0.0047139195970438,0.0859610434210928,False,,,1,0
GO:0030334,regulation of cell migration,,,,0.0039759240496138,True,1,1
GO:0030334,regulation of cell migration (GO:0030334),5.593896834411091e-06,0.0011787583718289,True,,,1,1
GO:0030335,positive regulation of cell migration,,,,0.0520805604106044,False,1,0
GO:0030335,positive regulation of cell migration (GO:0030335),9.631711816202932e-05,0.007587896047092,True,,,1,1
GO:0030336,negative regulation of cell migration,,,,1.0,False,1,0
GO:0030336,negative regulation of cell migration (GO:0030336),0.0933255920640525,0.3612081333662766,False,,,1,0
GO:0030397,membrane disassembly,,,,1.0,False,1,0
GO:0030422,production of siRNA involved in RNA interference (GO:0030422),0.9421165048189366,0.9830340255095832,False,,,1,0
GO:0030422,siRNA processing,,,,1.0,False,1,0
GO:0030431,sleep,,,,1.0,False,1,0
GO:0030433,ubiquitin-dependent ERAD pathway (GO:0030433),0.9369085757805116,0.980329442189098,False,,,1,0
GO:0030449,regulation of complement activation (GO:0030449),0.3066264625119322,0.633585858876405,False,,,1,0
GO:0030488,tRNA methylation,,,,1.0,False,1,0
GO:0030488,tRNA methylation (GO:0030488),0.6936738961508022,0.8883442819212288,False,,,1,0
GO:0030490,maturation of SSU-rRNA (GO:0030490),0.8618795580816594,0.954205827146449,False,,,1,0
GO:0030497,fatty acid elongation (GO:0030497),0.4525535304777918,0.7547532920184608,False,,,1,0
GO:0030500,regulation of bone mineralization (GO:0030500),0.7418104107283869,0.9113282678884924,False,,,1,0
GO:0030501,positive regulation of bone mineralization (GO:0030501),0.1694787811997872,0.4854606378954302,False,,,1,0
GO:0030502,negative regulation of bone mineralization (GO:0030502),0.1987729053829389,0.5168912916179783,False,,,1,0
GO:0030509,BMP signaling pathway,,,,1.0,False,1,0
GO:0030509,BMP signaling pathway (GO:0030509),0.7128322021577793,0.8980123796070016,False,,,1,0
GO:0030510,regulation of BMP signaling pathway,,,,1.0,False,1,0
GO:0030510,regulation of BMP signaling pathway (GO:0030510),0.6641673765324778,0.8816317376126855,False,,,1,0
GO:0030511,positive regulation of transforming growth factor beta receptor signaling pathway (GO:0030511),0.0721109642911554,0.3217845735957088,False,,,1,0
GO:0030512,negative regulation of transforming growth factor beta receptor signaling pathway,,,,1.0,False,1,0
GO:0030512,negative regulation of transforming growth factor beta receptor signaling pathway (GO:0030512),0.0051814064320975,0.0894489780434989,False,,,1,0
GO:0030513,positive regulation of BMP signaling pathway,,,,1.0,False,1,0
GO:0030513,positive regulation of BMP signaling pathway (GO:0030513),0.9814244554801976,0.9955985449682774,False,,,1,0
GO:0030514,negative regulation of BMP signaling pathway,,,,1.0,False,1,0
GO:0030514,negative regulation of BMP signaling pathway (GO:0030514),0.9235525561711252,0.9757757229964008,False,,,1,0
GO:0030516,regulation of axon extension,,,,1.0,False,1,0
GO:0030516,regulation of axon extension (GO:0030516),1.6268752530816098e-05,0.0024870726144573,True,,,1,1
GO:0030517,negative regulation of axon extension,,,,1.0,False,1,0
GO:0030517,negative regulation of axon extension (GO:0030517),0.0102343813643532,0.1216015485085249,False,,,1,0
GO:0030518,intracellular steroid hormone receptor signaling pathway (GO:0030518),0.1778179719386892,0.4944603003905322,False,,,1,0
GO:0030518,nuclear receptor-mediated steroid hormone signaling pathway,,,,1.0,False,1,0
GO:0030520,estrogen receptor signaling pathway,,,,1.0,False,1,0
GO:0030520,intracellular estrogen receptor signaling pathway (GO:0030520),0.0514550829271923,0.2735694572044976,False,,,1,0
GO:0030521,androgen receptor signaling pathway,,,,1.0,False,1,0
GO:0030521,androgen receptor signaling pathway (GO:0030521),0.5644184518741913,0.8294611344280541,False,,,1,0
GO:0030522,intracellular receptor signaling pathway,,,,0.0517695281981807,False,1,0
GO:0030534,adult behavior,,,,0.0590907998093735,False,1,0
GO:0030540,female genitalia development,,,,1.0,False,1,0
GO:0030575,nuclear body organization (GO:0030575),0.931723864858378,0.9785992916448376,False,,,1,0
GO:0030593,neutrophil chemotaxis,,,,1.0,False,1,0
GO:0030593,neutrophil chemotaxis (GO:0030593),0.3943014227319943,0.7057358147802162,False,,,1,0
GO:0030595,leukocyte chemotaxis,,,,1.0,False,1,0
GO:0030641,regulation of cellular pH,,,,1.0,False,1,0
GO:0030641,regulation of cellular pH (GO:0030641),0.6594962727491959,0.880179226790183,False,,,1,0
GO:0030644,intracellular chloride ion homeostasis,,,,1.0,False,1,0
GO:0030705,cytoskeleton-dependent intracellular transport,,,,1.0,False,1,0
GO:0030705,cytoskeleton-dependent intracellular transport (GO:0030705),0.3573506453309636,0.6743437799703208,False,,,1,0
GO:0030811,regulation of nucleotide catabolic process,,,,1.0,False,1,0
GO:0030812,negative regulation of nucleotide catabolic process,,,,1.0,False,1,0
GO:0030832,regulation of actin filament length,,,,0.3960491606215122,False,1,0
GO:0030833,regulation of actin filament polymerization,,,,0.1406905824182109,False,1,0
GO:0030833,regulation of actin filament polymerization (GO:0030833),0.4067635982103044,0.71494639852256,False,,,1,0
GO:0030834,regulation of actin filament depolymerization,,,,0.1588627158394049,False,1,0
GO:0030834,regulation of actin filament depolymerization (GO:0030834),0.8808773921297829,0.9609341237699932,False,,,1,0
GO:0030835,negative regulation of actin filament depolymerization,,,,0.0586256820894614,False,1,0
GO:0030836,positive regulation of actin filament depolymerization (GO:0030836),0.8743581510641564,0.9598025864360974,False,,,1,0
GO:0030837,negative regulation of actin filament polymerization,,,,0.0185935993913825,True,1,1
GO:0030837,negative regulation of actin filament polymerization (GO:0030837),0.8422122936382982,0.9476095421772875,False,,,1,0
GO:0030838,positive regulation of actin filament polymerization,,,,1.0,False,1,0
GO:0030838,positive regulation of actin filament polymerization (GO:0030838),0.8536744258887896,0.950997398680322,False,,,1,0
GO:0030851,granulocyte differentiation (GO:0030851),0.0348334834297524,0.2216835614916966,False,,,1,0
GO:0030852,regulation of granulocyte differentiation (GO:0030852),0.0132330463852452,0.1386945000982651,False,,,1,0
GO:0030855,epithelial cell differentiation,,,,1.0,False,1,0
GO:0030855,epithelial cell differentiation (GO:0030855),0.2968805734486426,0.6246027934312549,False,,,1,0
GO:0030856,regulation of epithelial cell differentiation,,,,1.0,False,1,0
GO:0030856,regulation of epithelial cell differentiation (GO:0030856),0.2597388834863158,0.5917054564946521,False,,,1,0
GO:0030857,negative regulation of epithelial cell differentiation,,,,1.0,False,1,0
GO:0030857,negative regulation of epithelial cell differentiation (GO:0030857),0.0025476783842977,0.0631591118407924,False,,,1,0
GO:0030858,positive regulation of epithelial cell differentiation,,,,1.0,False,1,0
GO:0030858,positive regulation of epithelial cell differentiation (GO:0030858),0.2492630565239658,0.5818183220894785,False,,,1,0
GO:0030859,polarized epithelial cell differentiation,,,,1.0,False,1,0
GO:0030859,polarized epithelial cell differentiation (GO:0030859),0.1575453345064603,0.4727411226183108,False,,,1,0
GO:0030865,cortical cytoskeleton organization,,,,0.0516819681731227,False,1,0
GO:0030865,cortical cytoskeleton organization (GO:0030865),0.2236882642728139,0.5516577284699501,False,,,1,0
GO:0030866,cortical actin cytoskeleton organization,,,,0.2209259763372753,False,1,0
GO:0030866,cortical actin cytoskeleton organization (GO:0030866),0.2184723365078672,0.5448666765808804,False,,,1,0
GO:0030879,mammary gland development,,,,1.0,False,1,0
GO:0030879,mammary gland development (GO:0030879),0.0060092032506312,0.0974055894429236,False,,,1,0
GO:0030888,regulation of B cell proliferation,,,,1.0,False,1,0
GO:0030888,regulation of B cell proliferation (GO:0030888),0.963340653041733,0.9918434030910134,False,,,1,0
GO:0030889,negative regulation of B cell proliferation (GO:0030889),0.3979151629302619,0.7094346336468236,False,,,1,0
GO:0030890,positive regulation of B cell proliferation,,,,1.0,False,1,0
GO:0030890,positive regulation of B cell proliferation (GO:0030890),0.5595630142730631,0.8271327019242901,False,,,1,0
GO:0030900,forebrain development,,,,0.0008900467129644,True,1,1
GO:0030901,midbrain development,,,,1.0,False,1,0
GO:0030902,hindbrain development,,,,0.0104172637780811,True,1,1
GO:0030913,paranodal junction assembly,,,,1.0,False,1,0
GO:0030947,regulation of vascular endothelial growth factor receptor signaling pathway (GO:0030947),0.0955096283922357,0.3662972906893327,False,,,1,0
GO:0030948,negative regulation of vascular endothelial growth factor receptor signaling pathway (GO:0030948),0.1785203368454787,0.4944603003905322,False,,,1,0
GO:0030949,positive regulation of vascular endothelial growth factor receptor signaling pathway (GO:0030949),0.4183985444543263,0.7266417944666941,False,,,1,0
GO:0030953,astral microtubule organization,,,,1.0,False,1,0
GO:0030968,endoplasmic reticulum unfolded protein response,,,,1.0,False,1,0
GO:0030970,"retrograde protein transport, ER to cytosol",,,,1.0,False,1,0
GO:0030970,"retrograde protein transport, ER to cytosol (GO:0030970)",0.7206537992633228,0.9012330565795528,False,,,1,0
GO:0031000,response to caffeine,,,,1.0,False,1,0
GO:0031016,pancreas development,,,,1.0,False,1,0
GO:0031016,pancreas development (GO:0031016),0.644417575022669,0.8698490612316668,False,,,1,0
GO:0031017,exocrine pancreas development,,,,1.0,False,1,0
GO:0031023,microtubule organizing center organization,,,,1.0,False,1,0
GO:0031032,actomyosin structure organization,,,,1.0,False,1,0
GO:0031032,actomyosin structure organization (GO:0031032),0.0078069681638258,0.1097178822869751,False,,,1,0
GO:0031047,regulatory ncRNA-mediated gene silencing,,,,1.0,False,1,0
GO:0031048,regulatory ncRNA-mediated heterochromatin formation,,,,1.0,False,1,0
GO:0031053,primary miRNA processing,,,,1.0,False,1,0
GO:0031053,primary miRNA processing (GO:0031053),0.2499302535440436,0.5824056467204212,False,,,1,0
GO:0031054,pre-miRNA processing,,,,1.0,False,1,0
GO:0031054,pre-miRNA processing (GO:0031054),0.4781980142801879,0.7700254919277794,False,,,1,0
GO:0031055,chromatin remodeling at centromere (GO:0031055),0.5557825930409461,0.8252202383626392,False,,,1,0
GO:0031056,regulation of histone modification (GO:0031056),0.8488736714725565,0.9489214078781264,False,,,1,0
GO:0031057,negative regulation of histone modification (GO:0031057),0.9476967091242932,0.986408950573714,False,,,1,0
GO:0031058,positive regulation of histone modification (GO:0031058),0.2654413400260512,0.5964567551651733,False,,,1,0
GO:0031060,regulation of histone methylation (GO:0031060),0.999054261045622,0.9995687277764532,False,,,1,0
GO:0031061,negative regulation of histone methylation (GO:0031061),0.014032824060458,0.1438554098954527,False,,,1,0
GO:0031062,positive regulation of histone methylation (GO:0031062),0.0304799927385687,0.2107950976159226,False,,,1,0
GO:0031063,regulation of histone deacetylation (GO:0031063),0.0908123339130508,0.356944230603318,False,,,1,0
GO:0031065,positive regulation of histone deacetylation (GO:0031065),0.0056399963569395,0.0942401153386416,False,,,1,0
GO:0031098,stress-activated protein kinase signaling cascade (GO:0031098),0.359066182282904,0.6752295634105377,False,,,1,0
GO:0031099,regeneration,,,,1.0,False,1,0
GO:0031102,neuron projection regeneration,,,,1.0,False,1,0
GO:0031102,neuron projection regeneration (GO:0031102),0.1091666283330932,0.3966178364630486,False,,,1,0
GO:0031103,axon regeneration,,,,1.0,False,1,0
GO:0031109,microtubule polymerization or depolymerization,,,,1.0,False,1,0
GO:0031109,microtubule polymerization or depolymerization (GO:0031109),0.4854979900467407,0.7756924499777961,False,,,1,0
GO:0031110,regulation of microtubule polymerization or depolymerization,,,,1.0,False,1,0
GO:0031110,regulation of microtubule polymerization or depolymerization (GO:0031110),0.5851795641048241,0.8375986376444956,False,,,1,0
GO:0031111,negative regulation of microtubule polymerization or depolymerization,,,,1.0,False,1,0
GO:0031111,negative regulation of microtubule polymerization or depolymerization (GO:0031111),0.7416353643881272,0.9113282678884924,False,,,1,0
GO:0031112,positive regulation of microtubule polymerization or depolymerization,,,,1.0,False,1,0
GO:0031112,positive regulation of microtubule polymerization or depolymerization (GO:0031112),0.3690308160786842,0.6814673249203747,False,,,1,0
GO:0031113,regulation of microtubule polymerization,,,,1.0,False,1,0
GO:0031113,regulation of microtubule polymerization (GO:0031113),0.8940833375439847,0.9655355225163764,False,,,1,0
GO:0031114,regulation of microtubule depolymerization,,,,1.0,False,1,0
GO:0031114,regulation of microtubule depolymerization (GO:0031114),0.1321965911130237,0.4375407243383062,False,,,1,0
GO:0031115,negative regulation of microtubule polymerization,,,,1.0,False,1,0
GO:0031115,negative regulation of microtubule polymerization (GO:0031115),0.058089685056942,0.2895447823513059,False,,,1,0
GO:0031116,positive regulation of microtubule polymerization,,,,1.0,False,1,0
GO:0031116,positive regulation of microtubule polymerization (GO:0031116),0.0354489155170734,0.2240883957529789,False,,,1,0
GO:0031117,positive regulation of microtubule depolymerization,,,,1.0,False,1,0
GO:0031118,rRNA pseudouridine synthesis (GO:0031118),0.5479302612686545,0.8197989761865808,False,,,1,0
GO:0031122,cytoplasmic microtubule organization,,,,1.0,False,1,0
GO:0031122,cytoplasmic microtubule organization (GO:0031122),0.2216810094507083,0.5499254864921758,False,,,1,0
GO:0031123,RNA 3'-end processing (GO:0031123),0.4931485678098762,0.7799262791897895,False,,,1,0
GO:0031124,mRNA 3'-end processing (GO:0031124),0.2803363198332562,0.6107499489532113,False,,,1,0
GO:0031125,rRNA 3'-end processing (GO:0031125),0.9146004823707444,0.9736400869021145,False,,,1,0
GO:0031126,sno(s)RNA 3'-end processing (GO:0031126),0.4831863757500034,0.7736285028365399,False,,,1,0
GO:0031133,regulation of axon diameter,,,,1.0,False,1,0
GO:0031145,anaphase-promoting complex-dependent catabolic process (GO:0031145),0.0011140709258772,0.0431190920597191,True,,,1,1
GO:0031146,SCF-dependent proteasomal ubiquitin-dependent protein catabolic process (GO:0031146),8.814074197086271e-05,0.0072677790064235,True,,,1,1
GO:0031163,metallo-sulfur cluster assembly (GO:0031163),0.3094535369395998,0.6354939174942622,False,,,1,0
GO:0031167,rRNA methylation (GO:0031167),0.0537556969508858,0.2782327874716076,False,,,1,0
GO:0031175,neuron projection development,,,,2.565689528285576e-09,True,1,1
GO:0031175,neuron projection development (GO:0031175),0.2402922105738694,0.5701447931480284,False,,,1,0
GO:0031204,"post-translational protein targeting to membrane, translocation",,,,1.0,False,1,0
GO:0031214,biomineral tissue development,,,,1.0,False,1,0
GO:0031247,actin rod assembly,,,,1.0,False,1,0
GO:0031268,pseudopodium organization,,,,1.0,False,1,0
GO:0031269,pseudopodium assembly,,,,1.0,False,1,0
GO:0031272,regulation of pseudopodium assembly,,,,1.0,False,1,0
GO:0031272,regulation of pseudopodium assembly (GO:0031272),0.31884183057752,0.6460294141990028,False,,,1,0
GO:0031274,positive regulation of pseudopodium assembly,,,,1.0,False,1,0
GO:0031274,positive regulation of pseudopodium assembly (GO:0031274),0.31884183057752,0.6460294141990028,False,,,1,0
GO:0031280,negative regulation of cyclase activity (GO:0031280),0.3076813014434256,0.6342582480298443,False,,,1,0
GO:0031281,positive regulation of cyclase activity (GO:0031281),0.1695848524153559,0.4854606378954302,False,,,1,0
GO:0031293,membrane protein intracellular domain proteolysis (GO:0031293),0.4217509460768512,0.7307495963402912,False,,,1,0
GO:0031297,replication fork processing,,,,1.0,False,1,0
GO:0031297,replication fork processing (GO:0031297),0.677199662755777,0.8845104410580793,False,,,1,0
GO:0031323,regulation of cellular metabolic process (GO:0031323),0.6529390357124324,0.875170836201874,False,,,1,0
GO:0031324,negative regulation of cellular metabolic process (GO:0031324),0.0391697090242785,0.2365257197463446,False,,,1,0
GO:0031325,positive regulation of cellular metabolic process (GO:0031325),0.1759877001951171,0.4925305407694151,False,,,1,0
GO:0031326,regulation of cellular biosynthetic process (GO:0031326),0.0802391162564662,0.3362949922218526,False,,,1,0
GO:0031327,negative regulation of cellular biosynthetic process (GO:0031327),0.1175316000296317,0.408613527875704,False,,,1,0
GO:0031328,positive regulation of cellular biosynthetic process (GO:0031328),0.9545410723385114,0.9897688046418736,False,,,1,0
GO:0031329,regulation of cellular catabolic process (GO:0031329),0.0006006529083879,0.0292086728399407,True,,,1,1
GO:0031330,negative regulation of cellular catabolic process (GO:0031330),0.5255106819216855,0.8038365585126551,False,,,1,0
GO:0031331,positive regulation of cellular catabolic process (GO:0031331),0.2267071777820413,0.5543390683083346,False,,,1,0
GO:0031333,negative regulation of protein-containing complex assembly,,,,0.000710230598945,True,1,1
GO:0031333,negative regulation of protein-containing complex assembly (GO:0031333),0.0591077754347354,0.2934512805817604,False,,,1,0
GO:0031334,positive regulation of protein-containing complex assembly,,,,1.0,False,1,0
GO:0031334,positive regulation of protein-containing complex assembly (GO:0031334),0.5956363244115795,0.8439782939901729,False,,,1,0
GO:0031341,regulation of cell killing,,,,1.0,False,1,0
GO:0031341,regulation of cell killing (GO:0031341),0.1928953840041216,0.5116886420510096,False,,,1,0
GO:0031343,positive regulation of cell killing,,,,1.0,False,1,0
GO:0031343,positive regulation of cell killing (GO:0031343),0.847519051624459,0.9481010610292244,False,,,1,0
GO:0031344,regulation of cell projection organization,,,,7.100634922671488e-05,True,1,1
GO:0031344,regulation of cell projection organization (GO:0031344),0.0122026293588144,0.1326205534612695,False,,,1,0
GO:0031345,negative regulation of cell projection organization,,,,1.0,False,1,0
GO:0031345,negative regulation of cell projection organization (GO:0031345),0.2645913926822628,0.5958925842611404,False,,,1,0
GO:0031346,positive regulation of cell projection organization,,,,1.0,False,1,0
GO:0031346,positive regulation of cell projection organization (GO:0031346),0.00885070943408,0.1137991216388663,False,,,1,0
GO:0031347,regulation of defense response,,,,1.0,False,1,0
GO:0031347,regulation of defense response (GO:0031347),0.3906439659823624,0.7012364235547092,False,,,1,0
GO:0031348,negative regulation of defense response,,,,1.0,False,1,0
GO:0031348,negative regulation of defense response (GO:0031348),0.0597555230614683,0.2947369297427171,False,,,1,0
GO:0031349,positive regulation of defense response,,,,1.0,False,1,0
GO:0031349,positive regulation of defense response (GO:0031349),0.5442634764104098,0.8179944758321267,False,,,1,0
GO:0031365,N-terminal protein amino acid modification (GO:0031365),0.6768847806702032,0.884403711016907,False,,,1,0
GO:0031396,regulation of protein ubiquitination,,,,1.0,False,1,0
GO:0031396,regulation of protein ubiquitination (GO:0031396),0.0572880342737896,0.2881876843507749,False,,,1,0
GO:0031397,negative regulation of protein ubiquitination,,,,1.0,False,1,0
GO:0031397,negative regulation of protein ubiquitination (GO:0031397),0.0012836322246902,0.0476066862271233,True,,,1,1
GO:0031398,positive regulation of protein ubiquitination,,,,1.0,False,1,0
GO:0031398,positive regulation of protein ubiquitination (GO:0031398),0.1561603130838035,0.4716097247961938,False,,,1,0
GO:0031399,regulation of protein modification process,,,,1.0,False,1,0
GO:0031399,regulation of protein modification process (GO:0031399),0.2223259715151193,0.550575629392445,False,,,1,0
GO:0031400,negative regulation of protein modification process,,,,1.0,False,1,0
GO:0031400,negative regulation of protein modification process (GO:0031400),0.8972595563030119,0.9656727509925032,False,,,1,0
GO:0031401,positive regulation of protein modification process,,,,1.0,False,1,0
GO:0031401,positive regulation of protein modification process (GO:0031401),0.0428412878319227,0.2475650123443255,False,,,1,0
GO:0031440,regulation of mRNA 3'-end processing (GO:0031440),0.2927577400299785,0.6200056437374142,False,,,1,0
GO:0031442,positive regulation of mRNA 3'-end processing (GO:0031442),0.3086240908238065,0.6348216792270597,False,,,1,0
GO:0031445,regulation of heterochromatin formation,,,,1.0,False,1,0
GO:0031452,negative regulation of heterochromatin formation,,,,1.0,False,1,0
GO:0031453,positive regulation of heterochromatin assembly (GO:0031453),0.1372372016268877,0.4485720231927254,False,,,1,0
GO:0031468,nuclear membrane reassembly (GO:0031468),0.9853510774068278,0.9967019476166986,False,,,1,0
GO:0031497,chromatin assembly (GO:0031497),0.6820810110771944,0.8857886079933793,False,,,1,0
GO:0031498,chromatin disassembly (GO:0031498),0.0995365548649203,0.3775421526026428,False,,,1,0
GO:0031503,protein-containing complex localization,,,,1.0,False,1,0
GO:0031507,heterochromatin assembly (GO:0031507),0.3582340504397201,0.6750033548523887,False,,,1,0
GO:0031507,heterochromatin formation,,,,1.0,False,1,0
GO:0031508,pericentric heterochromatin formation,,,,1.0,False,1,0
GO:0031509,subtelomeric heterochromatin formation,,,,1.0,False,1,0
GO:0031529,ruffle organization,,,,1.0,False,1,0
GO:0031529,ruffle organization (GO:0031529),0.2198350227788853,0.547098095186593,False,,,1,0
GO:0031532,actin cytoskeleton reorganization (GO:0031532),0.1456621993778037,0.4554795731574688,False,,,1,0
GO:0031547,brain-derived neurotrophic factor receptor signaling pathway,,,,1.0,False,1,0
GO:0031570,DNA integrity checkpoint signaling,,,,1.0,False,1,0
GO:0031570,DNA integrity checkpoint signaling (GO:0031570),0.5809777138591339,0.8362656839607627,False,,,1,0
GO:0031571,mitotic G1 DNA damage checkpoint signaling (GO:0031571),0.0308873629619333,0.2117380225434941,False,,,1,0
GO:0031573,mitotic intra-S DNA damage checkpoint signaling (GO:0031573),0.0600814156823897,0.2959594930952002,False,,,1,0
GO:0031579,membrane raft organization (GO:0031579),0.1168235649972559,0.4072718584876761,False,,,1,0
GO:0031581,hemidesmosome assembly,,,,1.0,False,1,0
GO:0031581,hemidesmosome assembly (GO:0031581),0.0515022645124698,0.2735694572044976,False,,,1,0
GO:0031589,cell-substrate adhesion,,,,1.0,False,1,0
GO:0031623,receptor internalization,,,,1.0,False,1,0
GO:0031623,receptor internalization (GO:0031623),0.2888134572769071,0.6178685469279303,False,,,1,0
GO:0031629,synaptic vesicle fusion to presynaptic active zone membrane (GO:0031629),0.9711590902989236,0.9933601969966962,False,,,1,0
GO:0031638,zymogen activation (GO:0031638),0.5678946914841225,0.8314233713582724,False,,,1,0
GO:0031641,regulation of myelination,,,,1.0,False,1,0
GO:0031641,regulation of myelination (GO:0031641),0.0040643647257086,0.0802923718990252,False,,,1,0
GO:0031643,positive regulation of myelination,,,,1.0,False,1,0
GO:0031643,positive regulation of myelination (GO:0031643),0.0008120832299854,0.0345065428948188,True,,,1,1
GO:0031644,regulation of nervous system process,,,,1.0,False,1,0
GO:0031644,regulation of nervous system process (GO:0031644),0.1845807939954469,0.4999288804983827,False,,,1,0
GO:0031646,positive regulation of nervous system process,,,,1.0,False,1,0
GO:0031646,positive regulation of nervous system process (GO:0031646),3.2892634045238224e-05,0.0040245729333415,True,,,1,1
GO:0031647,regulation of protein stability,,,,1.0,False,1,0
GO:0031648,protein destabilization,,,,1.0,False,1,0
GO:0031648,protein destabilization (GO:0031648),0.3916845061858722,0.7027136075947955,False,,,1,0
GO:0031663,lipopolysaccharide-mediated signaling pathway,,,,1.0,False,1,0
GO:0031663,lipopolysaccharide-mediated signaling pathway (GO:0031663),0.6693750397520235,0.8818824334072334,False,,,1,0
GO:0031664,regulation of lipopolysaccharide-mediated signaling pathway,,,,1.0,False,1,0
GO:0031664,regulation of lipopolysaccharide-mediated signaling pathway (GO:0031664),0.4888720678045136,0.7781333416628284,False,,,1,0
GO:0031667,response to nutrient levels,,,,1.0,False,1,0
GO:0031667,response to nutrient levels (GO:0031667),0.2448712325725449,0.5761765416548777,False,,,1,0
GO:0031669,cellular response to nutrient levels,,,,1.0,False,1,0
GO:0031669,cellular response to nutrient levels (GO:0031669),0.0737927525265576,0.3243289806874079,False,,,1,0
GO:0031670,cellular response to nutrient,,,,1.0,False,1,0
GO:0031915,positive regulation of synaptic plasticity,,,,1.0,False,1,0
GO:0031929,TOR signaling,,,,1.0,False,1,0
GO:0031929,TOR signaling (GO:0031929),0.3900365643146153,0.7004775986957082,False,,,1,0
GO:0031952,regulation of protein autophosphorylation (GO:0031952),0.7262288726955921,0.9031429882407804,False,,,1,0
GO:0031953,negative regulation of protein autophosphorylation (GO:0031953),0.5317213817228048,0.8089285506237909,False,,,1,0
GO:0031954,positive regulation of protein autophosphorylation (GO:0031954),0.8585282140453365,0.9528267849547202,False,,,1,0
GO:0031958,nuclear receptor-mediated corticosteroid signaling pathway,,,,1.0,False,1,0
GO:0031960,response to corticosteroid,,,,1.0,False,1,0
GO:0031960,response to corticosteroid (GO:0031960),0.836864539855309,0.9474416955400868,False,,,1,0
GO:0031998,regulation of fatty acid beta-oxidation,,,,1.0,False,1,0
GO:0031998,regulation of fatty acid beta-oxidation (GO:0031998),0.1799577083475445,0.4950613039023753,False,,,1,0
GO:0032000,positive regulation of fatty acid beta-oxidation,,,,1.0,False,1,0
GO:0032006,regulation of TOR signaling,,,,1.0,False,1,0
GO:0032006,regulation of TOR signaling (GO:0032006),0.7229374795446846,0.9019816921501604,False,,,1,0
GO:0032007,negative regulation of TOR signaling,,,,1.0,False,1,0
GO:0032007,negative regulation of TOR signaling (GO:0032007),0.0099623607075704,0.1203415100758434,False,,,1,0
GO:0032008,positive regulation of TOR signaling,,,,1.0,False,1,0
GO:0032008,positive regulation of TOR signaling (GO:0032008),0.3475713975186143,0.6665006626835714,False,,,1,0
GO:0032011,ARF protein signal transduction,,,,1.0,False,1,0
GO:0032012,regulation of ARF protein signal transduction,,,,1.0,False,1,0
GO:0032024,positive regulation of insulin secretion,,,,1.0,False,1,0
GO:0032024,positive regulation of insulin secretion (GO:0032024),0.3035093057376485,0.630800436527617,False,,,1,0
GO:0032048,cardiolipin metabolic process (GO:0032048),0.13844534438261,0.4495917733246916,False,,,1,0
GO:0032056,positive regulation of translation in response to stress,,,,1.0,False,1,0
GO:0032071,regulation of endodeoxyribonuclease activity,,,,1.0,False,1,0
GO:0032088,negative regulation of NF-kappaB transcription factor activity (GO:0032088),0.0084910696312966,0.1119457097333135,False,,,1,0
GO:0032091,negative regulation of protein binding (GO:0032091),0.0075586851961491,0.1093102392075158,False,,,1,0
GO:0032092,positive regulation of protein binding (GO:0032092),0.325736993175424,0.6515846663663928,False,,,1,0
GO:0032094,response to food,,,,1.0,False,1,0
GO:0032101,regulation of response to external stimulus,,,,1.0,False,1,0
GO:0032101,regulation of response to external stimulus (GO:0032101),0.6100123275064668,0.8504895159687053,False,,,1,0
GO:0032102,negative regulation of response to external stimulus,,,,1.0,False,1,0
GO:0032102,negative regulation of response to external stimulus (GO:0032102),0.1931816861104787,0.5116886420510096,False,,,1,0
GO:0032103,positive regulation of response to external stimulus,,,,1.0,False,1,0
GO:0032103,positive regulation of response to external stimulus (GO:0032103),0.1407828319634577,0.4517675817575256,False,,,1,0
GO:0032147,activation of protein kinase activity (GO:0032147),0.0615196852799685,0.2968284145584193,False,,,1,0
GO:0032148,activation of protein kinase B activity (GO:0032148),0.076909448995129,0.3311209308042275,False,,,1,0
GO:0032200,telomere organization (GO:0032200),0.2262726197725186,0.5543390683083346,False,,,1,0
GO:0032204,regulation of telomere maintenance (GO:0032204),0.7852316179532637,0.9301702444984524,False,,,1,0
GO:0032205,negative regulation of telomere maintenance (GO:0032205),0.7051374923083326,0.8948357410487133,False,,,1,0
GO:0032206,positive regulation of telomere maintenance (GO:0032206),0.5627014496042526,0.829186712645272,False,,,1,0
GO:0032210,regulation of telomere maintenance via telomerase (GO:0032210),0.771616611746146,0.9251243330848252,False,,,1,0
GO:0032211,negative regulation of telomere maintenance via telomerase (GO:0032211),0.3409402157957585,0.6602136678679622,False,,,1,0
GO:0032212,positive regulation of telomere maintenance via telomerase (GO:0032212),0.3548086543787049,0.6712165716002133,False,,,1,0
GO:0032228,"regulation of synaptic transmission, GABAergic",,,,1.0,False,1,0
GO:0032228,"regulation of synaptic transmission, GABAergic (GO:0032228)",0.7406963349047497,0.910979636282009,False,,,1,0
GO:0032229,"negative regulation of synaptic transmission, GABAergic",,,,1.0,False,1,0
GO:0032231,regulation of actin filament bundle assembly,,,,0.0391501427551815,True,1,1
GO:0032231,regulation of actin filament bundle assembly (GO:0032231),0.3295116146606777,0.653861071747995,False,,,1,0
GO:0032232,negative regulation of actin filament bundle assembly,,,,1.0,False,1,0
GO:0032232,negative regulation of actin filament bundle assembly (GO:0032232),0.426811433607194,0.7341930919147786,False,,,1,0
GO:0032233,positive regulation of actin filament bundle assembly,,,,1.0,False,1,0
GO:0032233,positive regulation of actin filament bundle assembly (GO:0032233),0.0223881557748001,0.1812703553953179,False,,,1,0
GO:0032239,regulation of nucleobase-containing compound transport,,,,1.0,False,1,0
GO:0032241,positive regulation of nucleobase-containing compound transport,,,,1.0,False,1,0
GO:0032242,regulation of nucleoside transport,,,,1.0,False,1,0
GO:0032244,positive regulation of nucleoside transport,,,,1.0,False,1,0
GO:0032252,secretory granule localization,,,,1.0,False,1,0
GO:0032253,dense core granule localization,,,,1.0,False,1,0
GO:0032259,methylation,,,,1.0,False,1,0
GO:0032268,regulation of cellular protein metabolic process (GO:0032268),0.989070339241656,0.9970589596642688,False,,,1,0
GO:0032269,negative regulation of cellular protein metabolic process (GO:0032269),0.2596421316843383,0.5917054564946521,False,,,1,0
GO:0032270,positive regulation of cellular protein metabolic process (GO:0032270),0.0755616279727426,0.3277843338982313,False,,,1,0
GO:0032271,regulation of protein polymerization,,,,0.0005681573631646,True,1,1
GO:0032271,regulation of protein polymerization (GO:0032271),0.2605625574482797,0.5925142568353267,False,,,1,0
GO:0032272,negative regulation of protein polymerization,,,,0.0050686028241359,True,1,1
GO:0032272,negative regulation of protein polymerization (GO:0032272),0.2991410579674293,0.625836752824302,False,,,1,0
GO:0032273,positive regulation of protein polymerization,,,,1.0,False,1,0
GO:0032273,positive regulation of protein polymerization (GO:0032273),0.189828473030006,0.5081294271014911,False,,,1,0
GO:0032287,peripheral nervous system myelin maintenance,,,,1.0,False,1,0
GO:0032288,myelin assembly,,,,1.0,False,1,0
GO:0032288,myelin assembly (GO:0032288),0.0083871526097383,0.1118141425305107,False,,,1,0
GO:0032291,axon ensheathment in central nervous system,,,,1.0,False,1,0
GO:0032292,peripheral nervous system axon ensheathment,,,,1.0,False,1,0
GO:0032309,icosanoid secretion (GO:0032309),0.0679634252600955,0.3117113325411637,False,,,1,0
GO:0032328,alanine transport (GO:0032328),0.9936700364917656,0.9977707777975684,False,,,1,0
GO:0032330,regulation of chondrocyte differentiation (GO:0032330),0.7652741054216752,0.9244218732052274,False,,,1,0
GO:0032331,negative regulation of chondrocyte differentiation (GO:0032331),0.715268804608362,0.8984475223005142,False,,,1,0
GO:0032332,positive regulation of chondrocyte differentiation (GO:0032332),0.992440576122185,0.9977707777975684,False,,,1,0
GO:0032350,regulation of hormone metabolic process,,,,1.0,False,1,0
GO:0032352,positive regulation of hormone metabolic process,,,,1.0,False,1,0
GO:0032355,response to estradiol,,,,1.0,False,1,0
GO:0032355,response to estradiol (GO:0032355),0.601210022813674,0.8477284819822548,False,,,1,0
GO:0032365,intracellular lipid transport,,,,1.0,False,1,0
GO:0032365,intracellular lipid transport (GO:0032365),0.6148319146980654,0.8517596686731141,False,,,1,0
GO:0032366,intracellular sterol transport,,,,1.0,False,1,0
GO:0032366,intracellular sterol transport (GO:0032366),0.9157859107755753,0.9740818731272451,False,,,1,0
GO:0032367,intracellular cholesterol transport,,,,1.0,False,1,0
GO:0032367,intracellular cholesterol transport (GO:0032367),0.556893963775241,0.8252202383626392,False,,,1,0
GO:0032368,regulation of lipid transport,,,,1.0,False,1,0
GO:0032369,negative regulation of lipid transport,,,,1.0,False,1,0
GO:0032370,positive regulation of lipid transport (GO:0032370),0.3252411756796962,0.6515846663663928,False,,,1,0
GO:0032371,regulation of sterol transport,,,,1.0,False,1,0
GO:0032372,negative regulation of sterol transport,,,,1.0,False,1,0
GO:0032374,regulation of cholesterol transport,,,,1.0,False,1,0
GO:0032374,regulation of cholesterol transport (GO:0032374),0.007522314386381,0.1093102392075158,False,,,1,0
GO:0032375,negative regulation of cholesterol transport,,,,1.0,False,1,0
GO:0032375,negative regulation of cholesterol transport (GO:0032375),0.8976300230418894,0.9656727509925032,False,,,1,0
GO:0032376,positive regulation of cholesterol transport (GO:0032376),0.0082736497109289,0.1116795493009026,False,,,1,0
GO:0032377,regulation of intracellular lipid transport,,,,1.0,False,1,0
GO:0032378,negative regulation of intracellular lipid transport,,,,1.0,False,1,0
GO:0032380,regulation of intracellular sterol transport,,,,1.0,False,1,0
GO:0032381,negative regulation of intracellular sterol transport,,,,1.0,False,1,0
GO:0032383,regulation of intracellular cholesterol transport,,,,1.0,False,1,0
GO:0032384,negative regulation of intracellular cholesterol transport,,,,1.0,False,1,0
GO:0032386,regulation of intracellular transport,,,,1.0,False,1,0
GO:0032386,regulation of intracellular transport (GO:0032386),0.370327238561086,0.6828639843763732,False,,,1,0
GO:0032387,negative regulation of intracellular transport,,,,1.0,False,1,0
GO:0032388,positive regulation of intracellular transport,,,,1.0,False,1,0
GO:0032388,positive regulation of intracellular transport (GO:0032388),0.5224337386251592,0.8032392260256298,False,,,1,0
GO:0032392,DNA geometric change,,,,1.0,False,1,0
GO:0032392,DNA geometric change (GO:0032392),0.2563366546023714,0.5903369343696386,False,,,1,0
GO:0032400,melanosome localization (GO:0032400),0.1370774360816963,0.4485720231927254,False,,,1,0
GO:0032401,establishment of melanosome localization (GO:0032401),0.0618113889161174,0.2968284145584193,False,,,1,0
GO:0032402,melanosome transport (GO:0032402),0.1099807001675213,0.3975733686613402,False,,,1,0
GO:0032411,positive regulation of transporter activity,,,,1.0,False,1,0
GO:0032411,positive regulation of transporter activity (GO:0032411),0.1822672836573122,0.4977248429893344,False,,,1,0
GO:0032412,regulation of ion transmembrane transporter activity (GO:0032412),0.804738062491059,0.9366853555931376,False,,,1,0
GO:0032413,negative regulation of ion transmembrane transporter activity (GO:0032413),0.8438805969373275,0.9476095421772875,False,,,1,0
GO:0032414,positive regulation of ion transmembrane transporter activity,,,,1.0,False,1,0
GO:0032414,positive regulation of ion transmembrane transporter activity (GO:0032414),0.9963554293558584,0.9987251964975612,False,,,1,0
GO:0032418,lysosome localization,,,,1.0,False,1,0
GO:0032418,lysosome localization (GO:0032418),0.7642378371707903,0.9238882344570928,False,,,1,0
GO:0032434,regulation of proteasomal ubiquitin-dependent protein catabolic process,,,,1.0,False,1,0
GO:0032434,regulation of proteasomal ubiquitin-dependent protein catabolic process (GO:0032434),0.0390516929258992,0.2365257197463446,False,,,1,0
GO:0032435,negative regulation of proteasomal ubiquitin-dependent protein catabolic process (GO:0032435),0.4506718962217241,0.7537030433725748,False,,,1,0
GO:0032436,positive regulation of proteasomal ubiquitin-dependent protein catabolic process,,,,1.0,False,1,0
GO:0032436,positive regulation of proteasomal ubiquitin-dependent protein catabolic process (GO:0032436),0.0409688103020306,0.2414095773176559,False,,,1,0
GO:0032438,melanosome organization (GO:0032438),0.7396692610284317,0.9103067836083196,False,,,1,0
GO:0032446,protein modification by small protein conjugation,,,,1.0,False,1,0
GO:0032446,protein modification by small protein conjugation (GO:0032446),0.0482757487867473,0.2634675038102626,False,,,1,0
GO:0032456,endocytic recycling,,,,1.0,False,1,0
GO:0032456,endocytic recycling (GO:0032456),0.5200805175299543,0.8018965052809418,False,,,1,0
GO:0032465,regulation of cytokinesis,,,,1.0,False,1,0
GO:0032465,regulation of cytokinesis (GO:0032465),0.1117455987792325,0.398731002981777,False,,,1,0
GO:0032467,positive regulation of cytokinesis,,,,1.0,False,1,0
GO:0032467,positive regulation of cytokinesis (GO:0032467),0.4394129327133893,0.7442620094698764,False,,,1,0
GO:0032469,endoplasmic reticulum calcium ion homeostasis,,,,1.0,False,1,0
GO:0032469,endoplasmic reticulum calcium ion homeostasis (GO:0032469),0.4961824415810987,0.7825446989260322,False,,,1,0
GO:0032479,regulation of type I interferon production,,,,1.0,False,1,0
GO:0032479,regulation of type I interferon production (GO:0032479),0.0181271559574023,0.1608576538619588,False,,,1,0
GO:0032480,negative regulation of type I interferon production,,,,1.0,False,1,0
GO:0032480,negative regulation of type I interferon production (GO:0032480),0.0038438739981541,0.0779669201871579,False,,,1,0
GO:0032481,positive regulation of type I interferon production,,,,1.0,False,1,0
GO:0032481,positive regulation of type I interferon production (GO:0032481),0.0409880748200818,0.2414095773176559,False,,,1,0
GO:0032482,Rab protein signal transduction,,,,1.0,False,1,0
GO:0032486,Rap protein signal transduction (GO:0032486),0.8191973347443511,0.9407427635357396,False,,,1,0
GO:0032490,detection of molecule of bacterial origin,,,,1.0,False,1,0
GO:0032495,response to muramyl dipeptide (GO:0032495),0.4287754791189528,0.7362360309181476,False,,,1,0
GO:0032496,response to lipopolysaccharide,,,,1.0,False,1,0
GO:0032496,response to lipopolysaccharide (GO:0032496),0.050694196647097,0.2722247887760873,False,,,1,0
GO:0032497,detection of lipopolysaccharide,,,,1.0,False,1,0
GO:0032501,multicellular organismal process,,,,4.14820905957801e-10,True,1,1
GO:0032502,developmental process,,,,9.159442118897106e-13,True,1,1
GO:0032506,cytokinetic process,,,,1.0,False,1,0
GO:0032507,maintenance of protein location in cell,,,,1.0,False,1,0
GO:0032508,DNA duplex unwinding (GO:0032508),0.0321662083804261,0.216323454586802,False,,,1,0
GO:0032509,endosome transport via multivesicular body sorting pathway (GO:0032509),0.0181510877545263,0.1608576538619588,False,,,1,0
GO:0032511,late endosome to vacuole transport via multivesicular body sorting pathway (GO:0032511),0.0542846230332377,0.2789994243429145,False,,,1,0
GO:0032515,negative regulation of phosphoprotein phosphatase activity (GO:0032515),0.9349075906561236,0.9801917578783246,False,,,1,0
GO:0032516,positive regulation of phosphoprotein phosphatase activity (GO:0032516),0.0251603265765546,0.1908662374097433,False,,,1,0
GO:0032526,response to retinoic acid,,,,1.0,False,1,0
GO:0032526,response to retinoic acid (GO:0032526),0.145604827887946,0.4554795731574688,False,,,1,0
GO:0032527,protein exit from endoplasmic reticulum,,,,1.0,False,1,0
GO:0032527,protein exit from endoplasmic reticulum (GO:0032527),0.4081592116793843,0.7165990248136312,False,,,1,0
GO:0032528,microvillus organization,,,,1.0,False,1,0
GO:0032528,microvillus organization (GO:0032528),0.6423984360014494,0.8688101294247363,False,,,1,0
GO:0032535,regulation of cellular component size,,,,0.3631338205010709,False,1,0
GO:0032535,regulation of cellular component size (GO:0032535),0.973169685965842,0.9935030022595036,False,,,1,0
GO:0032536,regulation of cell projection size,,,,1.0,False,1,0
GO:0032543,mitochondrial translation (GO:0032543),0.1037784958340063,0.3859012486357332,False,,,1,0
GO:0032570,response to progesterone,,,,1.0,False,1,0
GO:0032570,response to progesterone (GO:0032570),0.6247750326743656,0.8589177138042156,False,,,1,0
GO:0032602,chemokine production,,,,1.0,False,1,0
GO:0032606,type I interferon production,,,,1.0,False,1,0
GO:0032607,interferon-alpha production,,,,1.0,False,1,0
GO:0032608,interferon-beta production,,,,1.0,False,1,0
GO:0032611,interleukin-1 beta production,,,,1.0,False,1,0
GO:0032612,interleukin-1 production,,,,1.0,False,1,0
GO:0032635,interleukin-6 production,,,,1.0,False,1,0
GO:0032637,interleukin-8 production,,,,1.0,False,1,0
GO:0032640,tumor necrosis factor production,,,,1.0,False,1,0
GO:0032642,regulation of chemokine production,,,,1.0,False,1,0
GO:0032642,regulation of chemokine production (GO:0032642),0.3215696677368822,0.6484389950696408,False,,,1,0
GO:0032645,regulation of granulocyte macrophage colony-stimulating factor production (GO:0032645),0.9935356652958892,0.9977707777975684,False,,,1,0
GO:0032647,regulation of interferon-alpha production,,,,1.0,False,1,0
GO:0032647,regulation of interferon-alpha production (GO:0032647),0.6118763652266266,0.8510623591142629,False,,,1,0
GO:0032648,regulation of interferon-beta production,,,,1.0,False,1,0
GO:0032648,regulation of interferon-beta production (GO:0032648),0.0095390547594711,0.1170926689406927,False,,,1,0
GO:0032649,regulation of interferon-gamma production (GO:0032649),0.4783148492663548,0.7700254919277794,False,,,1,0
GO:0032651,regulation of interleukin-1 beta production,,,,1.0,False,1,0
GO:0032651,regulation of interleukin-1 beta production (GO:0032651),0.0426679786090495,0.2474612276209861,False,,,1,0
GO:0032652,regulation of interleukin-1 production,,,,1.0,False,1,0
GO:0032652,regulation of interleukin-1 production (GO:0032652),0.2702349238136564,0.6006492760428122,False,,,1,0
GO:0032653,regulation of interleukin-10 production (GO:0032653),0.1374038238367128,0.4485720231927254,False,,,1,0
GO:0032655,regulation of interleukin-12 production (GO:0032655),0.3634265530711175,0.6767650070072623,False,,,1,0
GO:0032656,regulation of interleukin-13 production (GO:0032656),0.0062891958194807,0.100230755223909,False,,,1,0
GO:0032660,regulation of interleukin-17 production (GO:0032660),0.4865531169218057,0.7757444188669227,False,,,1,0
GO:0032663,regulation of interleukin-2 production (GO:0032663),0.2994758913855523,0.6258468628239118,False,,,1,0
GO:0032673,regulation of interleukin-4 production (GO:0032673),0.0110319877839261,0.1271864123538965,False,,,1,0
GO:0032674,regulation of interleukin-5 production (GO:0032674),0.0745128831690845,0.326278072440219,False,,,1,0
GO:0032675,regulation of interleukin-6 production,,,,1.0,False,1,0
GO:0032675,regulation of interleukin-6 production (GO:0032675),0.0030616645298159,0.0706070607752913,False,,,1,0
GO:0032677,regulation of interleukin-8 production,,,,1.0,False,1,0
GO:0032677,regulation of interleukin-8 production (GO:0032677),0.0373300063024321,0.2304341001174279,False,,,1,0
GO:0032680,regulation of tumor necrosis factor production,,,,1.0,False,1,0
GO:0032680,regulation of tumor necrosis factor production (GO:0032680),0.1232634370133675,0.420958282759785,False,,,1,0
GO:0032682,negative regulation of chemokine production (GO:0032682),0.3676523836662694,0.6805785706423425,False,,,1,0
GO:0032687,negative regulation of interferon-alpha production,,,,1.0,False,1,0
GO:0032688,negative regulation of interferon-beta production,,,,1.0,False,1,0
GO:0032689,negative regulation of interferon-gamma production (GO:0032689),0.6831536593902271,0.8857886079933793,False,,,1,0
GO:0032691,negative regulation of interleukin-1 beta production,,,,1.0,False,1,0
GO:0032691,negative regulation of interleukin-1 beta production (GO:0032691),0.2196366473745079,0.547098095186593,False,,,1,0
GO:0032692,negative regulation of interleukin-1 production,,,,1.0,False,1,0
GO:0032692,negative regulation of interleukin-1 production (GO:0032692),0.158212637013873,0.4727411226183108,False,,,1,0
GO:0032693,negative regulation of interleukin-10 production (GO:0032693),0.1981943592010697,0.5168912916179783,False,,,1,0
GO:0032695,negative regulation of interleukin-12 production (GO:0032695),0.4377899111441073,0.743968249538351,False,,,1,0
GO:0032700,negative regulation of interleukin-17 production (GO:0032700),0.8435006549021576,0.9476095421772875,False,,,1,0
GO:0032703,negative regulation of interleukin-2 production (GO:0032703),0.2268215750104232,0.5543390683083346,False,,,1,0
GO:0032715,negative regulation of interleukin-6 production,,,,1.0,False,1,0
GO:0032715,negative regulation of interleukin-6 production (GO:0032715),0.2040813577642316,0.524110120982228,False,,,1,0
GO:0032717,negative regulation of interleukin-8 production,,,,1.0,False,1,0
GO:0032717,negative regulation of interleukin-8 production (GO:0032717),0.0508813935227123,0.2722247887760873,False,,,1,0
GO:0032720,negative regulation of tumor necrosis factor production,,,,1.0,False,1,0
GO:0032720,negative regulation of tumor necrosis factor production (GO:0032720),0.6067777182893241,0.8504895159687053,False,,,1,0
GO:0032722,positive regulation of chemokine production,,,,1.0,False,1,0
GO:0032722,positive regulation of chemokine production (GO:0032722),0.4657552278059265,0.7631006590271617,False,,,1,0
GO:0032725,positive regulation of granulocyte macrophage colony-stimulating factor production (GO:0032725),0.5828881974710081,0.8365096227799976,False,,,1,0
GO:0032727,positive regulation of interferon-alpha production,,,,1.0,False,1,0
GO:0032727,positive regulation of interferon-alpha production (GO:0032727),0.834868106050716,0.9474416955400868,False,,,1,0
GO:0032728,positive regulation of interferon-beta production,,,,1.0,False,1,0
GO:0032728,positive regulation of interferon-beta production (GO:0032728),0.429362939014981,0.7365778506032669,False,,,1,0
GO:0032729,positive regulation of interferon-gamma production (GO:0032729),0.8599209300509701,0.9528267849547202,False,,,1,0
GO:0032731,positive regulation of interleukin-1 beta production,,,,1.0,False,1,0
GO:0032731,positive regulation of interleukin-1 beta production (GO:0032731),0.0247565803973497,0.1885322680554627,False,,,1,0
GO:0032732,positive regulation of interleukin-1 production,,,,1.0,False,1,0
GO:0032732,positive regulation of interleukin-1 production (GO:0032732),0.023256246449002,0.1841564567454376,False,,,1,0
GO:0032733,positive regulation of interleukin-10 production (GO:0032733),0.3162978049073887,0.6443166348086602,False,,,1,0
GO:0032735,positive regulation of interleukin-12 production (GO:0032735),0.1300057030352533,0.4325540628181717,False,,,1,0
GO:0032736,positive regulation of interleukin-13 production (GO:0032736),0.0796803303440997,0.3355334133611102,False,,,1,0
GO:0032740,positive regulation of interleukin-17 production (GO:0032740),0.3729753704183,0.6867454271828212,False,,,1,0
GO:0032743,positive regulation of interleukin-2 production (GO:0032743),0.6716143976942324,0.8829147738528108,False,,,1,0
GO:0032753,positive regulation of interleukin-4 production (GO:0032753),0.0445882447316116,0.2524227048761241,False,,,1,0
GO:0032755,positive regulation of interleukin-6 production,,,,1.0,False,1,0
GO:0032755,positive regulation of interleukin-6 production (GO:0032755),0.0173875911797898,0.1579018876231092,False,,,1,0
GO:0032757,positive regulation of interleukin-8 production (GO:0032757),0.1946990249378767,0.5135683724076727,False,,,1,0
GO:0032760,positive regulation of tumor necrosis factor production,,,,1.0,False,1,0
GO:0032760,positive regulation of tumor necrosis factor production (GO:0032760),0.0859853474867351,0.3479052115431446,False,,,1,0
GO:0032762,mast cell cytokine production,,,,1.0,False,1,0
GO:0032763,regulation of mast cell cytokine production,,,,1.0,False,1,0
GO:0032765,positive regulation of mast cell cytokine production,,,,1.0,False,1,0
GO:0032768,regulation of monooxygenase activity (GO:0032768),0.0617038085502805,0.2968284145584193,False,,,1,0
GO:0032770,positive regulation of monooxygenase activity (GO:0032770),0.2596184125038203,0.5917054564946521,False,,,1,0
GO:0032774,RNA biosynthetic process,,,,1.0,False,1,0
GO:0032774,RNA biosynthetic process (GO:0032774),0.3978394552124431,0.7094346336468236,False,,,1,0
GO:0032780,negative regulation of ATPase activity (GO:0032780),0.1909348437371826,0.5103705865363873,False,,,1,0
GO:0032781,positive regulation of ATPase activity (GO:0032781),0.1672100252010608,0.4837739325611166,False,,,1,0
GO:0032784,regulation of DNA-templated transcription elongation,,,,1.0,False,1,0
GO:0032784,"regulation of DNA-templated transcription, elongation (GO:0032784)",0.065897380731734,0.3066856013686715,False,,,1,0
GO:0032785,"negative regulation of DNA-templated transcription, elongation (GO:0032785)",0.5884811115786337,0.8416700061152932,False,,,1,0
GO:0032786,"positive regulation of DNA-templated transcription, elongation",,,,1.0,False,1,0
GO:0032786,"positive regulation of DNA-templated transcription, elongation (GO:0032786)",0.0236118400158326,0.1856712808038966,False,,,1,0
GO:0032787,monocarboxylic acid metabolic process,,,,1.0,False,1,0
GO:0032787,monocarboxylic acid metabolic process (GO:0032787),0.0937328748358587,0.3620456153283222,False,,,1,0
GO:0032790,ribosome disassembly,,,,1.0,False,1,0
GO:0032793,positive regulation of CREB transcription factor activity (GO:0032793),0.0154828644065433,0.1521412038705154,False,,,1,0
GO:0032796,uropod organization,,,,1.0,False,1,0
GO:0032799,low-density lipoprotein receptor particle metabolic process,,,,1.0,False,1,0
GO:0032799,low-density lipoprotein receptor particle metabolic process (GO:0032799),0.2488716336663476,0.5812623808475719,False,,,1,0
GO:0032801,receptor catabolic process,,,,1.0,False,1,0
GO:0032801,receptor catabolic process (GO:0032801),0.3604237160583635,0.6758957767306415,False,,,1,0
GO:0032802,low-density lipoprotein particle receptor catabolic process,,,,1.0,False,1,0
GO:0032802,low-density lipoprotein particle receptor catabolic process (GO:0032802),0.2488716336663476,0.5812623808475719,False,,,1,0
GO:0032803,regulation of low-density lipoprotein particle receptor catabolic process,,,,1.0,False,1,0
GO:0032805,positive regulation of low-density lipoprotein particle receptor catabolic process,,,,1.0,False,1,0
GO:0032814,regulation of natural killer cell activation (GO:0032814),0.7873973335967941,0.932146718580724,False,,,1,0
GO:0032816,positive regulation of natural killer cell activation (GO:0032816),0.4082706281629995,0.7165990248136312,False,,,1,0
GO:0032835,glomerulus development,,,,1.0,False,1,0
GO:0032868,response to insulin,,,,1.0,False,1,0
GO:0032868,response to insulin (GO:0032868),0.063321138029029,0.30097378013046,False,,,1,0
GO:0032869,cellular response to insulin stimulus,,,,1.0,False,1,0
GO:0032869,cellular response to insulin stimulus (GO:0032869),0.5462219378291564,0.819770915143543,False,,,1,0
GO:0032870,cellular response to hormone stimulus,,,,1.0,False,1,0
GO:0032870,cellular response to hormone stimulus (GO:0032870),0.9063318260282124,0.9688574613736848,False,,,1,0
GO:0032872,regulation of stress-activated MAPK cascade (GO:0032872),0.3156682737298474,0.6433797755278405,False,,,1,0
GO:0032873,negative regulation of stress-activated MAPK cascade (GO:0032873),0.2370515783528002,0.5654947400579693,False,,,1,0
GO:0032874,positive regulation of stress-activated MAPK cascade (GO:0032874),0.0007001094074809,0.0327841355873505,True,,,1,1
GO:0032878,regulation of establishment or maintenance of cell polarity (GO:0032878),0.3248085905910924,0.6511622537589925,False,,,1,0
GO:0032879,regulation of localization,,,,4.7598951867673357e-11,True,1,1
GO:0032880,regulation of protein localization,,,,0.1141664847986534,False,1,0
GO:0032880,regulation of protein localization (GO:0032880),0.4795265800811069,0.7705134732773786,False,,,1,0
GO:0032881,regulation of polysaccharide metabolic process,,,,1.0,False,1,0
GO:0032885,regulation of polysaccharide biosynthetic process,,,,1.0,False,1,0
GO:0032886,regulation of microtubule-based process,,,,0.1253733463352308,False,1,0
GO:0032886,regulation of microtubule-based process (GO:0032886),0.0378931687001444,0.2329477939702557,False,,,1,0
GO:0032887,regulation of spindle elongation,,,,1.0,False,1,0
GO:0032888,regulation of mitotic spindle elongation,,,,1.0,False,1,0
GO:0032890,regulation of organic acid transport,,,,1.0,False,1,0
GO:0032891,negative regulation of organic acid transport,,,,1.0,False,1,0
GO:0032897,negative regulation of viral transcription (GO:0032897),0.4446573246469402,0.7479313669116825,False,,,1,0
GO:0032898,neurotrophin production,,,,1.0,False,1,0
GO:0032899,regulation of neurotrophin production,,,,1.0,False,1,0
GO:0032900,negative regulation of neurotrophin production,,,,1.0,False,1,0
GO:0032905,transforming growth factor beta1 production,,,,1.0,False,1,0
GO:0032908,regulation of transforming growth factor beta1 production,,,,1.0,False,1,0
GO:0032914,positive regulation of transforming growth factor beta1 production,,,,1.0,False,1,0
GO:0032922,circadian regulation of gene expression,,,,0.0378912077686661,True,1,1
GO:0032924,activin receptor signaling pathway (GO:0032924),0.4784998904491895,0.7700254919277794,False,,,1,0
GO:0032925,regulation of activin receptor signaling pathway (GO:0032925),0.7538138448685123,0.919932305576513,False,,,1,0
GO:0032926,negative regulation of activin receptor signaling pathway (GO:0032926),0.5163960784324797,0.7981431848664072,False,,,1,0
GO:0032928,regulation of superoxide anion generation (GO:0032928),0.155809260205587,0.4716097247961938,False,,,1,0
GO:0032930,positive regulation of superoxide anion generation (GO:0032930),0.0901274322809572,0.3554210303122367,False,,,1,0
GO:0032940,secretion by cell,,,,0.0135381425020297,True,1,1
GO:0032941,secretion by tissue,,,,1.0,False,1,0
GO:0032943,mononuclear cell proliferation,,,,1.0,False,1,0
GO:0032944,regulation of mononuclear cell proliferation,,,,1.0,False,1,0
GO:0032946,positive regulation of mononuclear cell proliferation,,,,1.0,False,1,0
GO:0032956,regulation of actin cytoskeleton organization,,,,0.000116485694956,True,1,1
GO:0032956,regulation of actin cytoskeleton organization (GO:0032956),6.118303261732724e-05,0.0062720876410141,True,,,1,1
GO:0032958,inositol phosphate biosynthetic process (GO:0032958),0.1916120283034011,0.5111001570708865,False,,,1,0
GO:0032965,regulation of collagen biosynthetic process (GO:0032965),0.7517936926889025,0.9183747105858316,False,,,1,0
GO:0032967,positive regulation of collagen biosynthetic process (GO:0032967),0.956663424565796,0.9907823328368796,False,,,1,0
GO:0032968,positive regulation of transcription elongation by RNA polymerase II,,,,1.0,False,1,0
GO:0032970,regulation of actin filament-based process,,,,2.209927142315029e-06,True,1,1
GO:0032970,regulation of actin filament-based process (GO:0032970),0.0008187684841902,0.0345065428948188,True,,,1,1
GO:0032981,mitochondrial respiratory chain complex I assembly,,,,1.0,False,1,0
GO:0032981,mitochondrial respiratory chain complex I assembly (GO:0032981),0.0220495209609118,0.1805249818226135,False,,,1,0
GO:0032984,protein-containing complex disassembly,,,,0.3052539257088899,False,1,0
GO:0032984,protein-containing complex disassembly (GO:0032984),0.1741361719236053,0.4914423363885676,False,,,1,0
GO:0032986,protein-DNA complex disassembly (GO:0032986),0.1646349556865838,0.4810942888437691,False,,,1,0
GO:0032989,cellular anatomical entity morphogenesis,,,,1.0,False,1,0
GO:0032990,cell part morphogenesis (GO:0032990),0.0857330888978901,0.3477920921814945,False,,,1,0
GO:0033002,muscle cell proliferation,,,,1.0,False,1,0
GO:0033003,regulation of mast cell activation,,,,1.0,False,1,0
GO:0033003,regulation of mast cell activation (GO:0033003),0.9847403572630068,0.9967019476166986,False,,,1,0
GO:0033005,positive regulation of mast cell activation,,,,1.0,False,1,0
GO:0033013,tetrapyrrole metabolic process,,,,1.0,False,1,0
GO:0033013,tetrapyrrole metabolic process (GO:0033013),0.4994334262101565,0.7851977674515281,False,,,1,0
GO:0033014,tetrapyrrole biosynthetic process,,,,1.0,False,1,0
GO:0033036,macromolecule localization,,,,6.217436879904137e-06,True,1,1
GO:0033043,regulation of organelle organization,,,,4.355735158699756e-05,True,1,1
GO:0033043,regulation of organelle organization (GO:0033043),0.1040693476386718,0.3859012486357332,False,,,1,0
GO:0033044,regulation of chromosome organization,,,,1.0,False,1,0
GO:0033044,regulation of chromosome organization (GO:0033044),0.066167573250453,0.307151254989894,False,,,1,0
GO:0033045,regulation of sister chromatid segregation,,,,1.0,False,1,0
GO:0033047,regulation of mitotic sister chromatid segregation,,,,1.0,False,1,0
GO:0033077,T cell differentiation in thymus,,,,1.0,False,1,0
GO:0033077,T cell differentiation in thymus (GO:0033077),0.6661639092366166,0.8816317376126855,False,,,1,0
GO:0033081,regulation of T cell differentiation in thymus,,,,1.0,False,1,0
GO:0033081,regulation of T cell differentiation in thymus (GO:0033081),0.780035650984008,0.9277752349270436,False,,,1,0
GO:0033089,positive regulation of T cell differentiation in thymus,,,,1.0,False,1,0
GO:0033108,mitochondrial respiratory chain complex assembly,,,,1.0,False,1,0
GO:0033108,mitochondrial respiratory chain complex assembly (GO:0033108),0.0038098653494294,0.0776925767225058,False,,,1,0
GO:0033119,negative regulation of RNA splicing,,,,1.0,False,1,0
GO:0033119,negative regulation of RNA splicing (GO:0033119),0.8595322362736706,0.9528267849547202,False,,,1,0
GO:0033120,positive regulation of RNA splicing,,,,1.0,False,1,0
GO:0033120,positive regulation of RNA splicing (GO:0033120),0.1446166656790845,0.4546305106179801,False,,,1,0
GO:0033121,regulation of purine nucleotide catabolic process,,,,1.0,False,1,0
GO:0033122,negative regulation of purine nucleotide catabolic process,,,,1.0,False,1,0
GO:0033135,regulation of peptidyl-serine phosphorylation,,,,1.0,False,1,0
GO:0033135,regulation of peptidyl-serine phosphorylation (GO:0033135),0.0008012469204728,0.0345065428948188,True,,,1,1
GO:0033137,negative regulation of peptidyl-serine phosphorylation,,,,1.0,False,1,0
GO:0033137,negative regulation of peptidyl-serine phosphorylation (GO:0033137),0.0027254853916537,0.0642097272704524,False,,,1,0
GO:0033138,positive regulation of peptidyl-serine phosphorylation,,,,1.0,False,1,0
GO:0033138,positive regulation of peptidyl-serine phosphorylation (GO:0033138),0.0130458817118588,0.1378357363038457,False,,,1,0
GO:0033143,regulation of intracellular steroid hormone receptor signaling pathway,,,,1.0,False,1,0
GO:0033143,regulation of intracellular steroid hormone receptor signaling pathway (GO:0033143),0.8312731423289519,0.9465683064706436,False,,,1,0
GO:0033144,negative regulation of intracellular steroid hormone receptor signaling pathway,,,,1.0,False,1,0
GO:0033144,negative regulation of intracellular steroid hormone receptor signaling pathway (GO:0033144),0.4863449259474645,0.7757444188669227,False,,,1,0
GO:0033145,positive regulation of intracellular steroid hormone receptor signaling pathway,,,,1.0,False,1,0
GO:0033146,regulation of intracellular estrogen receptor signaling pathway,,,,1.0,False,1,0
GO:0033146,regulation of intracellular estrogen receptor signaling pathway (GO:0033146),0.7796741358868743,0.9276760077130836,False,,,1,0
GO:0033147,negative regulation of intracellular estrogen receptor signaling pathway (GO:0033147),0.6315654719771993,0.8629953501742139,False,,,1,0
GO:0033148,positive regulation of intracellular estrogen receptor signaling pathway,,,,1.0,False,1,0
GO:0033151,V(D)J recombination (GO:0033151),0.9876996086966038,0.9970589596642688,False,,,1,0
GO:0033157,regulation of intracellular protein transport,,,,1.0,False,1,0
GO:0033157,regulation of intracellular protein transport (GO:0033157),0.9753960736469124,0.9935030022595036,False,,,1,0
GO:0033169,histone H3-K9 demethylation (GO:0033169),0.4929633015375759,0.7799262791897895,False,,,1,0
GO:0033173,calcineurin-NFAT signaling cascade,,,,1.0,False,1,0
GO:0033173,calcineurin-NFAT signaling cascade (GO:0033173),0.7287406978480099,0.9041915168261372,False,,,1,0
GO:0033194,response to hydroperoxide,,,,1.0,False,1,0
GO:0033198,response to ATP,,,,1.0,False,1,0
GO:0033198,response to ATP (GO:0033198),0.8493509569591982,0.9489214078781264,False,,,1,0
GO:0033206,meiotic cytokinesis,,,,1.0,False,1,0
GO:0033209,tumor necrosis factor-mediated signaling pathway (GO:0033209),0.2075135034938162,0.5296761229825337,False,,,1,0
GO:0033210,leptin-mediated signaling pathway (GO:0033210),0.9295986620527396,0.9780770388810102,False,,,1,0
GO:0033233,regulation of protein sumoylation,,,,1.0,False,1,0
GO:0033233,regulation of protein sumoylation (GO:0033233),0.5687541540228549,0.8314233713582724,False,,,1,0
GO:0033235,positive regulation of protein sumoylation (GO:0033235),0.6527903486658728,0.875170836201874,False,,,1,0
GO:0033238,regulation of amine metabolic process,,,,1.0,False,1,0
GO:0033238,regulation of cellular amine metabolic process (GO:0033238),2.148185853149041e-06,0.0004792981729996,True,,,1,1
GO:0033239,negative regulation of amine metabolic process,,,,1.0,False,1,0
GO:0033241,regulation of amine catabolic process,,,,1.0,False,1,0
GO:0033242,negative regulation of amine catabolic process,,,,1.0,False,1,0
GO:0033275,actin-myosin filament sliding (GO:0033275),0.8370358876232087,0.9474416955400868,False,,,1,0
GO:0033344,cholesterol efflux,,,,1.0,False,1,0
GO:0033344,cholesterol efflux (GO:0033344),0.4399249736966683,0.7442620094698764,False,,,1,0
GO:0033363,secretory granule organization (GO:0033363),0.5335590661010388,0.809515815088496,False,,,1,0
GO:0033365,protein localization to organelle,,,,1.0,False,1,0
GO:0033365,protein localization to organelle (GO:0033365),0.5430584259267985,0.8174141791134549,False,,,1,0
GO:0033500,carbohydrate homeostasis,,,,1.0,False,1,0
GO:0033500,carbohydrate homeostasis (GO:0033500),0.3066869593717584,0.633585858876405,False,,,1,0
GO:0033522,histone H2A ubiquitination (GO:0033522),0.6398815402749353,0.868638543350704,False,,,1,0
GO:0033523,histone H2B ubiquitination (GO:0033523),0.0661444298763246,0.307151254989894,False,,,1,0
GO:0033539,fatty acid beta-oxidation using acyl-CoA dehydrogenase (GO:0033539),0.1831882480156733,0.4984744817618488,False,,,1,0
GO:0033540,fatty acid beta-oxidation using acyl-CoA oxidase (GO:0033540),0.0356122553944249,0.2243808716130465,False,,,1,0
GO:0033554,cellular response to stress,,,,0.0009681314249955,True,1,1
GO:0033555,multicellular organismal response to stress,,,,1.0,False,1,0
GO:0033559,unsaturated fatty acid metabolic process,,,,1.0,False,1,0
GO:0033559,unsaturated fatty acid metabolic process (GO:0033559),0.55039421954073,0.8214952847147603,False,,,1,0
GO:0033561,regulation of water loss via skin (GO:0033561),0.6528330830637807,0.875170836201874,False,,,1,0
GO:0033572,transferrin transport,,,,1.0,False,1,0
GO:0033572,transferrin transport (GO:0033572),0.1131693532491869,0.4003999491545427,False,,,1,0
GO:0033574,response to testosterone,,,,1.0,False,1,0
GO:0033605,positive regulation of catecholamine secretion,,,,1.0,False,1,0
GO:0033617,mitochondrial cytochrome c oxidase assembly (GO:0033617),0.0708932178862882,0.3197359993373262,False,,,1,0
GO:0033619,membrane protein proteolysis,,,,1.0,False,1,0
GO:0033619,membrane protein proteolysis (GO:0033619),0.4564121793742993,0.7566308550553835,False,,,1,0
GO:0033622,integrin activation,,,,1.0,False,1,0
GO:0033623,regulation of integrin activation (GO:0033623),0.0197296894015194,0.1689271148983367,False,,,1,0
GO:0033625,positive regulation of integrin activation (GO:0033625),0.266986340692425,0.5978035361548808,False,,,1,0
GO:0033628,regulation of cell adhesion mediated by integrin (GO:0033628),0.0259646234403571,0.1934849051262762,False,,,1,0
GO:0033629,negative regulation of cell adhesion mediated by integrin (GO:0033629),0.0657514083160086,0.3066856013686715,False,,,1,0
GO:0033630,positive regulation of cell adhesion mediated by integrin (GO:0033630),0.5977120725305487,0.8457598689554107,False,,,1,0
GO:0033632,regulation of cell-cell adhesion mediated by integrin (GO:0033632),0.890000228527353,0.9650574233288308,False,,,1,0
GO:0033673,negative regulation of kinase activity,,,,1.0,False,1,0
GO:0033673,negative regulation of kinase activity (GO:0033673),0.0339595597336417,0.2198099147947155,False,,,1,0
GO:0033674,positive regulation of kinase activity (GO:0033674),0.0211127178850964,0.176271066087059,False,,,1,0
GO:0033683,"nucleotide-excision repair, DNA incision (GO:0033683)",0.4112103851193637,0.7187654335289155,False,,,1,0
GO:0033688,regulation of osteoblast proliferation (GO:0033688),0.2769574342289965,0.6082799930692437,False,,,1,0
GO:0033692,cellular polysaccharide biosynthetic process (GO:0033692),0.0126525025787481,0.1345565143910386,False,,,1,0
GO:0033700,phospholipid efflux (GO:0033700),0.4537727390251813,0.7552259759203654,False,,,1,0
GO:0033750,ribosome localization,,,,1.0,False,1,0
GO:0033762,response to glucagon (GO:0033762),0.1519381447258938,0.4658147940071011,False,,,1,0
GO:0033875,ribonucleoside bisphosphate metabolic process (GO:0033875),0.4436078919171768,0.7468111179252326,False,,,1,0
GO:0033962,P-body assembly,,,,1.0,False,1,0
GO:0033962,P-body assembly (GO:0033962),0.4597955523394879,0.7587860915096749,False,,,1,0
GO:0033993,response to lipid,,,,0.5009121021357156,False,1,0
GO:0033993,response to lipid (GO:0033993),0.0652471863372028,0.3057546255073841,False,,,1,0
GO:0034030,ribonucleoside bisphosphate biosynthetic process (GO:0034030),0.8964305834689186,0.9655355225163764,False,,,1,0
GO:0034032,purine nucleoside bisphosphate metabolic process (GO:0034032),0.4436078919171768,0.7468111179252326,False,,,1,0
GO:0034033,purine nucleoside bisphosphate biosynthetic process (GO:0034033),0.8964305834689186,0.9655355225163764,False,,,1,0
GO:0034035,purine ribonucleoside bisphosphate metabolic process (GO:0034035),0.4728666186626827,0.7674724367084106,False,,,1,0
GO:0034063,stress granule assembly,,,,0.2544361678137675,False,1,0
GO:0034063,stress granule assembly (GO:0034063),0.840922901598919,0.9476095421772875,False,,,1,0
GO:0034067,protein localization to Golgi apparatus,,,,1.0,False,1,0
GO:0034067,protein localization to Golgi apparatus (GO:0034067),0.1605918730872246,0.4751364856629042,False,,,1,0
GO:0034080,CENP-A containing nucleosome assembly (GO:0034080),0.5145775465836153,0.7963250241500013,False,,,1,0
GO:0034097,response to cytokine,,,,1.0,False,1,0
GO:0034097,response to cytokine (GO:0034097),0.0021891349979642,0.0601694858498437,False,,,1,0
GO:0034101,erythrocyte homeostasis,,,,1.0,False,1,0
GO:0034103,regulation of tissue remodeling,,,,1.0,False,1,0
GO:0034103,regulation of tissue remodeling (GO:0034103),0.4422687460336555,0.7458983342399536,False,,,1,0
GO:0034105,positive regulation of tissue remodeling (GO:0034105),0.5696992729133008,0.8314233713582724,False,,,1,0
GO:0034109,homotypic cell-cell adhesion,,,,1.0,False,1,0
GO:0034109,homotypic cell-cell adhesion (GO:0034109),0.3580728442354616,0.6750033548523887,False,,,1,0
GO:0034110,regulation of homotypic cell-cell adhesion (GO:0034110),0.3345340958268812,0.6574548318504458,False,,,1,0
GO:0034111,negative regulation of homotypic cell-cell adhesion (GO:0034111),0.484239109221126,0.7746600342790936,False,,,1,0
GO:0034113,heterotypic cell-cell adhesion,,,,1.0,False,1,0
GO:0034113,heterotypic cell-cell adhesion (GO:0034113),0.412471617847139,0.7206378841520951,False,,,1,0
GO:0034114,regulation of heterotypic cell-cell adhesion (GO:0034114),0.1081138381472397,0.3943036423966158,False,,,1,0
GO:0034115,negative regulation of heterotypic cell-cell adhesion (GO:0034115),0.0400664131114145,0.2389495360559678,False,,,1,0
GO:0034116,positive regulation of heterotypic cell-cell adhesion (GO:0034116),0.4932152051816058,0.7799262791897895,False,,,1,0
GO:0034121,regulation of toll-like receptor signaling pathway,,,,1.0,False,1,0
GO:0034121,regulation of toll-like receptor signaling pathway (GO:0034121),0.3619151918112134,0.6758957767306415,False,,,1,0
GO:0034122,negative regulation of toll-like receptor signaling pathway,,,,1.0,False,1,0
GO:0034122,negative regulation of toll-like receptor signaling pathway (GO:0034122),0.0062712932077003,0.100230755223909,False,,,1,0
GO:0034123,positive regulation of toll-like receptor signaling pathway (GO:0034123),0.4311829854168145,0.7380479578831012,False,,,1,0
GO:0034134,toll-like receptor 2 signaling pathway,,,,1.0,False,1,0
GO:0034135,regulation of toll-like receptor 2 signaling pathway,,,,1.0,False,1,0
GO:0034135,regulation of toll-like receptor 2 signaling pathway (GO:0034135),0.1269880184824205,0.4289096652749965,False,,,1,0
GO:0034137,positive regulation of toll-like receptor 2 signaling pathway,,,,1.0,False,1,0
GO:0034138,toll-like receptor 3 signaling pathway (GO:0034138),0.7739898471731446,0.9260907468278736,False,,,1,0
GO:0034142,toll-like receptor 4 signaling pathway,,,,1.0,False,1,0
GO:0034142,toll-like receptor 4 signaling pathway (GO:0034142),0.7491860788849357,0.916074402711335,False,,,1,0
GO:0034143,regulation of toll-like receptor 4 signaling pathway,,,,1.0,False,1,0
GO:0034143,regulation of toll-like receptor 4 signaling pathway (GO:0034143),0.981037554595048,0.9955985449682774,False,,,1,0
GO:0034145,positive regulation of toll-like receptor 4 signaling pathway,,,,1.0,False,1,0
GO:0034145,positive regulation of toll-like receptor 4 signaling pathway (GO:0034145),0.9163160070324152,0.9742175027602774,False,,,1,0
GO:0034154,toll-like receptor 7 signaling pathway,,,,1.0,False,1,0
GO:0034155,regulation of toll-like receptor 7 signaling pathway,,,,1.0,False,1,0
GO:0034157,positive regulation of toll-like receptor 7 signaling pathway,,,,1.0,False,1,0
GO:0034158,toll-like receptor 8 signaling pathway,,,,1.0,False,1,0
GO:0034159,regulation of toll-like receptor 8 signaling pathway,,,,1.0,False,1,0
GO:0034161,positive regulation of toll-like receptor 8 signaling pathway,,,,1.0,False,1,0
GO:0034162,toll-like receptor 9 signaling pathway,,,,1.0,False,1,0
GO:0034162,toll-like receptor 9 signaling pathway (GO:0034162),0.947088573125902,0.9860848086375368,False,,,1,0
GO:0034163,regulation of toll-like receptor 9 signaling pathway,,,,1.0,False,1,0
GO:0034164,negative regulation of toll-like receptor 9 signaling pathway,,,,1.0,False,1,0
GO:0034165,positive regulation of toll-like receptor 9 signaling pathway,,,,1.0,False,1,0
GO:0034198,cellular response to amino acid starvation,,,,1.0,False,1,0
GO:0034198,cellular response to amino acid starvation (GO:0034198),0.1425003101180701,0.453391850560826,False,,,1,0
GO:0034199,activation of protein kinase A activity (GO:0034199),0.5769784644561471,0.8339084424605497,False,,,1,0
GO:0034204,lipid translocation,,,,1.0,False,1,0
GO:0034204,lipid translocation (GO:0034204),0.4428700072920529,0.7465804167372252,False,,,1,0
GO:0034205,amyloid-beta formation,,,,1.0,False,1,0
GO:0034214,protein hexamerization,,,,1.0,False,1,0
GO:0034219,carbohydrate transmembrane transport,,,,1.0,False,1,0
GO:0034220,monoatomic ion transmembrane transport,,,,5.563351203518626e-06,True,1,1
GO:0034243,regulation of transcription elongation by RNA polymerase II,,,,1.0,False,1,0
GO:0034243,regulation of transcription elongation from RNA polymerase II promoter (GO:0034243),0.056163540292279,0.2859440380249856,False,,,1,0
GO:0034244,negative regulation of transcription elongation from RNA polymerase II promoter (GO:0034244),0.5884811115786337,0.8416700061152932,False,,,1,0
GO:0034248,regulation of cellular amide metabolic process (GO:0034248),0.4768721800675625,0.7700254919277794,False,,,1,0
GO:0034249,negative regulation of cellular amide metabolic process (GO:0034249),0.5327582201964279,0.8092702607166085,False,,,1,0
GO:0034250,positive regulation of cellular amide metabolic process (GO:0034250),0.1443198777543304,0.4546305106179801,False,,,1,0
GO:0034260,negative regulation of GTPase activity (GO:0034260),0.0770881484539064,0.3315139989633415,False,,,1,0
GO:0034284,response to monosaccharide,,,,1.0,False,1,0
GO:0034308,primary alcohol metabolic process (GO:0034308),0.1426952302251843,0.453391850560826,False,,,1,0
GO:0034311,diol metabolic process,,,,1.0,False,1,0
GO:0034311,diol metabolic process (GO:0034311),0.4774101848646748,0.7700254919277794,False,,,1,0
GO:0034312,diol biosynthetic process,,,,1.0,False,1,0
GO:0034312,diol biosynthetic process (GO:0034312),0.7958282399180044,0.9343216351808522,False,,,1,0
GO:0034314,Arp2/3 complex-mediated actin nucleation,,,,1.0,False,1,0
GO:0034314,Arp2/3 complex-mediated actin nucleation (GO:0034314),0.0029352805327609,0.0683037979187872,False,,,1,0
GO:0034315,regulation of Arp2/3 complex-mediated actin nucleation (GO:0034315),0.0161852063205853,0.1531496926138876,False,,,1,0
GO:0034329,cell junction assembly,,,,2.971928455381284e-05,True,1,1
GO:0034329,cell junction assembly (GO:0034329),0.1958900234592309,0.5148746147888426,False,,,1,0
GO:0034330,cell junction organization,,,,4.812793125478079e-18,True,1,1
GO:0034330,cell junction organization (GO:0034330),0.3618922189095487,0.6758957767306415,False,,,1,0
GO:0034331,cell junction maintenance,,,,0.0312213302007864,True,1,1
GO:0034331,cell junction maintenance (GO:0034331),0.027259544130293,0.1992205219387316,False,,,1,0
GO:0034332,adherens junction organization,,,,1.0,False,1,0
GO:0034332,adherens junction organization (GO:0034332),0.1022271436659263,0.3831497588190304,False,,,1,0
GO:0034341,response to interferon-gamma (GO:0034341),0.6100012491419569,0.8504895159687053,False,,,1,0
GO:0034341,response to type II interferon,,,,1.0,False,1,0
GO:0034356,NAD biosynthesis via nicotinamide riboside salvage pathway (GO:0034356),0.3055958559253331,0.6334016838933271,False,,,1,0
GO:0034370,triglyceride-rich lipoprotein particle remodeling (GO:0034370),0.8278699458683592,0.9446492591396682,False,,,1,0
GO:0034374,low-density lipoprotein particle remodeling (GO:0034374),0.6793475126177558,0.885755323918558,False,,,1,0
GO:0034375,high-density lipoprotein particle remodeling (GO:0034375),0.4272749345870597,0.7343243438553317,False,,,1,0
GO:0034378,chylomicron assembly (GO:0034378),0.4921801959259192,0.7797992828517174,False,,,1,0
GO:0034379,very-low-density lipoprotein particle assembly (GO:0034379),0.2879177397367777,0.6178685469279303,False,,,1,0
GO:0034380,high-density lipoprotein particle assembly (GO:0034380),0.8465782566808375,0.9481010610292244,False,,,1,0
GO:0034381,plasma lipoprotein particle clearance,,,,1.0,False,1,0
GO:0034383,low-density lipoprotein particle clearance,,,,1.0,False,1,0
GO:0034389,lipid droplet organization (GO:0034389),0.0629046445913226,0.2993692809722546,False,,,1,0
GO:0034390,smooth muscle cell apoptotic process,,,,1.0,False,1,0
GO:0034391,regulation of smooth muscle cell apoptotic process,,,,1.0,False,1,0
GO:0034392,negative regulation of smooth muscle cell apoptotic process,,,,1.0,False,1,0
GO:0034394,protein localization to cell surface (GO:0034394),0.2681803773424527,0.599062527243771,False,,,1,0
GO:0034401,chromatin organization involved in regulation of transcription (GO:0034401),0.1585723619323376,0.4727411226183108,False,,,1,0
GO:0034405,response to fluid shear stress,,,,1.0,False,1,0
GO:0034440,lipid oxidation,,,,1.0,False,1,0
GO:0034440,lipid oxidation (GO:0034440),0.3060380082384741,0.633585858876405,False,,,1,0
GO:0034446,substrate adhesion-dependent cell spreading,,,,1.0,False,1,0
GO:0034446,substrate adhesion-dependent cell spreading (GO:0034446),0.7623223189891974,0.9229136788783996,False,,,1,0
GO:0034453,microtubule anchoring (GO:0034453),0.210466944281593,0.5336237430882904,False,,,1,0
GO:0034454,microtubule anchoring at centrosome (GO:0034454),0.9301546639776452,0.9781193902043828,False,,,1,0
GO:0034470,ncRNA processing (GO:0034470),0.0439215175499352,0.2497665908049542,False,,,1,0
GO:0034472,snRNA 3'-end processing (GO:0034472),0.747507521087112,0.9149067529794824,False,,,1,0
GO:0034497,protein localization to phagophore assembly site (GO:0034497),0.0842044877286522,0.3456575995181579,False,,,1,0
GO:0034498,early endosome to Golgi transport (GO:0034498),0.3347143914573861,0.6574685068865176,False,,,1,0
GO:0034501,protein localization to kinetochore (GO:0034501),0.8391109035613149,0.9476095421772875,False,,,1,0
GO:0034502,protein localization to chromosome,,,,1.0,False,1,0
GO:0034502,protein localization to chromosome (GO:0034502),0.1636917201740617,0.480931599241066,False,,,1,0
GO:0034504,protein localization to nucleus,,,,1.0,False,1,0
GO:0034504,protein localization to nucleus (GO:0034504),0.8037008053669942,0.9366853555931376,False,,,1,0
GO:0034508,centromere complex assembly (GO:0034508),0.7986848454566766,0.9362325644172682,False,,,1,0
GO:0034587,piRNA metabolic process (GO:0034587),0.3635071011611761,0.6767650070072623,False,,,1,0
GO:0034599,cellular response to oxidative stress,,,,1.0,False,1,0
GO:0034599,cellular response to oxidative stress (GO:0034599),0.3995067332567603,0.7098464432712569,False,,,1,0
GO:0034605,cellular response to heat,,,,1.0,False,1,0
GO:0034605,cellular response to heat (GO:0034605),0.3534600840569893,0.6693330498393213,False,,,1,0
GO:0034612,response to tumor necrosis factor (GO:0034612),0.9340006444008392,0.9799901643741032,False,,,1,0
GO:0034613,cellular protein localization (GO:0034613),0.8503618761386039,0.9494914913728952,False,,,1,0
GO:0034614,cellular response to reactive oxygen species,,,,1.0,False,1,0
GO:0034614,cellular response to reactive oxygen species (GO:0034614),0.3608918586935495,0.6758957767306415,False,,,1,0
GO:0034616,response to laminar fluid shear stress,,,,1.0,False,1,0
GO:0034616,response to laminar fluid shear stress (GO:0034616),0.7688906600860396,0.9251243330848252,False,,,1,0
GO:0034620,cellular response to unfolded protein,,,,1.0,False,1,0
GO:0034620,cellular response to unfolded protein (GO:0034620),0.0091925741258727,0.115074038479985,False,,,1,0
GO:0034622,cellular protein-containing complex assembly (GO:0034622),0.8412741609405702,0.9476095421772875,False,,,1,0
GO:0034635,glutathione transport,,,,1.0,False,1,0
GO:0034638,phosphatidylcholine catabolic process (GO:0034638),0.0850489551505317,0.3461273464441703,False,,,1,0
GO:0034643,"establishment of mitochondrion localization, microtubule-mediated",,,,1.0,False,1,0
GO:0034644,cellular response to UV (GO:0034644),0.1729115643214981,0.4898084865358046,False,,,1,0
GO:0034645,cellular macromolecule biosynthetic process (GO:0034645),0.0002666926644257,0.0155625427102598,True,,,1,1
GO:0034654,nucleobase-containing compound biosynthetic process,,,,1.0,False,1,0
GO:0034654,nucleobase-containing compound biosynthetic process (GO:0034654),0.4086510807712001,0.7169350367091407,False,,,1,0
GO:0034655,nucleobase-containing compound catabolic process,,,,1.0,False,1,0
GO:0034655,nucleobase-containing compound catabolic process (GO:0034655),0.2805357458183368,0.6108335728409596,False,,,1,0
GO:0034656,nucleobase-containing small molecule catabolic process (GO:0034656),0.3648975176160112,0.6771312545584787,False,,,1,0
GO:0034660,ncRNA metabolic process (GO:0034660),0.7153470913122997,0.8984475223005142,False,,,1,0
GO:0034661,ncRNA catabolic process (GO:0034661),0.8640721073538731,0.955475081446613,False,,,1,0
GO:0034695,response to prostaglandin E (GO:0034695),0.1089488066522352,0.3962059670488288,False,,,1,0
GO:0034724,DNA replication-independent nucleosome organization (GO:0034724),0.3417878064034539,0.6611710730005117,False,,,1,0
GO:0034728,nucleosome organization,,,,1.0,False,1,0
GO:0034728,nucleosome organization (GO:0034728),0.3767459484880487,0.6883417064620275,False,,,1,0
GO:0034755,iron ion transmembrane transport,,,,1.0,False,1,0
GO:0034755,iron ion transmembrane transport (GO:0034755),0.1014596796249635,0.3814132880665845,False,,,1,0
GO:0034762,regulation of transmembrane transport,,,,1.0,False,1,0
GO:0034762,regulation of transmembrane transport (GO:0034762),0.5936167469795218,0.8437726867305281,False,,,1,0
GO:0034763,negative regulation of transmembrane transport,,,,1.0,False,1,0
GO:0034764,positive regulation of transmembrane transport,,,,1.0,False,1,0
GO:0034764,positive regulation of transmembrane transport (GO:0034764),0.648002493981656,0.872204918265586,False,,,1,0
GO:0034765,regulation of ion transmembrane transport (GO:0034765),0.4762635102058593,0.7700254919277794,False,,,1,0
GO:0034765,regulation of monoatomic ion transmembrane transport,,,,1.0,False,1,0
GO:0034766,negative regulation of monoatomic ion transmembrane transport,,,,1.0,False,1,0
GO:0034767,positive regulation of monoatomic ion transmembrane transport,,,,1.0,False,1,0
GO:0034775,glutathione transmembrane transport,,,,1.0,False,1,0
GO:0034776,response to histamine,,,,1.0,False,1,0
GO:0034776,response to histamine (GO:0034776),0.0289664566468775,0.2068558790715089,False,,,1,0
GO:0034968,histone lysine methylation (GO:0034968),0.0028713059439181,0.0672275521313671,False,,,1,0
GO:0034976,response to endoplasmic reticulum stress,,,,0.6722319233778145,False,1,0
GO:0034976,response to endoplasmic reticulum stress (GO:0034976),0.0606005843673612,0.2965909890392275,False,,,1,0
GO:0034982,mitochondrial protein processing (GO:0034982),0.2565609954713299,0.5904950581448752,False,,,1,0
GO:0035020,regulation of Rac protein signal transduction,,,,1.0,False,1,0
GO:0035020,regulation of Rac protein signal transduction (GO:0035020),0.7053564969257557,0.8948357410487133,False,,,1,0
GO:0035023,regulation of Rho protein signal transduction,,,,1.0,False,1,0
GO:0035023,regulation of Rho protein signal transduction (GO:0035023),0.0148409662997106,0.1487367647385002,False,,,1,0
GO:0035024,negative regulation of Rho protein signal transduction (GO:0035024),0.2584375671761064,0.5917054564946521,False,,,1,0
GO:0035025,positive regulation of Rho protein signal transduction,,,,1.0,False,1,0
GO:0035025,positive regulation of Rho protein signal transduction (GO:0035025),0.4018034046146556,0.7098464432712569,False,,,1,0
GO:0035050,embryonic heart tube development,,,,1.0,False,1,0
GO:0035050,embryonic heart tube development (GO:0035050),0.0115801228428981,0.1299509051571383,False,,,1,0
GO:0035051,cardiocyte differentiation,,,,1.0,False,1,0
GO:0035051,cardiocyte differentiation (GO:0035051),0.5727977670040789,0.8316135936020211,False,,,1,0
GO:0035065,regulation of histone acetylation (GO:0035065),0.1665267858255962,0.483641729430694,False,,,1,0
GO:0035066,positive regulation of histone acetylation (GO:0035066),0.5594963130324819,0.8271327019242901,False,,,1,0
GO:0035067,negative regulation of histone acetylation (GO:0035067),0.6496312481364088,0.8737770653125527,False,,,1,0
GO:0035082,axoneme assembly,,,,1.0,False,1,0
GO:0035082,axoneme assembly (GO:0035082),0.7028344341137722,0.8942645663663249,False,,,1,0
GO:0035088,establishment or maintenance of apical/basal cell polarity,,,,1.0,False,1,0
GO:0035088,establishment or maintenance of apical/basal cell polarity (GO:0035088),0.0021281084196647,0.0593523179102079,False,,,1,0
GO:0035089,establishment of apical/basal cell polarity,,,,1.0,False,1,0
GO:0035089,establishment of apical/basal cell polarity (GO:0035089),0.0174546060075615,0.1580079250278782,False,,,1,0
GO:0035108,limb morphogenesis (GO:0035108),0.022759103251896,0.1820147710932415,False,,,1,0
GO:0035113,embryonic appendage morphogenesis (GO:0035113),0.1033033100291014,0.3859012486357332,False,,,1,0
GO:0035148,tube formation,,,,1.0,False,1,0
GO:0035150,regulation of tube size,,,,1.0,False,1,0
GO:0035162,embryonic hemopoiesis,,,,1.0,False,1,0
GO:0035162,embryonic hemopoiesis (GO:0035162),0.0258409648738509,0.1934849051262762,False,,,1,0
GO:0035176,social behavior,,,,1.0,False,1,0
GO:0035194,post-transcriptional gene silencing by RNA (GO:0035194),0.3777294648420416,0.6889461897229118,False,,,1,0
GO:0035194,regulatory ncRNA-mediated post-transcriptional gene silencing,,,,1.0,False,1,0
GO:0035195,gene silencing by miRNA (GO:0035195),0.0672331961539179,0.3087354879077613,False,,,1,0
GO:0035195,miRNA-mediated post-transcriptional gene silencing,,,,1.0,False,1,0
GO:0035196,miRNA processing,,,,1.0,False,1,0
GO:0035196,production of miRNAs involved in gene silencing by miRNA (GO:0035196),0.0172114273120785,0.1569926602537463,False,,,1,0
GO:0035239,tube morphogenesis,,,,0.015020681319103,True,1,1
GO:0035249,"synaptic transmission, glutamatergic",,,,0.1901273030506638,False,1,0
GO:0035249,"synaptic transmission, glutamatergic (GO:0035249)",0.240674353936497,0.5701447931480284,False,,,1,0
GO:0035264,multicellular organism growth,,,,1.0,False,1,0
GO:0035268,protein mannosylation (GO:0035268),0.0809510000528361,0.3377375838140357,False,,,1,0
GO:0035269,protein O-linked mannosylation (GO:0035269),0.131890076634606,0.4372893887019763,False,,,1,0
GO:0035270,endocrine system development (GO:0035270),0.7741500596840243,0.9260907468278736,False,,,1,0
GO:0035272,exocrine system development,,,,1.0,False,1,0
GO:0035278,miRNA mediated inhibition of translation (GO:0035278),0.0332519333333722,0.2193471011017061,False,,,1,0
GO:0035278,miRNA-mediated gene silencing by inhibition of translation,,,,1.0,False,1,0
GO:0035279,miRNA-mediated gene silencing by mRNA destabilization,,,,1.0,False,1,0
GO:0035295,tube development,,,,0.0141650551250948,True,1,1
GO:0035296,regulation of tube diameter,,,,1.0,False,1,0
GO:0035296,regulation of tube diameter (GO:0035296),0.5799070840677276,0.8359015903060739,False,,,1,0
GO:0035303,regulation of dephosphorylation,,,,1.0,False,1,0
GO:0035303,regulation of dephosphorylation (GO:0035303),0.0276935516252757,0.2016154343851651,False,,,1,0
GO:0035304,regulation of protein dephosphorylation (GO:0035304),0.0287364986092939,0.2067366060412677,False,,,1,0
GO:0035305,negative regulation of dephosphorylation (GO:0035305),0.6956666890911443,0.8898607187010767,False,,,1,0
GO:0035306,positive regulation of dephosphorylation,,,,1.0,False,1,0
GO:0035306,positive regulation of dephosphorylation (GO:0035306),0.0605789543777171,0.2965909890392275,False,,,1,0
GO:0035307,positive regulation of protein dephosphorylation (GO:0035307),0.0077300898717951,0.1096987358617629,False,,,1,0
GO:0035308,negative regulation of protein dephosphorylation (GO:0035308),0.0369556373565537,0.2298472400835294,False,,,1,0
GO:0035329,hippo signaling,,,,1.0,False,1,0
GO:0035329,hippo signaling (GO:0035329),0.0171416523076817,0.1569926602537463,False,,,1,0
GO:0035330,regulation of hippo signaling,,,,1.0,False,1,0
GO:0035330,regulation of hippo signaling (GO:0035330),4.629490780821085e-05,0.0048776829254595,True,,,1,1
GO:0035331,negative regulation of hippo signaling,,,,1.0,False,1,0
GO:0035331,negative regulation of hippo signaling (GO:0035331),0.000463727079044,0.0237691460920808,True,,,1,1
GO:0035335,peptidyl-tyrosine dephosphorylation,,,,1.0,False,1,0
GO:0035335,peptidyl-tyrosine dephosphorylation (GO:0035335),3.6604080560495365e-05,0.0040835081637046,True,,,1,1
GO:0035336,long-chain fatty-acyl-CoA metabolic process (GO:0035336),0.63335316675091,0.8645507291622528,False,,,1,0
GO:0035337,fatty-acyl-CoA metabolic process (GO:0035337),0.8165776861445044,0.9399936763417618,False,,,1,0
GO:0035338,long-chain fatty-acyl-CoA biosynthetic process (GO:0035338),0.4783378746125476,0.7700254919277794,False,,,1,0
GO:0035351,heme transmembrane transport,,,,1.0,False,1,0
GO:0035356,intracellular triglyceride homeostasis,,,,1.0,False,1,0
GO:0035357,peroxisome proliferator activated receptor signaling pathway,,,,1.0,False,1,0
GO:0035358,regulation of peroxisome proliferator activated receptor signaling pathway,,,,1.0,False,1,0
GO:0035359,negative regulation of peroxisome proliferator activated receptor signaling pathway,,,,1.0,False,1,0
GO:0035418,protein localization to synapse,,,,1.0,False,1,0
GO:0035418,protein localization to synapse (GO:0035418),0.1446715070698397,0.4546305106179801,False,,,1,0
GO:0035435,phosphate ion transmembrane transport (GO:0035435),0.6590601720775745,0.8800213909267517,False,,,1,0
GO:0035437,maintenance of protein localization in endoplasmic reticulum,,,,1.0,False,1,0
GO:0035437,maintenance of protein localization in endoplasmic reticulum (GO:0035437),0.9319546291696936,0.9785992916448376,False,,,1,0
GO:0035443,tripeptide transmembrane transport,,,,1.0,False,1,0
GO:0035455,response to interferon-alpha (GO:0035455),0.394452920467719,0.7057358147802162,False,,,1,0
GO:0035456,response to interferon-beta (GO:0035456),0.4437944265234574,0.7468111179252326,False,,,1,0
GO:0035458,cellular response to interferon-beta (GO:0035458),0.8737042718973576,0.9598025864360974,False,,,1,0
GO:0035461,vitamin transmembrane transport,,,,1.0,False,1,0
GO:0035470,positive regulation of vascular wound healing,,,,1.0,False,1,0
GO:0035493,SNARE complex assembly (GO:0035493),0.1295592808254874,0.4314471924241211,False,,,1,0
GO:0035494,SNARE complex disassembly,,,,1.0,False,1,0
GO:0035510,DNA dealkylation (GO:0035510),0.1956799128673535,0.5148746147888426,False,,,1,0
GO:0035518,histone H2A monoubiquitination (GO:0035518),0.6814580064309834,0.8857886079933793,False,,,1,0
GO:0035556,intracellular signal transduction,,,,2.5898599665244568e-06,True,1,1
GO:0035561,regulation of chromatin binding (GO:0035561),0.6407527781685984,0.8688101294247363,False,,,1,0
GO:0035567,non-canonical Wnt signaling pathway,,,,1.0,False,1,0
GO:0035567,non-canonical Wnt signaling pathway (GO:0035567),0.1275292378662765,0.4293493093231259,False,,,1,0
GO:0035581,sequestering of extracellular ligand from receptor (GO:0035581),0.2925527144714006,0.6199175675921914,False,,,1,0
GO:0035584,calcium-mediated signaling using intracellular calcium source (GO:0035584),0.4170404663409759,0.7256121508400557,False,,,1,0
GO:0035588,G protein-coupled purinergic receptor signaling pathway,,,,1.0,False,1,0
GO:0035590,purinergic nucleotide receptor signaling pathway,,,,1.0,False,1,0
GO:0035590,purinergic nucleotide receptor signaling pathway (GO:0035590),0.1965781949164389,0.5149906048205516,False,,,1,0
GO:0035592,establishment of protein localization to extracellular region,,,,1.0,False,1,0
GO:0035592,establishment of protein localization to extracellular region (GO:0035592),0.982821080726454,0.9959498688740156,False,,,1,0
GO:0035601,protein deacylation (GO:0035601),0.2907712865221239,0.6184678007517916,False,,,1,0
GO:0035627,ceramide transport,,,,1.0,False,1,0
GO:0035627,ceramide transport (GO:0035627),0.1918465510964478,0.511365494409324,False,,,1,0
GO:0035630,bone mineralization involved in bone maturation,,,,1.0,False,1,0
GO:0035633,maintenance of blood-brain barrier (GO:0035633),0.0478332534821222,0.2620324379345546,False,,,1,0
GO:0035640,exploration behavior,,,,0.093912583841203,False,1,0
GO:0035641,locomotory exploration behavior,,,,1.0,False,1,0
GO:0035666,TRIF-dependent toll-like receptor signaling pathway (GO:0035666),0.1036626112042042,0.3859012486357332,False,,,1,0
GO:0035672,oligopeptide transmembrane transport,,,,1.0,False,1,0
GO:0035690,cellular response to drug (GO:0035690),0.3420812836619432,0.6611710730005117,False,,,1,0
GO:0035710,"CD4-positive, alpha-beta T cell activation",,,,1.0,False,1,0
GO:0035721,intraciliary retrograde transport (GO:0035721),0.4906309927415193,0.7789716850014996,False,,,1,0
GO:0035722,interleukin-12-mediated signaling pathway (GO:0035722),0.0871676963003289,0.3502405424440123,False,,,1,0
GO:0035723,interleukin-15-mediated signaling pathway (GO:0035723),0.0164351656017596,0.1539224274752454,False,,,1,0
GO:0035725,sodium ion transmembrane transport,,,,1.0,False,1,0
GO:0035725,sodium ion transmembrane transport (GO:0035725),0.1401728695192243,0.4517675817575256,False,,,1,0
GO:0035726,common myeloid progenitor cell proliferation,,,,1.0,False,1,0
GO:0035735,intraciliary transport involved in cilium assembly (GO:0035735),0.0614290715280275,0.2968284145584193,False,,,1,0
GO:0035751,regulation of lysosomal lumen pH (GO:0035751),0.1446170304672076,0.4546305106179801,False,,,1,0
GO:0035767,endothelial cell chemotaxis,,,,1.0,False,1,0
GO:0035773,insulin secretion involved in cellular response to glucose stimulus,,,,1.0,False,1,0
GO:0035774,positive regulation of insulin secretion involved in cellular response to glucose stimulus,,,,1.0,False,1,0
GO:0035774,positive regulation of insulin secretion involved in cellular response to glucose stimulus (GO:0035774),0.5521141775825955,0.8225330226122485,False,,,1,0
GO:0035790,platelet-derived growth factor receptor-alpha signaling pathway,,,,1.0,False,1,0
GO:0035791,platelet-derived growth factor receptor-beta signaling pathway,,,,1.0,False,1,0
GO:0035809,regulation of urine volume,,,,1.0,False,1,0
GO:0035809,regulation of urine volume (GO:0035809),0.6827749421645702,0.8857886079933793,False,,,1,0
GO:0035811,negative regulation of urine volume,,,,1.0,False,1,0
GO:0035812,renal sodium excretion,,,,1.0,False,1,0
GO:0035821,modulation of process of another organism,,,,1.0,False,1,0
GO:0035864,response to potassium ion,,,,1.0,False,1,0
GO:0035871,protein K11-linked deubiquitination (GO:0035871),0.0767614442676705,0.3308592705764481,False,,,1,0
GO:0035872,"nucleotide-binding domain, leucine rich repeat containing receptor signaling pathway (GO:0035872)",0.3793455188018496,0.6904306875313894,False,,,1,0
GO:0035881,amacrine cell differentiation,,,,1.0,False,1,0
GO:0035904,aorta development (GO:0035904),0.7551547362506282,0.9204054995496892,False,,,1,0
GO:0035909,aorta morphogenesis (GO:0035909),0.6410681262252316,0.8688101294247363,False,,,1,0
GO:0035914,skeletal muscle cell differentiation,,,,1.0,False,1,0
GO:0035914,skeletal muscle cell differentiation (GO:0035914),0.4932884639536792,0.7799262791897895,False,,,1,0
GO:0035924,cellular response to vascular endothelial growth factor stimulus,,,,0.0820203654809112,False,1,0
GO:0035924,cellular response to vascular endothelial growth factor stimulus (GO:0035924),0.0026423660612825,0.0634272164552891,False,,,1,0
GO:0035966,response to topologically incorrect protein,,,,1.0,False,1,0
GO:0035967,cellular response to topologically incorrect protein,,,,1.0,False,1,0
GO:0035967,cellular response to topologically incorrect protein (GO:0035967),0.1793576922458566,0.4944603003905322,False,,,1,0
GO:0035970,peptidyl-threonine dephosphorylation (GO:0035970),0.066240370836207,0.307151254989894,False,,,1,0
GO:0035973,aggrephagy (GO:0035973),0.7792933258004541,0.9276760077130836,False,,,1,0
GO:0035987,endodermal cell differentiation,,,,1.0,False,1,0
GO:0035987,endodermal cell differentiation (GO:0035987),0.0201922938580805,0.1713408738337798,False,,,1,0
GO:0035994,response to muscle stretch,,,,1.0,False,1,0
GO:0035994,response to muscle stretch (GO:0035994),0.6748722927653777,0.8839064112442523,False,,,1,0
GO:0036003,positive regulation of transcription from RNA polymerase II promoter in response to stress (GO:0036003),0.0097270351489396,0.1182520651279752,False,,,1,0
GO:0036005,response to macrophage colony-stimulating factor,,,,1.0,False,1,0
GO:0036006,cellular response to macrophage colony-stimulating factor stimulus,,,,1.0,False,1,0
GO:0036072,direct ossification,,,,1.0,False,1,0
GO:0036093,germ cell proliferation,,,,1.0,False,1,0
GO:0036109,alpha-linolenic acid metabolic process (GO:0036109),0.6841240704224025,0.8859278248931967,False,,,1,0
GO:0036148,phosphatidylglycerol acyl-chain remodeling (GO:0036148),0.638887611052519,0.8684607605562514,False,,,1,0
GO:0036149,phosphatidylinositol acyl-chain remodeling (GO:0036149),0.5531741967032127,0.823465356395324,False,,,1,0
GO:0036150,phosphatidylserine acyl-chain remodeling (GO:0036150),0.8705500628948198,0.9587678247851484,False,,,1,0
GO:0036151,phosphatidylcholine acyl-chain remodeling (GO:0036151),0.569560957982794,0.8314233713582724,False,,,1,0
GO:0036152,phosphatidylethanolamine acyl-chain remodeling (GO:0036152),0.8035749443514589,0.9366853555931376,False,,,1,0
GO:0036158,outer dynein arm assembly (GO:0036158),0.727007708845096,0.90316408000447,False,,,1,0
GO:0036159,inner dynein arm assembly (GO:0036159),0.1057578666065077,0.3892006869994187,False,,,1,0
GO:0036211,protein modification process,,,,0.0001126951132495,True,1,1
GO:0036211,protein modification process (GO:0036211),0.1002292416948304,0.3790324164989948,False,,,1,0
GO:0036215,response to stem cell factor,,,,1.0,False,1,0
GO:0036216,cellular response to stem cell factor stimulus,,,,1.0,False,1,0
GO:0036257,multivesicular body organization (GO:0036257),0.1320343241534558,0.437385320099614,False,,,1,0
GO:0036258,multivesicular body assembly (GO:0036258),0.1512253837554333,0.4651933522582716,False,,,1,0
GO:0036293,response to decreased oxygen levels,,,,1.0,False,1,0
GO:0036294,cellular response to decreased oxygen levels,,,,1.0,False,1,0
GO:0036294,cellular response to decreased oxygen levels (GO:0036294),0.329890168065941,0.653861071747995,False,,,1,0
GO:0036297,interstrand cross-link repair,,,,1.0,False,1,0
GO:0036297,interstrand cross-link repair (GO:0036297),0.4136714447580991,0.721404960904584,False,,,1,0
GO:0036303,lymph vessel morphogenesis,,,,1.0,False,1,0
GO:0036314,response to sterol,,,,1.0,False,1,0
GO:0036314,response to sterol (GO:0036314),0.1287870939949192,0.4305989522798293,False,,,1,0
GO:0036315,cellular response to sterol,,,,1.0,False,1,0
GO:0036315,cellular response to sterol (GO:0036315),0.0725469615444602,0.3232480852386674,False,,,1,0
GO:0036323,vascular endothelial growth factor receptor-1 signaling pathway,,,,1.0,False,1,0
GO:0036336,dendritic cell migration,,,,1.0,False,1,0
GO:0036336,dendritic cell migration (GO:0036336),0.7754112400507838,0.9266335329277324,False,,,1,0
GO:0036344,platelet morphogenesis,,,,1.0,False,1,0
GO:0036359,renal potassium excretion,,,,1.0,False,1,0
GO:0036376,sodium ion export across plasma membrane (GO:0036376),0.2524775235528292,0.5853589528336683,False,,,1,0
GO:0036388,pre-replicative complex assembly (GO:0036388),2.833093200109453e-05,0.0035819741693383,True,,,1,1
GO:0036444,calcium import into the mitochondrion,,,,1.0,False,1,0
GO:0036444,calcium import into the mitochondrion (GO:0036444),0.5731578908401163,0.8316135936020211,False,,,1,0
GO:0036465,synaptic vesicle recycling,,,,1.0,False,1,0
GO:0036465,synaptic vesicle recycling (GO:0036465),0.3376361676171422,0.6588985493668363,False,,,1,0
GO:0036481,intrinsic apoptotic signaling pathway in response to hydrogen peroxide,,,,1.0,False,1,0
GO:0036483,neuron intrinsic apoptotic signaling pathway in response to endoplasmic reticulum stress,,,,1.0,False,1,0
GO:0036490,regulation of translation in response to endoplasmic reticulum stress,,,,1.0,False,1,0
GO:0036493,positive regulation of translation in response to endoplasmic reticulum stress,,,,1.0,False,1,0
GO:0036498,IRE1-mediated unfolded protein response,,,,1.0,False,1,0
GO:0036498,IRE1-mediated unfolded protein response (GO:0036498),0.004490925016181,0.0847466596337059,False,,,1,0
GO:0036499,PERK-mediated unfolded protein response,,,,1.0,False,1,0
GO:0036499,PERK-mediated unfolded protein response (GO:0036499),0.0167469194867405,0.155308228883146,False,,,1,0
GO:0036503,ERAD pathway,,,,1.0,False,1,0
GO:0036503,ERAD pathway (GO:0036503),0.95740920058552,0.9908625299218164,False,,,1,0
GO:0036508,"protein alpha-1,2-demannosylation (GO:0036508)",0.1514620542108167,0.4651933522582716,False,,,1,0
GO:0036514,dopaminergic neuron axon guidance,,,,1.0,False,1,0
GO:0036515,serotonergic neuron axon guidance,,,,1.0,False,1,0
GO:0038034,signal transduction in absence of ligand,,,,1.0,False,1,0
GO:0038060,nitric oxide-cGMP-mediated signaling,,,,1.0,False,1,0
GO:0038061,NIK/NF-kappaB signaling (GO:0038061),0.0343806839413213,0.220803783391276,False,,,1,0
GO:0038061,non-canonical NF-kappaB signal transduction,,,,1.0,False,1,0
GO:0038063,collagen-activated tyrosine kinase receptor signaling pathway,,,,1.0,False,1,0
GO:0038065,collagen-activated signaling pathway,,,,1.0,False,1,0
GO:0038066,p38MAPK cascade,,,,1.0,False,1,0
GO:0038083,peptidyl-tyrosine autophosphorylation (GO:0038083),0.1159839985624572,0.4058369986599632,False,,,1,0
GO:0038084,vascular endothelial growth factor signaling pathway,,,,1.0,False,1,0
GO:0038084,vascular endothelial growth factor signaling pathway (GO:0038084),0.3975827115782121,0.7094346336468236,False,,,1,0
GO:0038093,Fc receptor signaling pathway,,,,1.0,False,1,0
GO:0038093,Fc receptor signaling pathway (GO:0038093),0.019506529755162,0.167773848891904,False,,,1,0
GO:0038094,Fc-gamma receptor signaling pathway (GO:0038094),0.4719151923769629,0.7666634734237201,False,,,1,0
GO:0038095,Fc-epsilon receptor signaling pathway,,,,1.0,False,1,0
GO:0038095,Fc-epsilon receptor signaling pathway (GO:0038095),0.0471266223361667,0.2607337642500794,False,,,1,0
GO:0038096,Fc-gamma receptor signaling pathway involved in phagocytosis (GO:0038096),0.5386296602748994,0.813305056298843,False,,,1,0
GO:0038097,positive regulation of mast cell activation by Fc-epsilon receptor signaling pathway,,,,1.0,False,1,0
GO:0038109,Kit signaling pathway,,,,1.0,False,1,0
GO:0038110,interleukin-2-mediated signaling pathway (GO:0038110),0.5709833266775731,0.8316135936020211,False,,,1,0
GO:0038111,interleukin-7-mediated signaling pathway (GO:0038111),0.2898032950609156,0.6182721098392651,False,,,1,0
GO:0038127,ERBB signaling pathway,,,,1.0,False,1,0
GO:0038127,ERBB signaling pathway (GO:0038127),0.1841271451588786,0.499658178473971,False,,,1,0
GO:0038128,ERBB2 signaling pathway (GO:0038128),0.9914523308652772,0.9975636343332898,False,,,1,0
GO:0038145,macrophage colony-stimulating factor signaling pathway,,,,1.0,False,1,0
GO:0038179,neurotrophin signaling pathway,,,,1.0,False,1,0
GO:0038179,neurotrophin signaling pathway (GO:0038179),0.1938101098996676,0.5123876167866878,False,,,1,0
GO:0038189,neuropilin signaling pathway,,,,1.0,False,1,0
GO:0038202,TORC1 signaling,,,,1.0,False,1,0
GO:0039531,regulation of cytoplasmic pattern recognition receptor signaling pathway,,,,1.0,False,1,0
GO:0039532,negative regulation of cytoplasmic pattern recognition receptor signaling pathway,,,,1.0,False,1,0
GO:0039532,negative regulation of viral-induced cytoplasmic pattern recognition receptor signaling pathway (GO:0039532),0.3286326303565073,0.653861071747995,False,,,1,0
GO:0039535,regulation of RIG-I signaling pathway (GO:0039535),0.8444292782913873,0.9476095421772875,False,,,1,0
GO:0040001,establishment of mitotic spindle localization,,,,1.0,False,1,0
GO:0040001,establishment of mitotic spindle localization (GO:0040001),0.1583486721023792,0.4727411226183108,False,,,1,0
GO:0040007,growth,,,,1.0,False,1,0
GO:0040008,regulation of growth,,,,1.0,False,1,0
GO:0040011,locomotion,,,,0.0054855087019426,True,1,1
GO:0040012,regulation of locomotion,,,,0.0234390865758233,True,1,1
GO:0040013,negative regulation of locomotion,,,,1.0,False,1,0
GO:0040013,negative regulation of locomotion (GO:0040013),0.8642855271403451,0.955475081446613,False,,,1,0
GO:0040014,regulation of multicellular organism growth,,,,1.0,False,1,0
GO:0040014,regulation of multicellular organism growth (GO:0040014),0.0560006256471716,0.2854978132791964,False,,,1,0
GO:0040017,positive regulation of locomotion,,,,0.127013079882704,False,1,0
GO:0040017,positive regulation of locomotion (GO:0040017),0.0301717393805021,0.2107950976159226,False,,,1,0
GO:0040018,positive regulation of multicellular organism growth,,,,1.0,False,1,0
GO:0040019,positive regulation of embryonic development,,,,1.0,False,1,0
GO:0040019,positive regulation of embryonic development (GO:0040019),0.0515692491171146,0.2735694572044976,False,,,1,0
GO:0040020,regulation of meiotic nuclear division,,,,1.0,False,1,0
GO:0040029,epigenetic regulation of gene expression,,,,1.0,False,1,0
GO:0040029,"regulation of gene expression, epigenetic (GO:0040029)",0.1533693246657936,0.4661296862639065,False,,,1,0
GO:0040033,"negative regulation of translation, ncRNA-mediated (GO:0040033)",0.0332519333333722,0.2193471011017061,False,,,1,0
GO:0040036,regulation of fibroblast growth factor receptor signaling pathway (GO:0040036),0.1663657457067276,0.4835442708548797,False,,,1,0
GO:0040037,negative regulation of fibroblast growth factor receptor signaling pathway (GO:0040037),0.0690559212514546,0.314818640993711,False,,,1,0
GO:0040040,thermosensory behavior,,,,1.0,False,1,0
GO:0042026,protein refolding,,,,1.0,False,1,0
GO:0042044,fluid transport,,,,1.0,False,1,0
GO:0042044,fluid transport (GO:0042044),0.3489023644996252,0.6679934706610167,False,,,1,0
GO:0042045,epithelial fluid transport,,,,1.0,False,1,0
GO:0042048,olfactory behavior,,,,1.0,False,1,0
GO:0042058,regulation of epidermal growth factor receptor signaling pathway (GO:0042058),0.0114070629928362,0.12993090069618,False,,,1,0
GO:0042059,negative regulation of epidermal growth factor receptor signaling pathway (GO:0042059),0.1179902899667689,0.4098325731171747,False,,,1,0
GO:0042060,wound healing,,,,1.0,False,1,0
GO:0042060,wound healing (GO:0042060),0.0971808285607441,0.3710152220299007,False,,,1,0
GO:0042063,gliogenesis,,,,0.1302568592995854,False,1,0
GO:0042063,gliogenesis (GO:0042063),0.1780247741834018,0.4944603003905322,False,,,1,0
GO:0042073,intraciliary transport,,,,1.0,False,1,0
GO:0042092,type 2 immune response,,,,1.0,False,1,0
GO:0042093,T-helper cell differentiation,,,,1.0,False,1,0
GO:0042093,T-helper cell differentiation (GO:0042093),0.7041205509662085,0.8942645663663249,False,,,1,0
GO:0042098,T cell proliferation,,,,1.0,False,1,0
GO:0042098,T cell proliferation (GO:0042098),0.5041171228818941,0.788437059906873,False,,,1,0
GO:0042100,B cell proliferation,,,,1.0,False,1,0
GO:0042100,B cell proliferation (GO:0042100),0.7585151242329886,0.9223472763187396,False,,,1,0
GO:0042102,positive regulation of T cell proliferation,,,,1.0,False,1,0
GO:0042102,positive regulation of T cell proliferation (GO:0042102),0.6432973402846132,0.869334620231129,False,,,1,0
GO:0042104,positive regulation of activated T cell proliferation (GO:0042104),0.7022961268038972,0.8942645663663249,False,,,1,0
GO:0042110,T cell activation,,,,1.0,False,1,0
GO:0042110,T cell activation (GO:0042110),0.2433346937395893,0.57327235612066,False,,,1,0
GO:0042113,B cell activation,,,,1.0,False,1,0
GO:0042113,B cell activation (GO:0042113),0.6869797035068377,0.8871208829623082,False,,,1,0
GO:0042116,macrophage activation,,,,1.0,False,1,0
GO:0042116,macrophage activation (GO:0042116),0.0088401540467344,0.1137991216388663,False,,,1,0
GO:0042119,neutrophil activation (GO:0042119),0.0797335353869289,0.3355334133611102,False,,,1,0
GO:0042127,regulation of cell population proliferation,,,,1.0,False,1,0
GO:0042129,regulation of T cell proliferation,,,,1.0,False,1,0
GO:0042129,regulation of T cell proliferation (GO:0042129),0.5494710796995472,0.8208522273731322,False,,,1,0
GO:0042130,negative regulation of T cell proliferation (GO:0042130),0.3213817741111632,0.6484389950696408,False,,,1,0
GO:0042136,neurotransmitter biosynthetic process (GO:0042136),0.109272862161296,0.3966238910792305,False,,,1,0
GO:0042147,"retrograde transport, endosome to Golgi (GO:0042147)",0.6476057306437402,0.8721400198321445,False,,,1,0
GO:0042149,cellular response to glucose starvation,,,,1.0,False,1,0
GO:0042149,cellular response to glucose starvation (GO:0042149),0.1831988999673127,0.4984744817618488,False,,,1,0
GO:0042158,lipoprotein biosynthetic process (GO:0042158),0.5474260774396812,0.8197989761865808,False,,,1,0
GO:0042159,lipoprotein catabolic process (GO:0042159),0.6305271842294968,0.8624556832969642,False,,,1,0
GO:0042167,heme catabolic process (GO:0042167),0.4017180608573638,0.7098464432712569,False,,,1,0
GO:0042168,heme metabolic process,,,,1.0,False,1,0
GO:0042176,regulation of protein catabolic process,,,,1.0,False,1,0
GO:0042176,regulation of protein catabolic process (GO:0042176),0.0867656150938151,0.34899467449718,False,,,1,0
GO:0042177,negative regulation of protein catabolic process,,,,1.0,False,1,0
GO:0042177,negative regulation of protein catabolic process (GO:0042177),0.3408111868458283,0.6602136678679622,False,,,1,0
GO:0042180,ketone metabolic process,,,,1.0,False,1,0
GO:0042181,ketone biosynthetic process,,,,1.0,False,1,0
GO:0042219,cellular modified amino acid catabolic process (GO:0042219),0.0731614070120241,0.3241405566091447,False,,,1,0
GO:0042220,response to cocaine,,,,1.0,False,1,0
GO:0042221,response to chemical,,,,0.4522916286650882,False,1,0
GO:0042254,ribosome biogenesis,,,,1.0,False,1,0
GO:0042254,ribosome biogenesis (GO:0042254),0.0042375931316687,0.0811777310526242,False,,,1,0
GO:0042255,ribosome assembly,,,,1.0,False,1,0
GO:0042255,ribosome assembly (GO:0042255),0.1846560404899114,0.4999288804983827,False,,,1,0
GO:0042256,cytosolic ribosome assembly,,,,1.0,False,1,0
GO:0042267,natural killer cell mediated cytotoxicity (GO:0042267),0.0568906134274436,0.2865685215541751,False,,,1,0
GO:0042269,regulation of natural killer cell mediated cytotoxicity (GO:0042269),0.0587136316271271,0.2922582739654767,False,,,1,0
GO:0042273,ribosomal large subunit biogenesis,,,,1.0,False,1,0
GO:0042273,ribosomal large subunit biogenesis (GO:0042273),0.0856908889036575,0.3477920921814945,False,,,1,0
GO:0042274,ribosomal small subunit biogenesis,,,,1.0,False,1,0
GO:0042274,ribosomal small subunit biogenesis (GO:0042274),0.2580509673013895,0.5917054564946521,False,,,1,0
GO:0042276,error-prone translesion synthesis (GO:0042276),0.1713766282093453,0.487645574492158,False,,,1,0
GO:0042303,molting cycle,,,,1.0,False,1,0
GO:0042304,regulation of fatty acid biosynthetic process (GO:0042304),0.3419430096297083,0.6611710730005117,False,,,1,0
GO:0042306,regulation of protein import into nucleus,,,,1.0,False,1,0
GO:0042306,regulation of protein import into nucleus (GO:0042306),0.716323578511582,0.8992128460486062,False,,,1,0
GO:0042307,positive regulation of protein import into nucleus,,,,1.0,False,1,0
GO:0042307,positive regulation of protein import into nucleus (GO:0042307),0.7364916862493109,0.909050753642576,False,,,1,0
GO:0042310,vasoconstriction (GO:0042310),0.1436429625693123,0.4541541333593056,False,,,1,0
GO:0042311,vasodilation,,,,1.0,False,1,0
GO:0042311,vasodilation (GO:0042311),0.5251526683535688,0.8038365585126551,False,,,1,0
GO:0042321,"negative regulation of circadian sleep/wake cycle, sleep",,,,1.0,False,1,0
GO:0042323,"negative regulation of circadian sleep/wake cycle, non-REM sleep",,,,1.0,False,1,0
GO:0042325,regulation of phosphorylation,,,,1.0,False,1,0
GO:0042325,regulation of phosphorylation (GO:0042325),0.5263047859821885,0.8045967784110718,False,,,1,0
GO:0042326,negative regulation of phosphorylation,,,,1.0,False,1,0
GO:0042326,negative regulation of phosphorylation (GO:0042326),0.3376912964973624,0.6588985493668363,False,,,1,0
GO:0042327,positive regulation of phosphorylation,,,,1.0,False,1,0
GO:0042327,positive regulation of phosphorylation (GO:0042327),0.0813201490917663,0.3377375838140357,False,,,1,0
GO:0042330,taxis,,,,1.0,False,1,0
GO:0042339,keratan sulfate metabolic process (GO:0042339),0.4808579926328351,0.7715169349982081,False,,,1,0
GO:0042340,keratan sulfate catabolic process (GO:0042340),0.0859594617972098,0.3479052115431446,False,,,1,0
GO:0042359,vitamin D metabolic process (GO:0042359),0.4734598619291847,0.7678216283967254,False,,,1,0
GO:0042391,regulation of membrane potential,,,,8.77259207045268e-05,True,1,1
GO:0042398,cellular modified amino acid biosynthetic process (GO:0042398),0.6030690578113173,0.848544932644421,False,,,1,0
GO:0042401,cellular biogenic amine biosynthetic process (GO:0042401),0.9602294090098262,0.9908625299218164,False,,,1,0
GO:0042407,cristae formation (GO:0042407),0.0208043003295823,0.1749683174059996,False,,,1,0
GO:0042417,dopamine metabolic process (GO:0042417),0.3849486373007014,0.6949180244113504,False,,,1,0
GO:0042423,catecholamine biosynthetic process (GO:0042423),0.2767303370643077,0.6081333536992579,False,,,1,0
GO:0042440,pigment metabolic process,,,,1.0,False,1,0
GO:0042445,hormone metabolic process,,,,1.0,False,1,0
GO:0042446,hormone biosynthetic process,,,,1.0,False,1,0
GO:0042448,progesterone metabolic process,,,,1.0,False,1,0
GO:0042461,photoreceptor cell development,,,,1.0,False,1,0
GO:0042461,photoreceptor cell development (GO:0042461),0.8375898954116706,0.9476095421772875,False,,,1,0
GO:0042462,eye photoreceptor cell development,,,,1.0,False,1,0
GO:0042462,eye photoreceptor cell development (GO:0042462),0.4599127931401905,0.7587860915096749,False,,,1,0
GO:0042471,ear morphogenesis,,,,1.0,False,1,0
GO:0042471,ear morphogenesis (GO:0042471),0.455958856476538,0.756540657312121,False,,,1,0
GO:0042472,inner ear morphogenesis,,,,1.0,False,1,0
GO:0042472,inner ear morphogenesis (GO:0042472),0.9357593214243162,0.9801917578783246,False,,,1,0
GO:0042475,odontogenesis of dentin-containing tooth (GO:0042475),0.6141714415990119,0.8517596686731141,False,,,1,0
GO:0042476,odontogenesis,,,,1.0,False,1,0
GO:0042476,odontogenesis (GO:0042476),0.8553446883857339,0.9519725361053664,False,,,1,0
GO:0042490,mechanoreceptor differentiation,,,,1.0,False,1,0
GO:0042492,gamma-delta T cell differentiation,,,,1.0,False,1,0
GO:0042509,regulation of tyrosine phosphorylation of STAT protein (GO:0042509),0.359033552709577,0.6752295634105377,False,,,1,0
GO:0042531,positive regulation of tyrosine phosphorylation of STAT protein (GO:0042531),0.1915687896201722,0.5111001570708865,False,,,1,0
GO:0042532,negative regulation of tyrosine phosphorylation of STAT protein (GO:0042532),0.8805094454146487,0.9609049061759464,False,,,1,0
GO:0042542,response to hydrogen peroxide,,,,1.0,False,1,0
GO:0042542,response to hydrogen peroxide (GO:0042542),0.8381989267269354,0.9476095421772875,False,,,1,0
GO:0042551,neuron maturation,,,,1.0,False,1,0
GO:0042551,neuron maturation (GO:0042551),0.5096230046658838,0.7931883695928179,False,,,1,0
GO:0042552,myelination,,,,1.0,False,1,0
GO:0042552,myelination (GO:0042552),0.1437341604316922,0.4541541333593056,False,,,1,0
GO:0042554,superoxide anion generation (GO:0042554),0.8605308140890012,0.9529907672524326,False,,,1,0
GO:0042558,pteridine-containing compound metabolic process (GO:0042558),0.0753985759183641,0.3277843338982313,False,,,1,0
GO:0042572,retinol metabolic process (GO:0042572),0.5618512564821089,0.8288999672643481,False,,,1,0
GO:0042573,retinoic acid metabolic process (GO:0042573),0.4252368511370545,0.7328867402364652,False,,,1,0
GO:0042574,retinal metabolic process (GO:0042574),0.8965505168211647,0.9655355225163764,False,,,1,0
GO:0042590,antigen processing and presentation of exogenous peptide antigen via MHC class I (GO:0042590),0.0143555500204825,0.1455898428547871,False,,,1,0
GO:0042592,homeostatic process,,,,7.016183656520503e-06,True,1,1
GO:0042593,glucose homeostasis,,,,1.0,False,1,0
GO:0042593,glucose homeostasis (GO:0042593),0.8068651131346851,0.9374838039884996,False,,,1,0
GO:0042594,response to starvation,,,,1.0,False,1,0
GO:0042596,fear response,,,,1.0,False,1,0
GO:0042632,cholesterol homeostasis,,,,1.0,False,1,0
GO:0042632,cholesterol homeostasis (GO:0042632),0.8096739179345396,0.9378832191056008,False,,,1,0
GO:0042633,hair cycle,,,,1.0,False,1,0
GO:0042634,regulation of hair cycle,,,,1.0,False,1,0
GO:0042659,regulation of cell fate specification,,,,1.0,False,1,0
GO:0042692,muscle cell differentiation,,,,1.0,False,1,0
GO:0042692,muscle cell differentiation (GO:0042692),0.9979009806157152,0.9995687277764532,False,,,1,0
GO:0042698,ovulation cycle,,,,1.0,False,1,0
GO:0042730,fibrinolysis (GO:0042730),0.004401450938956,0.0838929819671363,False,,,1,0
GO:0042733,embryonic digit morphogenesis (GO:0042733),0.3235871139249497,0.6494866235890238,False,,,1,0
GO:0042742,defense response to bacterium,,,,1.0,False,1,0
GO:0042742,defense response to bacterium (GO:0042742),0.0872803166522854,0.3503219482138821,False,,,1,0
GO:0042743,hydrogen peroxide metabolic process (GO:0042743),0.0090812953955065,0.1149669675729443,False,,,1,0
GO:0042744,hydrogen peroxide catabolic process (GO:0042744),0.0436700056371024,0.2489763027137295,False,,,1,0
GO:0042745,circadian sleep/wake cycle,,,,1.0,False,1,0
GO:0042747,"circadian sleep/wake cycle, REM sleep",,,,1.0,False,1,0
GO:0042748,"circadian sleep/wake cycle, non-REM sleep",,,,1.0,False,1,0
GO:0042749,regulation of circadian sleep/wake cycle,,,,1.0,False,1,0
GO:0042752,regulation of circadian rhythm,,,,0.00746543764701,True,1,1
GO:0042754,negative regulation of circadian rhythm,,,,1.0,False,1,0
GO:0042754,negative regulation of circadian rhythm (GO:0042754),0.1386850148818269,0.4496002234587775,False,,,1,0
GO:0042755,eating behavior,,,,1.0,False,1,0
GO:0042759,long-chain fatty acid biosynthetic process (GO:0042759),0.8432726756754916,0.9476095421772875,False,,,1,0
GO:0042761,very long-chain fatty acid biosynthetic process (GO:0042761),0.8342812746242058,0.9474416955400868,False,,,1,0
GO:0042770,signal transduction in response to DNA damage,,,,1.0,False,1,0
GO:0042770,signal transduction in response to DNA damage (GO:0042770),0.0017166029448564,0.0551786014393248,False,,,1,0
GO:0042771,intrinsic apoptotic signaling pathway in response to DNA damage by p53 class mediator,,,,1.0,False,1,0
GO:0042771,intrinsic apoptotic signaling pathway in response to DNA damage by p53 class mediator (GO:0042771),0.0546390459845339,0.2800620289450505,False,,,1,0
GO:0042772,"DNA damage response, signal transduction resulting in transcription (GO:0042772)",0.6420275066602482,0.8688101294247363,False,,,1,0
GO:0042773,ATP synthesis coupled electron transport,,,,1.0,False,1,0
GO:0042775,mitochondrial ATP synthesis coupled electron transport,,,,1.0,False,1,0
GO:0042775,mitochondrial ATP synthesis coupled electron transport (GO:0042775),0.0037852629524179,0.0776081209649803,False,,,1,0
GO:0042776,mitochondrial ATP synthesis coupled proton transport (GO:0042776),0.0696766968361866,0.315687307015352,False,,,1,0
GO:0042776,proton motive force-driven mitochondrial ATP synthesis,,,,1.0,False,1,0
GO:0042795,snRNA transcription by RNA polymerase II (GO:0042795),0.0531297600093059,0.2780119914663797,False,,,1,0
GO:0042832,defense response to protozoan (GO:0042832),0.9803035753221476,0.9955985449682774,False,,,1,0
GO:0042886,amide transport (GO:0042886),0.391837405764037,0.7027136075947955,False,,,1,0
GO:0042908,xenobiotic transport,,,,1.0,False,1,0
GO:0042908,xenobiotic transport (GO:0042908),0.5267180525557171,0.804607963489261,False,,,1,0
GO:0042921,nuclear receptor-mediated glucocorticoid signaling pathway,,,,1.0,False,1,0
GO:0042939,tripeptide transport,,,,1.0,False,1,0
GO:0042940,D-amino acid transport,,,,1.0,False,1,0
GO:0042953,lipoprotein transport,,,,1.0,False,1,0
GO:0042953,lipoprotein transport (GO:0042953),0.63561912928597,0.8653637320106548,False,,,1,0
GO:0042981,regulation of apoptotic process,,,,0.1199571190097106,False,1,0
GO:0042982,amyloid precursor protein metabolic process,,,,1.0,False,1,0
GO:0042982,amyloid precursor protein metabolic process (GO:0042982),0.8027805944595322,0.936618515775148,False,,,1,0
GO:0042983,amyloid precursor protein biosynthetic process,,,,1.0,False,1,0
GO:0042984,regulation of amyloid precursor protein biosynthetic process,,,,1.0,False,1,0
GO:0042984,regulation of amyloid precursor protein biosynthetic process (GO:0042984),0.8250410277846321,0.94328803487013,False,,,1,0
GO:0042986,positive regulation of amyloid precursor protein biosynthetic process,,,,1.0,False,1,0
GO:0042987,amyloid precursor protein catabolic process,,,,1.0,False,1,0
GO:0042987,amyloid precursor protein catabolic process (GO:0042987),0.7141215826303665,0.8984475223005142,False,,,1,0
GO:0042994,cytoplasmic sequestering of transcription factor (GO:0042994),0.2619033496604851,0.5927496834946238,False,,,1,0
GO:0043001,Golgi to plasma membrane protein transport (GO:0043001),0.1493225695713858,0.4627291718825707,False,,,1,0
GO:0043009,chordate embryonic development,,,,1.0,False,1,0
GO:0043009,chordate embryonic development (GO:0043009),0.2780079137281926,0.6084782743674617,False,,,1,0
GO:0043010,camera-type eye development,,,,1.0,False,1,0
GO:0043010,camera-type eye development (GO:0043010),0.2899831488014902,0.6182721098392651,False,,,1,0
GO:0043011,myeloid dendritic cell differentiation (GO:0043011),0.4242283861734676,0.7322294712013006,False,,,1,0
GO:0043029,T cell homeostasis (GO:0043029),0.5623614057199432,0.8290076999206158,False,,,1,0
GO:0043030,regulation of macrophage activation,,,,1.0,False,1,0
GO:0043030,regulation of macrophage activation (GO:0043030),0.3068740328650643,0.6336272219146375,False,,,1,0
GO:0043031,negative regulation of macrophage activation (GO:0043031),0.704236293102086,0.8942645663663249,False,,,1,0
GO:0043032,positive regulation of macrophage activation,,,,1.0,False,1,0
GO:0043032,positive regulation of macrophage activation (GO:0043032),0.0794251516252531,0.3355334133611102,False,,,1,0
GO:0043038,amino acid activation,,,,1.0,False,1,0
GO:0043039,tRNA aminoacylation,,,,1.0,False,1,0
GO:0043039,tRNA aminoacylation (GO:0043039),0.0174012625959556,0.1579018876231092,False,,,1,0
GO:0043043,peptide biosynthetic process (GO:0043043),1.639251657301151e-05,0.0024870726144573,True,,,1,1
GO:0043044,ATP-dependent chromatin remodeling (GO:0043044),0.3120176316607437,0.6379961600480868,False,,,1,0
GO:0043045,epigenetic programming of gene expression,,,,1.0,False,1,0
GO:0043062,extracellular structure organization,,,,1.0,False,1,0
GO:0043062,extracellular structure organization (GO:0043062),0.0021145081069997,0.0593523179102079,False,,,1,0
GO:0043065,positive regulation of apoptotic process,,,,1.0,False,1,0
GO:0043065,positive regulation of apoptotic process (GO:0043065),0.0393510906790976,0.2365257197463446,False,,,1,0
GO:0043066,negative regulation of apoptotic process,,,,0.3324343613153692,False,1,0
GO:0043066,negative regulation of apoptotic process (GO:0043066),0.7620690717629377,0.9229136788783996,False,,,1,0
GO:0043067,regulation of programmed cell death,,,,0.0846956456469437,False,1,0
GO:0043067,regulation of programmed cell death (GO:0043067),0.1595341333929401,0.4734843254768558,False,,,1,0
GO:0043068,positive regulation of programmed cell death,,,,1.0,False,1,0
GO:0043068,positive regulation of programmed cell death (GO:0043068),0.0132368597510076,0.1386945000982651,False,,,1,0
GO:0043069,negative regulation of programmed cell death,,,,0.2033106952308061,False,1,0
GO:0043069,negative regulation of programmed cell death (GO:0043069),0.6685194923606215,0.8816740036591924,False,,,1,0
GO:0043085,positive regulation of catalytic activity,,,,1.0,False,1,0
GO:0043085,positive regulation of catalytic activity (GO:0043085),0.7789056462911621,0.9276760077130836,False,,,1,0
GO:0043086,negative regulation of catalytic activity,,,,1.0,False,1,0
GO:0043086,negative regulation of catalytic activity (GO:0043086),0.4734866303242659,0.7678216283967254,False,,,1,0
GO:0043087,regulation of GTPase activity,,,,1.0,False,1,0
GO:0043087,regulation of GTPase activity (GO:0043087),0.0006481490670261,0.031119359635826,True,,,1,1
GO:0043090,amino acid import (GO:0043090),0.4780172410318213,0.7700254919277794,False,,,1,0
GO:0043097,pyrimidine nucleoside salvage (GO:0043097),0.6785102422313997,0.8853076535203643,False,,,1,0
GO:0043101,purine-containing compound salvage (GO:0043101),0.2641133235484169,0.5952357909798843,False,,,1,0
GO:0043112,receptor metabolic process,,,,1.0,False,1,0
GO:0043112,receptor metabolic process (GO:0043112),0.3352253111903513,0.6580038623178628,False,,,1,0
GO:0043113,receptor clustering,,,,1.0,False,1,0
GO:0043113,receptor clustering (GO:0043113),0.1400522443261468,0.4517675817575256,False,,,1,0
GO:0043114,regulation of vascular permeability,,,,1.0,False,1,0
GO:0043116,negative regulation of vascular permeability (GO:0043116),0.0227706307065531,0.1820147710932415,False,,,1,0
GO:0043117,positive regulation of vascular permeability (GO:0043117),0.1588337851044376,0.4727411226183108,False,,,1,0
GO:0043122,regulation of I-kappaB kinase/NF-kappaB signaling (GO:0043122),0.145328238172726,0.4554795731574688,False,,,1,0
GO:0043122,regulation of canonical NF-kappaB signal transduction,,,,1.0,False,1,0
GO:0043123,positive regulation of I-kappaB kinase/NF-kappaB signaling (GO:0043123),0.8017787098356713,0.9362325644172682,False,,,1,0
GO:0043123,positive regulation of canonical NF-kappaB signal transduction,,,,1.0,False,1,0
GO:0043124,negative regulation of I-kappaB kinase/NF-kappaB signaling (GO:0043124),0.0520475100379323,0.2745705223558795,False,,,1,0
GO:0043124,negative regulation of canonical NF-kappaB signal transduction,,,,1.0,False,1,0
GO:0043149,stress fiber assembly,,,,1.0,False,1,0
GO:0043149,stress fiber assembly (GO:0043149),0.0797920218433222,0.3355334133611102,False,,,1,0
GO:0043153,entrainment of circadian clock by photoperiod,,,,1.0,False,1,0
GO:0043153,entrainment of circadian clock by photoperiod (GO:0043153),0.1089100853424537,0.3962059670488288,False,,,1,0
GO:0043154,negative regulation of cysteine-type endopeptidase activity involved in apoptotic process (GO:0043154),0.1465166828737611,0.4562707538096682,False,,,1,0
GO:0043161,proteasome-mediated ubiquitin-dependent protein catabolic process,,,,1.0,False,1,0
GO:0043161,proteasome-mediated ubiquitin-dependent protein catabolic process (GO:0043161),0.0142369330414094,0.1451631371668442,False,,,1,0
GO:0043162,ubiquitin-dependent protein catabolic process via the multivesicular body sorting pathway (GO:0043162),0.2018317824078914,0.521135432725073,False,,,1,0
GO:0043170,macromolecule metabolic process,,,,1.0,False,1,0
GO:0043171,peptide catabolic process (GO:0043171),0.7029806579756,0.8942645663663249,False,,,1,0
GO:0043174,nucleoside salvage (GO:0043174),0.9275711073299654,0.97779399047327,False,,,1,0
GO:0043200,response to amino acid,,,,1.0,False,1,0
GO:0043200,response to amino acid (GO:0043200),0.7080696644388713,0.8961322112834964,False,,,1,0
GO:0043201,response to leucine (GO:0043201),0.6654734840571541,0.8816317376126855,False,,,1,0
GO:0043207,response to external biotic stimulus,,,,1.0,False,1,0
GO:0043217,myelin maintenance,,,,1.0,False,1,0
GO:0043217,myelin maintenance (GO:0043217),0.8738910433824564,0.9598025864360974,False,,,1,0
GO:0043242,negative regulation of protein-containing complex disassembly,,,,0.1330495532559217,False,1,0
GO:0043243,positive regulation of protein-containing complex disassembly,,,,1.0,False,1,0
GO:0043243,positive regulation of protein-containing complex disassembly (GO:0043243),0.9617179955930572,0.9909797221636693,False,,,1,0
GO:0043244,regulation of protein-containing complex disassembly,,,,1.0,False,1,0
GO:0043244,regulation of protein-containing complex disassembly (GO:0043244),0.0698307900548483,0.3156950973516564,False,,,1,0
GO:0043247,telomere maintenance in response to DNA damage (GO:0043247),0.1979079069095506,0.5168912916179783,False,,,1,0
GO:0043248,proteasome assembly (GO:0043248),0.5640397838018254,0.8292780245099893,False,,,1,0
GO:0043254,regulation of protein-containing complex assembly,,,,0.0001122572980442,True,1,1
GO:0043254,regulation of protein-containing complex assembly (GO:0043254),0.0071770538539175,0.1063509357405748,False,,,1,0
GO:0043255,regulation of carbohydrate biosynthetic process,,,,1.0,False,1,0
GO:0043266,regulation of potassium ion transport,,,,1.0,False,1,0
GO:0043266,regulation of potassium ion transport (GO:0043266),0.8417971968605509,0.9476095421772875,False,,,1,0
GO:0043267,negative regulation of potassium ion transport (GO:0043267),0.1588938296360774,0.4727411226183108,False,,,1,0
GO:0043268,positive regulation of potassium ion transport,,,,1.0,False,1,0
GO:0043268,positive regulation of potassium ion transport (GO:0043268),0.8074692501606595,0.9374838039884996,False,,,1,0
GO:0043269,regulation of ion transport (GO:0043269),0.0475132195247156,0.2619442465948351,False,,,1,0
GO:0043269,regulation of monoatomic ion transport,,,,0.7237250860002427,False,1,0
GO:0043270,positive regulation of ion transport (GO:0043270),0.3928996864776665,0.7036206377761043,False,,,1,0
GO:0043270,positive regulation of monoatomic ion transport,,,,1.0,False,1,0
GO:0043271,negative regulation of ion transport (GO:0043271),0.1277565695742488,0.4293493093231259,False,,,1,0
GO:0043271,negative regulation of monoatomic ion transport,,,,1.0,False,1,0
GO:0043276,anoikis,,,,1.0,False,1,0
GO:0043277,apoptotic cell clearance,,,,1.0,False,1,0
GO:0043277,apoptotic cell clearance (GO:0043277),0.0052117648688671,0.0894489780434989,False,,,1,0
GO:0043279,response to alkaloid,,,,1.0,False,1,0
GO:0043280,positive regulation of cysteine-type endopeptidase activity involved in apoptotic process (GO:0043280),0.0451511168662353,0.2537158315164901,False,,,1,0
GO:0043281,regulation of cysteine-type endopeptidase activity involved in apoptotic process (GO:0043281),0.56919907284981,0.8314233713582724,False,,,1,0
GO:0043297,apical junction assembly (GO:0043297),0.4526586115174986,0.7547532920184608,False,,,1,0
GO:0043299,leukocyte degranulation,,,,1.0,False,1,0
GO:0043302,positive regulation of leukocyte degranulation (GO:0043302),0.0765344273934274,0.3308592705764481,False,,,1,0
GO:0043303,mast cell degranulation,,,,1.0,False,1,0
GO:0043304,regulation of mast cell degranulation (GO:0043304),0.0016322054768837,0.0544604208493344,False,,,1,0
GO:0043312,neutrophil degranulation (GO:0043312),0.0451018303636131,0.2537158315164901,False,,,1,0
GO:0043330,response to exogenous dsRNA (GO:0043330),0.2976048892456401,0.625036182119996,False,,,1,0
GO:0043331,response to dsRNA,,,,1.0,False,1,0
GO:0043331,response to dsRNA (GO:0043331),0.066708358531676,0.307816063151639,False,,,1,0
GO:0043367,"CD4-positive, alpha-beta T cell differentiation",,,,1.0,False,1,0
GO:0043370,"regulation of CD4-positive, alpha-beta T cell differentiation (GO:0043370)",0.8111247295236472,0.9381126296262408,False,,,1,0
GO:0043388,positive regulation of DNA binding (GO:0043388),0.3386055025117326,0.6588985493668363,False,,,1,0
GO:0043392,negative regulation of DNA binding,,,,1.0,False,1,0
GO:0043392,negative regulation of DNA binding (GO:0043392),0.1986971210198661,0.5168912916179783,False,,,1,0
GO:0043393,regulation of protein binding (GO:0043393),0.0717447672436704,0.3214870120208597,False,,,1,0
GO:0043401,steroid hormone mediated signaling pathway (GO:0043401),0.0119443128546138,0.1316694890958851,False,,,1,0
GO:0043401,steroid hormone receptor signaling pathway,,,,1.0,False,1,0
GO:0043405,regulation of MAP kinase activity (GO:0043405),0.0331788506654777,0.2193471011017061,False,,,1,0
GO:0043406,positive regulation of MAP kinase activity (GO:0043406),0.0024995308967828,0.0631591118407924,False,,,1,0
GO:0043407,negative regulation of MAP kinase activity (GO:0043407),0.1350639343218431,0.4435476215435072,False,,,1,0
GO:0043408,regulation of MAPK cascade,,,,1.0,False,1,0
GO:0043408,regulation of MAPK cascade (GO:0043408),0.0093430428416737,0.1158109852891132,False,,,1,0
GO:0043409,negative regulation of MAPK cascade,,,,1.0,False,1,0
GO:0043409,negative regulation of MAPK cascade (GO:0043409),0.0617768736693112,0.2968284145584193,False,,,1,0
GO:0043410,positive regulation of MAPK cascade,,,,1.0,False,1,0
GO:0043410,positive regulation of MAPK cascade (GO:0043410),0.0019347280877883,0.0573314346639171,False,,,1,0
GO:0043412,macromolecule modification,,,,0.0003171503268757,True,1,1
GO:0043414,macromolecule methylation,,,,1.0,False,1,0
GO:0043433,negative regulation of DNA-binding transcription factor activity (GO:0043433),0.0080238353883605,0.1102695928552596,False,,,1,0
GO:0043434,response to peptide hormone,,,,1.0,False,1,0
GO:0043434,response to peptide hormone (GO:0043434),0.0745803028752095,0.326278072440219,False,,,1,0
GO:0043435,response to corticotropin-releasing hormone,,,,1.0,False,1,0
GO:0043436,oxoacid metabolic process,,,,1.0,False,1,0
GO:0043436,oxoacid metabolic process (GO:0043436),0.0518731992707113,0.2744142884711411,False,,,1,0
GO:0043457,regulation of cellular respiration (GO:0043457),0.8214770282535346,0.9419172817913112,False,,,1,0
GO:0043467,regulation of generation of precursor metabolites and energy,,,,1.0,False,1,0
GO:0043467,regulation of generation of precursor metabolites and energy (GO:0043467),0.7435995887238523,0.911889182033486,False,,,1,0
GO:0043470,regulation of carbohydrate catabolic process,,,,1.0,False,1,0
GO:0043470,regulation of carbohydrate catabolic process (GO:0043470),0.992686484019995,0.9977707777975684,False,,,1,0
GO:0043473,pigmentation,,,,1.0,False,1,0
GO:0043484,regulation of RNA splicing,,,,1.0,False,1,0
GO:0043484,regulation of RNA splicing (GO:0043484),0.6017517556911826,0.848130549659681,False,,,1,0
GO:0043486,histone exchange (GO:0043486),0.6093670731906242,0.8504895159687053,False,,,1,0
GO:0043487,regulation of RNA stability,,,,1.0,False,1,0
GO:0043488,regulation of mRNA stability,,,,1.0,False,1,0
GO:0043488,regulation of mRNA stability (GO:0043488),0.0121811047043165,0.1326205534612695,False,,,1,0
GO:0043489,RNA stabilization,,,,1.0,False,1,0
GO:0043489,RNA stabilization (GO:0043489),0.1922319782960432,0.5116363364668648,False,,,1,0
GO:0043491,phosphatidylinositol 3-kinase/protein kinase B signal transduction,,,,1.0,False,1,0
GO:0043491,protein kinase B signaling (GO:0043491),0.1633974393582905,0.4804391375860434,False,,,1,0
GO:0043500,muscle adaptation,,,,1.0,False,1,0
GO:0043502,regulation of muscle adaptation,,,,1.0,False,1,0
GO:0043506,regulation of JUN kinase activity (GO:0043506),0.0020441330259977,0.0582962147940568,False,,,1,0
GO:0043507,positive regulation of JUN kinase activity (GO:0043507),0.0016189273909392,0.0544604208493344,False,,,1,0
GO:0043508,negative regulation of JUN kinase activity (GO:0043508),0.2623781160583108,0.5930871240817479,False,,,1,0
GO:0043516,"regulation of DNA damage response, signal transduction by p53 class mediator",,,,1.0,False,1,0
GO:0043516,"regulation of DNA damage response, signal transduction by p53 class mediator (GO:0043516)",0.5565364599527292,0.8252202383626392,False,,,1,0
GO:0043517,"positive regulation of DNA damage response, signal transduction by p53 class mediator",,,,1.0,False,1,0
GO:0043517,"positive regulation of DNA damage response, signal transduction by p53 class mediator (GO:0043517)",0.2175395317963095,0.5432043739982898,False,,,1,0
GO:0043518,"negative regulation of DNA damage response, signal transduction by p53 class mediator (GO:0043518)",0.5334165433044252,0.809515815088496,False,,,1,0
GO:0043523,regulation of neuron apoptotic process,,,,0.0938385322235349,False,1,0
GO:0043523,regulation of neuron apoptotic process (GO:0043523),0.1716207009281374,0.4879740019643367,False,,,1,0
GO:0043524,negative regulation of neuron apoptotic process,,,,0.3392441983627586,False,1,0
GO:0043524,negative regulation of neuron apoptotic process (GO:0043524),0.8228246877324215,0.942724047593701,False,,,1,0
GO:0043525,positive regulation of neuron apoptotic process (GO:0043525),0.3886865342628797,0.6995508709988624,False,,,1,0
GO:0043534,blood vessel endothelial cell migration,,,,1.0,False,1,0
GO:0043534,blood vessel endothelial cell migration (GO:0043534),0.0175968234246757,0.1584805676998108,False,,,1,0
GO:0043535,regulation of blood vessel endothelial cell migration,,,,1.0,False,1,0
GO:0043535,regulation of blood vessel endothelial cell migration (GO:0043535),0.0007173972497946,0.0328543883873839,True,,,1,1
GO:0043536,positive regulation of blood vessel endothelial cell migration,,,,1.0,False,1,0
GO:0043536,positive regulation of blood vessel endothelial cell migration (GO:0043536),0.0368560222819255,0.2298472400835294,False,,,1,0
GO:0043537,negative regulation of blood vessel endothelial cell migration,,,,1.0,False,1,0
GO:0043537,negative regulation of blood vessel endothelial cell migration (GO:0043537),0.0666666640717307,0.307816063151639,False,,,1,0
GO:0043542,endothelial cell migration,,,,0.0526026472759632,False,1,0
GO:0043542,endothelial cell migration (GO:0043542),0.0195713390544549,0.1679504276777093,False,,,1,0
GO:0043543,protein acylation,,,,1.0,False,1,0
GO:0043543,protein acylation (GO:0043543),0.6477243437561696,0.8721400198321445,False,,,1,0
GO:0043547,positive regulation of GTPase activity,,,,1.0,False,1,0
GO:0043547,positive regulation of GTPase activity (GO:0043547),3.561059942044654e-05,0.0040835081637046,True,,,1,1
GO:0043549,regulation of kinase activity,,,,1.0,False,1,0
GO:0043549,regulation of kinase activity (GO:0043549),0.1291304968822679,0.4307757033196502,False,,,1,0
GO:0043550,regulation of lipid kinase activity (GO:0043550),0.0795516912383997,0.3355334133611102,False,,,1,0
GO:0043551,regulation of phosphatidylinositol 3-kinase activity (GO:0043551),0.4178616707545713,0.7260418310453912,False,,,1,0
GO:0043552,positive regulation of phosphatidylinositol 3-kinase activity (GO:0043552),0.2249352965422624,0.5540127141459749,False,,,1,0
GO:0043555,regulation of translation in response to stress,,,,1.0,False,1,0
GO:0043558,regulation of translational initiation in response to stress,,,,1.0,False,1,0
GO:0043562,cellular response to nitrogen levels (GO:0043562),0.3301305211634412,0.653861071747995,False,,,1,0
GO:0043567,regulation of insulin-like growth factor receptor signaling pathway (GO:0043567),0.6929972927562867,0.8882831212982705,False,,,1,0
GO:0043576,regulation of respiratory gaseous exchange,,,,1.0,False,1,0
GO:0043583,ear development,,,,1.0,False,1,0
GO:0043588,skin development,,,,1.0,False,1,0
GO:0043588,skin development (GO:0043588),0.0245200288447732,0.1885322680554627,False,,,1,0
GO:0043603,cellular amide metabolic process (GO:0043603),0.9321590405253884,0.9785992916448376,False,,,1,0
GO:0043604,amide biosynthetic process (GO:0043604),0.4262298020978359,0.7341914801803322,False,,,1,0
GO:0043618,regulation of transcription from RNA polymerase II promoter in response to stress (GO:0043618),0.398399231602453,0.7094346336468236,False,,,1,0
GO:0043627,response to estrogen,,,,1.0,False,1,0
GO:0043627,response to estrogen (GO:0043627),0.966038833245628,0.9923686975230194,False,,,1,0
GO:0043628,ncRNA 3'-end processing (GO:0043628),0.801686644917665,0.9362325644172682,False,,,1,0
GO:0043631,RNA polyadenylation (GO:0043631),0.9272890946734544,0.97779399047327,False,,,1,0
GO:0043632,modification-dependent macromolecule catabolic process,,,,1.0,False,1,0
GO:0043632,modification-dependent macromolecule catabolic process (GO:0043632),0.2859923571739923,0.6157690363250043,False,,,1,0
GO:0043647,inositol phosphate metabolic process (GO:0043647),0.2991081316034581,0.625836752824302,False,,,1,0
GO:0043648,dicarboxylic acid metabolic process (GO:0043648),0.0781531334654867,0.3334475087003275,False,,,1,0
GO:0043649,dicarboxylic acid catabolic process (GO:0043649),0.66153337399496,0.8813920528579913,False,,,1,0
GO:0043651,linoleic acid metabolic process (GO:0043651),0.824020124517194,0.942724047593701,False,,,1,0
GO:0043652,engulfment of apoptotic cell,,,,1.0,False,1,0
GO:0043652,engulfment of apoptotic cell (GO:0043652),0.0152428417386231,0.1509558713174875,False,,,1,0
GO:0043666,regulation of phosphoprotein phosphatase activity (GO:0043666),0.261270921095396,0.5927496834946238,False,,,1,0
GO:0043687,post-translational protein modification,,,,1.0,False,1,0
GO:0043687,post-translational protein modification (GO:0043687),6.162428248367532e-06,0.0012302152813714,True,,,1,1
GO:0043691,reverse cholesterol transport (GO:0043691),0.6800402818588303,0.8857804907591151,False,,,1,0
GO:0043921,host-mediated perturbation of viral transcription,,,,1.0,False,1,0
GO:0043922,negative regulation by host of viral transcription (GO:0043922),0.6783127730632015,0.8853076535203643,False,,,1,0
GO:0043923,host-mediated activation of viral transcription,,,,1.0,False,1,0
GO:0043923,positive regulation by host of viral transcription (GO:0043923),0.2691652403971439,0.599849445843929,False,,,1,0
GO:0043928,exonucleolytic catabolism of deadenylated mRNA (GO:0043928),0.7377044680418542,0.909659638258372,False,,,1,0
GO:0043931,ossification involved in bone maturation,,,,1.0,False,1,0
GO:0043933,protein-containing complex organization,,,,0.2572890435784269,False,1,0
GO:0043933,protein-containing complex subunit organization (GO:0043933),0.2096235071857644,0.5329101627048286,False,,,1,0
GO:0043949,regulation of cAMP-mediated signaling (GO:0043949),0.4332338945430334,0.7389559826014352,False,,,1,0
GO:0043951,negative regulation of cAMP-mediated signaling (GO:0043951),0.0053237439208128,0.0905513932360687,False,,,1,0
GO:0043954,cellular component maintenance,,,,0.0014983815866635,True,1,1
GO:0043954,cellular component maintenance (GO:0043954),0.7716575411544591,0.9251243330848252,False,,,1,0
GO:0043966,histone H3 acetylation (GO:0043966),0.7610468249910245,0.9228717388852088,False,,,1,0
GO:0043967,histone H4 acetylation (GO:0043967),0.2101201415380321,0.5334667778172909,False,,,1,0
GO:0043968,histone H2A acetylation (GO:0043968),0.5622858564308352,0.8290076999206158,False,,,1,0
GO:0043981,histone H4-K5 acetylation (GO:0043981),0.1640799312824824,0.4809545435505842,False,,,1,0
GO:0043982,histone H4-K8 acetylation (GO:0043982),0.1640799312824824,0.4809545435505842,False,,,1,0
GO:0043984,histone H4-K16 acetylation (GO:0043984),0.0619692364606081,0.2968284145584193,False,,,1,0
GO:0044003,modulation by symbiont of host process (GO:0044003),0.1878774574853384,0.5054036852779353,False,,,1,0
GO:0044029,positive regulation of gene expression via chromosomal CpG island demethylation,,,,1.0,False,1,0
GO:0044042,glucan metabolic process,,,,1.0,False,1,0
GO:0044057,regulation of system process,,,,1.0,False,1,0
GO:0044065,regulation of respiratory system process,,,,1.0,False,1,0
GO:0044085,cellular component biogenesis,,,,7.128593851936877e-07,True,1,1
GO:0044087,regulation of cellular component biogenesis,,,,2.565689528285576e-09,True,1,1
GO:0044087,regulation of cellular component biogenesis (GO:0044087),0.1279229906411887,0.4293910650460434,False,,,1,0
GO:0044088,regulation of vacuole organization (GO:0044088),0.0829676034217259,0.3420609997593549,False,,,1,0
GO:0044089,positive regulation of cellular component biogenesis,,,,0.0119719763862774,True,1,1
GO:0044089,positive regulation of cellular component biogenesis (GO:0044089),0.6629841356573771,0.8816317376126855,False,,,1,0
GO:0044090,positive regulation of vacuole organization (GO:0044090),0.0157133670532626,0.1528225672641673,False,,,1,0
GO:0044092,negative regulation of molecular function,,,,1.0,False,1,0
GO:0044093,positive regulation of molecular function,,,,1.0,False,1,0
GO:0044238,primary metabolic process,,,,1.0,False,1,0
GO:0044242,cellular lipid catabolic process (GO:0044242),0.7252574224062149,0.9023257152186952,False,,,1,0
GO:0044247,cellular polysaccharide catabolic process (GO:0044247),0.9185512833295052,0.9747251428303044,False,,,1,0
GO:0044257,cellular protein catabolic process (GO:0044257),0.3152883693096701,0.6432968180697034,False,,,1,0
GO:0044265,cellular macromolecule catabolic process (GO:0044265),0.8635505387996667,0.955475081446613,False,,,1,0
GO:0044267,cellular protein metabolic process (GO:0044267),0.0001535015868748,0.0103969914110084,True,,,1,1
GO:0044271,cellular nitrogen compound biosynthetic process (GO:0044271),0.9692283308727826,0.9932130186645538,False,,,1,0
GO:0044272,sulfur compound biosynthetic process,,,,1.0,False,1,0
GO:0044272,sulfur compound biosynthetic process (GO:0044272),0.0026660362862732,0.0634272164552891,False,,,1,0
GO:0044273,sulfur compound catabolic process (GO:0044273),0.1349591954583689,0.4435476215435072,False,,,1,0
GO:0044281,small molecule metabolic process,,,,1.0,False,1,0
GO:0044282,small molecule catabolic process,,,,1.0,False,1,0
GO:0044283,small molecule biosynthetic process,,,,1.0,False,1,0
GO:0044319,"wound healing, spreading of cells (GO:0044319)",0.6261200106170406,0.8589177138042156,False,,,1,0
GO:0044320,cellular response to leptin stimulus,,,,1.0,False,1,0
GO:0044321,response to leptin,,,,1.0,False,1,0
GO:0044342,type B pancreatic cell proliferation,,,,0.3770024792351029,False,1,0
GO:0044344,cellular response to fibroblast growth factor stimulus,,,,1.0,False,1,0
GO:0044344,cellular response to fibroblast growth factor stimulus (GO:0044344),0.5428388512547637,0.8174141791134549,False,,,1,0
GO:0044380,protein localization to cytoskeleton,,,,1.0,False,1,0
GO:0044387,negative regulation of protein kinase activity by regulation of protein phosphorylation,,,,1.0,False,1,0
GO:0044403,biological process involved in symbiotic interaction,,,,1.0,False,1,0
GO:0044409,entry into host (GO:0044409),0.9231582555671256,0.9756308897648668,False,,,1,0
GO:0044409,symbiont entry into host,,,,1.0,False,1,0
GO:0044419,biological process involved in interspecies interaction between organisms,,,,1.0,False,1,0
GO:0044458,motile cilium assembly (GO:0044458),0.67642235468842,0.884403711016907,False,,,1,0
GO:0044539,long-chain fatty acid import into cell,,,,1.0,False,1,0
GO:0044539,long-chain fatty acid import into cell (GO:0044539),0.0536138972817667,0.2782327874716076,False,,,1,0
GO:0044546,NLRP3 inflammasome complex assembly,,,,1.0,False,1,0
GO:0044691,tooth eruption,,,,1.0,False,1,0
GO:0044703,multi-organism reproductive process,,,,1.0,False,1,0
GO:0044706,multi-multicellular organism process,,,,1.0,False,1,0
GO:0044725,epigenetic programming in the zygotic pronuclei,,,,1.0,False,1,0
GO:0044726,epigenetic programing of female pronucleus,,,,1.0,False,1,0
GO:0044728,DNA methylation or demethylation (GO:0044728),0.1045753527166702,0.3862262053109351,False,,,1,0
GO:0044743,protein transmembrane import into intracellular organelle,,,,1.0,False,1,0
GO:0044743,protein transmembrane import into intracellular organelle (GO:0044743),0.5382812557855365,0.813305056298843,False,,,1,0
GO:0044770,cell cycle phase transition,,,,1.0,False,1,0
GO:0044772,mitotic cell cycle phase transition,,,,1.0,False,1,0
GO:0044772,mitotic cell cycle phase transition (GO:0044772),0.468920668763456,0.7640545414883497,False,,,1,0
GO:0044773,mitotic DNA damage checkpoint signaling (GO:0044773),0.788696021307389,0.9326151261781596,False,,,1,0
GO:0044774,mitotic DNA integrity checkpoint signaling (GO:0044774),0.2814103263921095,0.611829715066436,False,,,1,0
GO:0044782,cilium organization,,,,1.0,False,1,0
GO:0044782,cilium organization (GO:0044782),0.157623267646223,0.4727411226183108,False,,,1,0
GO:0044788,host-mediated perturbation of viral process,,,,1.0,False,1,0
GO:0044793,negative regulation by host of viral process (GO:0044793),0.0297752049792656,0.2097000340282542,False,,,1,0
GO:0044794,host-mediated activation of viral process,,,,1.0,False,1,0
GO:0044804,autophagy of nucleus (GO:0044804),0.0813775861542245,0.3377375838140357,False,,,1,0
GO:0044818,mitotic G2/M transition checkpoint (GO:0044818),0.8722680628995777,0.9598025864360974,False,,,1,0
GO:0044819,mitotic G1/S transition checkpoint signaling (GO:0044819),0.2882608423640983,0.6178685469279303,False,,,1,0
GO:0044827,host-mediated perturbation of viral genome replication,,,,1.0,False,1,0
GO:0044827,modulation by host of viral genome replication (GO:0044827),0.2707336953397342,0.6008735555433656,False,,,1,0
GO:0044829,host-mediated activation of viral genome replication,,,,1.0,False,1,0
GO:0044837,actomyosin contractile ring organization,,,,1.0,False,1,0
GO:0044839,cell cycle G2/M phase transition,,,,1.0,False,1,0
GO:0044839,cell cycle G2/M phase transition (GO:0044839),0.3519007371059701,0.6688536034495753,False,,,1,0
GO:0044843,cell cycle G1/S phase transition,,,,1.0,False,1,0
GO:0044843,cell cycle G1/S phase transition (GO:0044843),0.766036495648822,0.9248751650560444,False,,,1,0
GO:0044849,estrous cycle,,,,0.2212043247123818,False,1,0
GO:0044872,lipoprotein localization,,,,1.0,False,1,0
GO:0044872,lipoprotein localization (GO:0044872),0.793161102678212,0.9335277245466952,False,,,1,0
GO:0045005,DNA-dependent DNA replication maintenance of fidelity (GO:0045005),0.4098637775214065,0.7180652840695597,False,,,1,0
GO:0045005,DNA-templated DNA replication maintenance of fidelity,,,,1.0,False,1,0
GO:0045010,actin nucleation,,,,1.0,False,1,0
GO:0045010,actin nucleation (GO:0045010),0.069627160898586,0.315687307015352,False,,,1,0
GO:0045016,mitochondrial magnesium ion transmembrane transport,,,,1.0,False,1,0
GO:0045019,negative regulation of nitric oxide biosynthetic process,,,,1.0,False,1,0
GO:0045022,early endosome to late endosome transport (GO:0045022),0.2837390085402358,0.6130954500179048,False,,,1,0
GO:0045039,protein insertion into mitochondrial inner membrane (GO:0045039),0.4132966201189232,0.7210828335377534,False,,,1,0
GO:0045046,protein import into peroxisome membrane (GO:0045046),0.0014250443737518,0.0495889294462456,True,,,1,1
GO:0045047,protein targeting to ER,,,,1.0,False,1,0
GO:0045047,protein targeting to ER (GO:0045047),3.603763270407082e-09,2.2781790141090106e-06,True,,,1,1
GO:0045048,protein insertion into ER membrane (GO:0045048),0.4676044082669371,0.7636003501811702,False,,,1,0
GO:0045050,protein insertion into ER membrane by stop-transfer membrane-anchor sequence (GO:0045050),0.5847506884526453,0.8375986376444956,False,,,1,0
GO:0045055,regulated exocytosis,,,,0.0006340418829362,True,1,1
GO:0045055,regulated exocytosis (GO:0045055),0.8017319832120858,0.9362325644172682,False,,,1,0
GO:0045064,T-helper 2 cell differentiation,,,,1.0,False,1,0
GO:0045069,regulation of viral genome replication,,,,1.0,False,1,0
GO:0045069,regulation of viral genome replication (GO:0045069),0.5055160950591469,0.7885560990393584,False,,,1,0
GO:0045070,positive regulation of viral genome replication,,,,1.0,False,1,0
GO:0045070,positive regulation of viral genome replication (GO:0045070),0.2056336371585988,0.526294457316171,False,,,1,0
GO:0045071,negative regulation of viral genome replication,,,,1.0,False,1,0
GO:0045071,negative regulation of viral genome replication (GO:0045071),0.6295792084721297,0.8617805621561847,False,,,1,0
GO:0045087,innate immune response,,,,1.0,False,1,0
GO:0045087,innate immune response (GO:0045087),0.1578129535215168,0.4727411226183108,False,,,1,0
GO:0045088,regulation of innate immune response,,,,1.0,False,1,0
GO:0045088,regulation of innate immune response (GO:0045088),0.1845492216239295,0.4999288804983827,False,,,1,0
GO:0045089,positive regulation of innate immune response,,,,1.0,False,1,0
GO:0045089,positive regulation of innate immune response (GO:0045089),0.4566677269793801,0.7567237607832191,False,,,1,0
GO:0045103,intermediate filament-based process,,,,1.0,False,1,0
GO:0045104,intermediate filament cytoskeleton organization,,,,1.0,False,1,0
GO:0045109,intermediate filament organization,,,,1.0,False,1,0
GO:0045109,intermediate filament organization (GO:0045109),0.4892986684798605,0.7781592660562309,False,,,1,0
GO:0045116,protein neddylation (GO:0045116),0.5242620041510834,0.8038365585126551,False,,,1,0
GO:0045124,regulation of bone resorption,,,,1.0,False,1,0
GO:0045132,meiotic chromosome segregation,,,,1.0,False,1,0
GO:0045137,development of primary sexual characteristics,,,,1.0,False,1,0
GO:0045143,homologous chromosome segregation (GO:0045143),0.4100525719205553,0.7180652840695597,False,,,1,0
GO:0045161,neuronal ion channel clustering,,,,0.0040254305636979,True,1,1
GO:0045162,clustering of voltage-gated sodium channels,,,,1.0,False,1,0
GO:0045163,clustering of voltage-gated potassium channels,,,,1.0,False,1,0
GO:0045165,cell fate commitment,,,,1.0,False,1,0
GO:0045176,apical protein localization (GO:0045176),0.4419814713103372,0.745745427348803,False,,,1,0
GO:0045184,establishment of protein localization,,,,1.0,False,1,0
GO:0045185,maintenance of protein location,,,,1.0,False,1,0
GO:0045187,"regulation of circadian sleep/wake cycle, sleep",,,,1.0,False,1,0
GO:0045188,"regulation of circadian sleep/wake cycle, non-REM sleep",,,,1.0,False,1,0
GO:0045190,isotype switching,,,,1.0,False,1,0
GO:0045190,isotype switching (GO:0045190),0.1314843459615305,0.4363942624678876,False,,,1,0
GO:0045191,regulation of isotype switching,,,,1.0,False,1,0
GO:0045191,regulation of isotype switching (GO:0045191),0.3513937021609428,0.6688536034495753,False,,,1,0
GO:0045197,establishment or maintenance of epithelial cell apical/basal polarity,,,,1.0,False,1,0
GO:0045197,establishment or maintenance of epithelial cell apical/basal polarity (GO:0045197),0.0186604310970162,0.1642204527865023,False,,,1,0
GO:0045198,establishment of epithelial cell apical/basal polarity,,,,1.0,False,1,0
GO:0045198,establishment of epithelial cell apical/basal polarity (GO:0045198),0.2595994702193064,0.5917054564946521,False,,,1,0
GO:0045214,sarcomere organization,,,,1.0,False,1,0
GO:0045214,sarcomere organization (GO:0045214),0.8023677825855876,0.9364249228760412,False,,,1,0
GO:0045216,cell-cell junction organization,,,,1.0,False,1,0
GO:0045216,cell-cell junction organization (GO:0045216),0.0080799400330489,0.1106397564814243,False,,,1,0
GO:0045217,cell-cell junction maintenance (GO:0045217),0.0018773644572935,0.0571574600085362,False,,,1,0
GO:0045229,external encapsulating structure organization,,,,1.0,False,1,0
GO:0045229,external encapsulating structure organization (GO:0045229),0.0032772534781429,0.0726936984947157,False,,,1,0
GO:0045292,"mRNA cis splicing, via spliceosome (GO:0045292)",0.7088331803624657,0.8965002511219848,False,,,1,0
GO:0045321,leukocyte activation,,,,1.0,False,1,0
GO:0045332,phospholipid translocation (GO:0045332),0.3895508401997763,0.7001393737695913,False,,,1,0
GO:0045333,cellular respiration,,,,1.0,False,1,0
GO:0045333,cellular respiration (GO:0045333),0.0084310162836082,0.1118141425305107,False,,,1,0
GO:0045341,MHC class I biosynthetic process,,,,1.0,False,1,0
GO:0045342,MHC class II biosynthetic process,,,,1.0,False,1,0
GO:0045343,regulation of MHC class I biosynthetic process,,,,1.0,False,1,0
GO:0045345,positive regulation of MHC class I biosynthetic process,,,,1.0,False,1,0
GO:0045346,regulation of MHC class II biosynthetic process,,,,1.0,False,1,0
GO:0045346,regulation of MHC class II biosynthetic process (GO:0045346),0.2639802279375834,0.5952357909798843,False,,,1,0
GO:0045348,positive regulation of MHC class II biosynthetic process,,,,1.0,False,1,0
GO:0045428,regulation of nitric oxide biosynthetic process,,,,1.0,False,1,0
GO:0045428,regulation of nitric oxide biosynthetic process (GO:0045428),0.0020302638843339,0.0582962147940568,False,,,1,0
GO:0045429,positive regulation of nitric oxide biosynthetic process (GO:0045429),0.0045912889840902,0.0853664662581098,False,,,1,0
GO:0045444,fat cell differentiation,,,,1.0,False,1,0
GO:0045444,fat cell differentiation (GO:0045444),0.0178067115073742,0.1592944734610154,False,,,1,0
GO:0045445,myoblast differentiation,,,,1.0,False,1,0
GO:0045445,myoblast differentiation (GO:0045445),0.4010144435619507,0.7098464432712569,False,,,1,0
GO:0045446,endothelial cell differentiation,,,,1.0,False,1,0
GO:0045446,endothelial cell differentiation (GO:0045446),0.1643752605191418,0.4810766690965317,False,,,1,0
GO:0045453,bone resorption,,,,1.0,False,1,0
GO:0045454,cell redox homeostasis,,,,1.0,False,1,0
GO:0045471,response to ethanol,,,,1.0,False,1,0
GO:0045471,response to ethanol (GO:0045471),0.1786348146411176,0.4944603003905322,False,,,1,0
GO:0045475,locomotor rhythm,,,,1.0,False,1,0
GO:0045494,photoreceptor cell maintenance,,,,1.0,False,1,0
GO:0045540,regulation of cholesterol biosynthetic process (GO:0045540),0.3689205000280824,0.6814673249203747,False,,,1,0
GO:0045576,mast cell activation,,,,1.0,False,1,0
GO:0045577,regulation of B cell differentiation,,,,1.0,False,1,0
GO:0045577,regulation of B cell differentiation (GO:0045577),0.951718712398394,0.9879225714633576,False,,,1,0
GO:0045579,positive regulation of B cell differentiation,,,,1.0,False,1,0
GO:0045580,regulation of T cell differentiation,,,,1.0,False,1,0
GO:0045580,regulation of T cell differentiation (GO:0045580),0.0296160202762811,0.2091872717093749,False,,,1,0
GO:0045581,negative regulation of T cell differentiation (GO:0045581),0.769238209676208,0.9251243330848252,False,,,1,0
GO:0045582,positive regulation of T cell differentiation,,,,1.0,False,1,0
GO:0045582,positive regulation of T cell differentiation (GO:0045582),0.0008280679759515,0.0345149651954314,True,,,1,1
GO:0045586,regulation of gamma-delta T cell differentiation,,,,1.0,False,1,0
GO:0045589,regulation of regulatory T cell differentiation (GO:0045589),0.3265128331190889,0.652165969468512,False,,,1,0
GO:0045595,regulation of cell differentiation,,,,1.0,False,1,0
GO:0045595,regulation of cell differentiation (GO:0045595),0.0005212719655203,0.0260155863844582,True,,,1,1
GO:0045596,negative regulation of cell differentiation,,,,1.0,False,1,0
GO:0045596,negative regulation of cell differentiation (GO:0045596),0.0071779170971756,0.1063509357405748,False,,,1,0
GO:0045597,positive regulation of cell differentiation,,,,1.0,False,1,0
GO:0045597,positive regulation of cell differentiation (GO:0045597),0.869318318934446,0.9587678247851484,False,,,1,0
GO:0045598,regulation of fat cell differentiation,,,,1.0,False,1,0
GO:0045598,regulation of fat cell differentiation (GO:0045598),0.0833021229655723,0.3430672664586492,False,,,1,0
GO:0045599,negative regulation of fat cell differentiation,,,,1.0,False,1,0
GO:0045599,negative regulation of fat cell differentiation (GO:0045599),0.0646435504998253,0.3045875615476242,False,,,1,0
GO:0045600,positive regulation of fat cell differentiation,,,,1.0,False,1,0
GO:0045600,positive regulation of fat cell differentiation (GO:0045600),0.2961290803135125,0.6246027934312549,False,,,1,0
GO:0045604,regulation of epidermal cell differentiation,,,,1.0,False,1,0
GO:0045604,regulation of epidermal cell differentiation (GO:0045604),0.8779482214419921,0.9607052823042715,False,,,1,0
GO:0045606,positive regulation of epidermal cell differentiation,,,,1.0,False,1,0
GO:0045606,positive regulation of epidermal cell differentiation (GO:0045606),0.2184925428630422,0.5448666765808804,False,,,1,0
GO:0045616,regulation of keratinocyte differentiation,,,,1.0,False,1,0
GO:0045616,regulation of keratinocyte differentiation (GO:0045616),0.0897279473281342,0.3554210303122367,False,,,1,0
GO:0045618,positive regulation of keratinocyte differentiation,,,,1.0,False,1,0
GO:0045618,positive regulation of keratinocyte differentiation (GO:0045618),0.024802953271731,0.1885322680554627,False,,,1,0
GO:0045619,regulation of lymphocyte differentiation,,,,1.0,False,1,0
GO:0045619,regulation of lymphocyte differentiation (GO:0045619),0.796206550359345,0.9343565347822558,False,,,1,0
GO:0045621,positive regulation of lymphocyte differentiation,,,,1.0,False,1,0
GO:0045621,positive regulation of lymphocyte differentiation (GO:0045621),0.127790769015113,0.4293493093231259,False,,,1,0
GO:0045623,negative regulation of T-helper cell differentiation (GO:0045623),0.6808871517373198,0.8857886079933793,False,,,1,0
GO:0045624,positive regulation of T-helper cell differentiation (GO:0045624),0.0041691077067444,0.0806807425085806,False,,,1,0
GO:0045637,regulation of myeloid cell differentiation,,,,1.0,False,1,0
GO:0045637,regulation of myeloid cell differentiation (GO:0045637),7.495916458667134e-05,0.0066928464774405,True,,,1,1
GO:0045638,negative regulation of myeloid cell differentiation,,,,1.0,False,1,0
GO:0045638,negative regulation of myeloid cell differentiation (GO:0045638),0.2138131036165403,0.5381506980872844,False,,,1,0
GO:0045639,positive regulation of myeloid cell differentiation,,,,1.0,False,1,0
GO:0045639,positive regulation of myeloid cell differentiation (GO:0045639),0.0209857774870903,0.1757153510122153,False,,,1,0
GO:0045646,regulation of erythrocyte differentiation,,,,1.0,False,1,0
GO:0045646,regulation of erythrocyte differentiation (GO:0045646),0.1389379692400201,0.4500356253863334,False,,,1,0
GO:0045647,negative regulation of erythrocyte differentiation,,,,1.0,False,1,0
GO:0045648,positive regulation of erythrocyte differentiation (GO:0045648),0.0749319780722564,0.3270621321381686,False,,,1,0
GO:0045649,regulation of macrophage differentiation (GO:0045649),0.2534596467895912,0.5865603662433919,False,,,1,0
GO:0045651,positive regulation of macrophage differentiation (GO:0045651),0.8453040634286636,0.9478945087628512,False,,,1,0
GO:0045652,regulation of megakaryocyte differentiation (GO:0045652),0.0021650246655423,0.059941157346002,False,,,1,0
GO:0045655,regulation of monocyte differentiation,,,,1.0,False,1,0
GO:0045655,regulation of monocyte differentiation (GO:0045655),0.4208576002737688,0.7295762695787957,False,,,1,0
GO:0045657,positive regulation of monocyte differentiation,,,,1.0,False,1,0
GO:0045661,regulation of myoblast differentiation (GO:0045661),0.3711045256371489,0.683632571996943,False,,,1,0
GO:0045662,negative regulation of myoblast differentiation (GO:0045662),0.1790791473654336,0.4944603003905322,False,,,1,0
GO:0045663,positive regulation of myoblast differentiation (GO:0045663),0.2966054571720078,0.6246027934312549,False,,,1,0
GO:0045664,regulation of neuron differentiation,,,,1.0,False,1,0
GO:0045664,regulation of neuron differentiation (GO:0045664),0.6421054852290033,0.8688101294247363,False,,,1,0
GO:0045665,negative regulation of neuron differentiation,,,,1.0,False,1,0
GO:0045665,negative regulation of neuron differentiation (GO:0045665),0.9090990310046276,0.9705073528287512,False,,,1,0
GO:0045666,positive regulation of neuron differentiation,,,,1.0,False,1,0
GO:0045666,positive regulation of neuron differentiation (GO:0045666),0.4838146616865166,0.7743075999058893,False,,,1,0
GO:0045667,regulation of osteoblast differentiation (GO:0045667),0.7602416147306847,0.922750862295516,False,,,1,0
GO:0045668,negative regulation of osteoblast differentiation (GO:0045668),0.9272882338798388,0.97779399047327,False,,,1,0
GO:0045669,positive regulation of osteoblast differentiation (GO:0045669),0.4041029067612366,0.7115888232801162,False,,,1,0
GO:0045670,regulation of osteoclast differentiation (GO:0045670),0.6907783401062886,0.8876660737958753,False,,,1,0
GO:0045671,negative regulation of osteoclast differentiation (GO:0045671),0.2639018665589652,0.5952357909798843,False,,,1,0
GO:0045672,positive regulation of osteoclast differentiation (GO:0045672),0.6193625020932625,0.8547903503113498,False,,,1,0
GO:0045682,regulation of epidermis development,,,,1.0,False,1,0
GO:0045684,positive regulation of epidermis development,,,,1.0,False,1,0
GO:0045684,positive regulation of epidermis development (GO:0045684),0.3610971547042536,0.6758957767306415,False,,,1,0
GO:0045685,regulation of glial cell differentiation,,,,1.0,False,1,0
GO:0045686,negative regulation of glial cell differentiation,,,,1.0,False,1,0
GO:0045687,positive regulation of glial cell differentiation,,,,1.0,False,1,0
GO:0045687,positive regulation of glial cell differentiation (GO:0045687),0.3811707195832358,0.6922635276889937,False,,,1,0
GO:0045717,negative regulation of fatty acid biosynthetic process (GO:0045717),0.4783999962242712,0.7700254919277794,False,,,1,0
GO:0045721,negative regulation of gluconeogenesis (GO:0045721),0.0824760196711694,0.3415191513239581,False,,,1,0
GO:0045723,positive regulation of fatty acid biosynthetic process (GO:0045723),0.2048125467324848,0.5245469208347839,False,,,1,0
GO:0045724,positive regulation of cilium assembly (GO:0045724),0.3191349002993373,0.6462050160621131,False,,,1,0
GO:0045725,positive regulation of glycogen biosynthetic process,,,,1.0,False,1,0
GO:0045725,positive regulation of glycogen biosynthetic process (GO:0045725),0.7069710683377495,0.8957539412959096,False,,,1,0
GO:0045727,positive regulation of translation,,,,1.0,False,1,0
GO:0045727,positive regulation of translation (GO:0045727),0.000168100062394,0.0110017152937492,True,,,1,1
GO:0045732,positive regulation of protein catabolic process,,,,1.0,False,1,0
GO:0045732,positive regulation of protein catabolic process (GO:0045732),0.0367825553958608,0.229845523256178,False,,,1,0
GO:0045736,negative regulation of cyclin-dependent protein serine/threonine kinase activity (GO:0045736),0.96553418712592,0.9923686975230194,False,,,1,0
GO:0045737,positive regulation of cyclin-dependent protein serine/threonine kinase activity (GO:0045737),0.0259550623633517,0.1934849051262762,False,,,1,0
GO:0045739,positive regulation of DNA repair,,,,1.0,False,1,0
GO:0045739,positive regulation of DNA repair (GO:0045739),0.9216584654085812,0.9752451304329957,False,,,1,0
GO:0045740,positive regulation of DNA replication (GO:0045740),0.5939924929581128,0.8437726867305281,False,,,1,0
GO:0045741,positive regulation of epidermal growth factor-activated receptor activity (GO:0045741),0.2462858511010495,0.5773561392004207,False,,,1,0
GO:0045742,positive regulation of epidermal growth factor receptor signaling pathway (GO:0045742),0.0118095497650597,0.1313595960670718,False,,,1,0
GO:0045744,negative regulation of G protein-coupled receptor signaling pathway,,,,1.0,False,1,0
GO:0045744,negative regulation of G protein-coupled receptor signaling pathway (GO:0045744),0.7164305881252011,0.8992128460486062,False,,,1,0
GO:0045745,positive regulation of G protein-coupled receptor signaling pathway,,,,1.0,False,1,0
GO:0045745,positive regulation of G protein-coupled receptor signaling pathway (GO:0045745),0.487103973774145,0.7762963750106437,False,,,1,0
GO:0045746,negative regulation of Notch signaling pathway,,,,1.0,False,1,0
GO:0045746,negative regulation of Notch signaling pathway (GO:0045746),0.0637203393481241,0.3021549344428944,False,,,1,0
GO:0045747,positive regulation of Notch signaling pathway (GO:0045747),0.0067772186930955,0.1034465171065725,False,,,1,0
GO:0045761,regulation of adenylate cyclase activity (GO:0045761),0.8891992391511705,0.9644646022591906,False,,,1,0
GO:0045763,negative regulation of amino acid metabolic process,,,,1.0,False,1,0
GO:0045765,regulation of angiogenesis,,,,0.1121556738251554,False,1,0
GO:0045765,regulation of angiogenesis (GO:0045765),0.0016368278346491,0.0544604208493344,False,,,1,0
GO:0045766,positive regulation of angiogenesis,,,,1.0,False,1,0
GO:0045766,positive regulation of angiogenesis (GO:0045766),0.1728464362909169,0.4898084865358046,False,,,1,0
GO:0045773,positive regulation of axon extension (GO:0045773),0.001041259089899,0.040716450803992,True,,,1,1
GO:0045776,negative regulation of blood pressure,,,,1.0,False,1,0
GO:0045776,negative regulation of blood pressure (GO:0045776),0.5359109553868152,0.811785245120683,False,,,1,0
GO:0045777,positive regulation of blood pressure,,,,1.0,False,1,0
GO:0045778,positive regulation of ossification (GO:0045778),0.5219938839724139,0.8032392260256298,False,,,1,0
GO:0045780,positive regulation of bone resorption,,,,1.0,False,1,0
GO:0045780,positive regulation of bone resorption (GO:0045780),0.3005171104739753,0.6273315355133673,False,,,1,0
GO:0045785,positive regulation of cell adhesion,,,,1.0,False,1,0
GO:0045785,positive regulation of cell adhesion (GO:0045785),0.0730948619276693,0.3241405566091447,False,,,1,0
GO:0045786,negative regulation of cell cycle,,,,1.0,False,1,0
GO:0045786,negative regulation of cell cycle (GO:0045786),0.4036474522843658,0.7115888232801162,False,,,1,0
GO:0045787,positive regulation of cell cycle,,,,0.830475407119636,False,1,0
GO:0045787,positive regulation of cell cycle (GO:0045787),0.6701948098832531,0.8820433427783411,False,,,1,0
GO:0045794,negative regulation of cell volume,,,,1.0,False,1,0
GO:0045806,negative regulation of endocytosis,,,,1.0,False,1,0
GO:0045806,negative regulation of endocytosis (GO:0045806),0.3748100927753045,0.6873803342179323,False,,,1,0
GO:0045807,positive regulation of endocytosis,,,,1.0,False,1,0
GO:0045807,positive regulation of endocytosis (GO:0045807),0.3311310189373386,0.653861071747995,False,,,1,0
GO:0045814,"negative regulation of gene expression, epigenetic",,,,1.0,False,1,0
GO:0045814,"negative regulation of gene expression, epigenetic (GO:0045814)",0.7382910254492479,0.9097913773648464,False,,,1,0
GO:0045815,"positive regulation of gene expression, epigenetic (GO:0045815)",0.0336112432658811,0.2198099147947155,False,,,1,0
GO:0045815,transcription initiation-coupled chromatin remodeling,,,,1.0,False,1,0
GO:0045819,positive regulation of glycogen catabolic process,,,,1.0,False,1,0
GO:0045820,negative regulation of glycolytic process,,,,1.0,False,1,0
GO:0045820,negative regulation of glycolytic process (GO:0045820),0.196736458313994,0.5149906048205516,False,,,1,0
GO:0045821,positive regulation of glycolytic process (GO:0045821),0.3749512026092544,0.6873803342179323,False,,,1,0
GO:0045822,negative regulation of heart contraction,,,,1.0,False,1,0
GO:0045822,negative regulation of heart contraction (GO:0045822),0.1780921674409774,0.4944603003905322,False,,,1,0
GO:0045823,positive regulation of heart contraction,,,,1.0,False,1,0
GO:0045823,positive regulation of heart contraction (GO:0045823),0.6212133919185848,0.8559496090761944,False,,,1,0
GO:0045824,negative regulation of innate immune response,,,,1.0,False,1,0
GO:0045824,negative regulation of innate immune response (GO:0045824),0.288573927341446,0.6178685469279303,False,,,1,0
GO:0045830,positive regulation of isotype switching,,,,1.0,False,1,0
GO:0045830,positive regulation of isotype switching (GO:0045830),0.2472161662445475,0.5791790726161636,False,,,1,0
GO:0045833,negative regulation of lipid metabolic process,,,,1.0,False,1,0
GO:0045833,negative regulation of lipid metabolic process (GO:0045833),0.3355073740371069,0.6580038623178628,False,,,1,0
GO:0045834,positive regulation of lipid metabolic process,,,,1.0,False,1,0
GO:0045834,positive regulation of lipid metabolic process (GO:0045834),0.0184212551665001,0.1624926066198486,False,,,1,0
GO:0045840,positive regulation of mitotic nuclear division (GO:0045840),0.9534468285072122,0.9889045175083008,False,,,1,0
GO:0045841,negative regulation of mitotic metaphase/anaphase transition (GO:0045841),0.5733812078192142,0.8316135936020211,False,,,1,0
GO:0045842,positive regulation of mitotic metaphase/anaphase transition (GO:0045842),0.3643943977671229,0.6767650070072623,False,,,1,0
GO:0045843,negative regulation of striated muscle tissue development,,,,1.0,False,1,0
GO:0045859,regulation of protein kinase activity,,,,1.0,False,1,0
GO:0045859,regulation of protein kinase activity (GO:0045859),0.0594887673489669,0.29380324811801,False,,,1,0
GO:0045860,positive regulation of protein kinase activity (GO:0045860),0.0503606772089734,0.2719464283959616,False,,,1,0
GO:0045861,negative regulation of proteolysis (GO:0045861),0.8403679089459352,0.9476095421772875,False,,,1,0
GO:0045862,positive regulation of proteolysis,,,,1.0,False,1,0
GO:0045862,positive regulation of proteolysis (GO:0045862),0.0991811267015433,0.3769479093977493,False,,,1,0
GO:0045876,positive regulation of sister chromatid cohesion,,,,1.0,False,1,0
GO:0045879,negative regulation of smoothened signaling pathway (GO:0045879),0.0013611610478036,0.0485216674900512,True,,,1,1
GO:0045880,positive regulation of smoothened signaling pathway (GO:0045880),0.7033814504116755,0.8942645663663249,False,,,1,0
GO:0045892,negative regulation of DNA-templated transcription,,,,1.0,False,1,0
GO:0045893,positive regulation of DNA-templated transcription,,,,1.2236457552277173e-06,True,1,1
GO:0045907,positive regulation of vasoconstriction (GO:0045907),0.2757345131153145,0.6070000047860638,False,,,1,0
GO:0045910,negative regulation of DNA recombination (GO:0045910),0.5722659820837022,0.8316135936020211,False,,,1,0
GO:0045911,positive regulation of DNA recombination,,,,1.0,False,1,0
GO:0045911,positive regulation of DNA recombination (GO:0045911),0.7167797284018467,0.8993534600821054,False,,,1,0
GO:0045912,negative regulation of carbohydrate metabolic process,,,,1.0,False,1,0
GO:0045913,positive regulation of carbohydrate metabolic process,,,,1.0,False,1,0
GO:0045913,positive regulation of carbohydrate metabolic process (GO:0045913),0.7128698325854684,0.8980123796070016,False,,,1,0
GO:0045921,positive regulation of exocytosis,,,,1.0,False,1,0
GO:0045921,positive regulation of exocytosis (GO:0045921),0.1057016640588198,0.3892006869994187,False,,,1,0
GO:0045922,negative regulation of fatty acid metabolic process (GO:0045922),0.7002927034671848,0.8932100249826661,False,,,1,0
GO:0045923,positive regulation of fatty acid metabolic process,,,,1.0,False,1,0
GO:0045923,positive regulation of fatty acid metabolic process (GO:0045923),0.19943327952299,0.5174079543301651,False,,,1,0
GO:0045926,negative regulation of growth,,,,1.0,False,1,0
GO:0045926,negative regulation of growth (GO:0045926),0.0156668334499579,0.1528225672641673,False,,,1,0
GO:0045927,positive regulation of growth,,,,1.0,False,1,0
GO:0045927,positive regulation of growth (GO:0045927),0.9865114738408304,0.9967019476166986,False,,,1,0
GO:0045930,negative regulation of mitotic cell cycle,,,,1.0,False,1,0
GO:0045930,negative regulation of mitotic cell cycle (GO:0045930),0.762966862474325,0.9231047238804194,False,,,1,0
GO:0045931,positive regulation of mitotic cell cycle,,,,1.0,False,1,0
GO:0045931,positive regulation of mitotic cell cycle (GO:0045931),0.1332687089202361,0.4399375221361667,False,,,1,0
GO:0045934,negative regulation of nucleobase-containing compound metabolic process,,,,1.0,False,1,0
GO:0045936,negative regulation of phosphate metabolic process,,,,1.0,False,1,0
GO:0045936,negative regulation of phosphate metabolic process (GO:0045936),0.503151872092073,0.7882920490893155,False,,,1,0
GO:0045937,positive regulation of phosphate metabolic process,,,,1.0,False,1,0
GO:0045937,positive regulation of phosphate metabolic process (GO:0045937),0.4920796298135627,0.7797992828517174,False,,,1,0
GO:0045940,positive regulation of steroid metabolic process (GO:0045940),0.8122230096737608,0.9381126296262408,False,,,1,0
GO:0045943,positive regulation of transcription by RNA polymerase I (GO:0045943),0.0231087744759176,0.1837559362414165,False,,,1,0
GO:0045944,positive regulation of transcription by RNA polymerase II,,,,4.971516790501546e-05,True,1,1
GO:0045947,negative regulation of translational initiation,,,,1.0,False,1,0
GO:0045947,negative regulation of translational initiation (GO:0045947),0.1132689547700565,0.4003999491545427,False,,,1,0
GO:0045948,positive regulation of translational initiation,,,,1.0,False,1,0
GO:0045948,positive regulation of translational initiation (GO:0045948),0.0306772723132057,0.2107950976159226,False,,,1,0
GO:0045954,positive regulation of natural killer cell mediated cytotoxicity (GO:0045954),0.0765960782227004,0.3308592705764481,False,,,1,0
GO:0045956,positive regulation of calcium ion-dependent exocytosis,,,,1.0,False,1,0
GO:0045956,positive regulation of calcium ion-dependent exocytosis (GO:0045956),0.0318812727374823,0.2155537744978086,False,,,1,0
GO:0045980,negative regulation of nucleotide metabolic process,,,,1.0,False,1,0
GO:0045995,regulation of embryonic development,,,,1.0,False,1,0
GO:0045995,regulation of embryonic development (GO:0045995),0.2621581092841802,0.5929431774090016,False,,,1,0
GO:0046006,regulation of activated T cell proliferation (GO:0046006),0.5813958663091546,0.8362664091432019,False,,,1,0
GO:0046007,negative regulation of activated T cell proliferation (GO:0046007),0.1461239064507531,0.4557599131604889,False,,,1,0
GO:0046031,ADP metabolic process,,,,1.0,False,1,0
GO:0046032,ADP catabolic process,,,,1.0,False,1,0
GO:0046033,AMP metabolic process (GO:0046033),0.5719209304856072,0.8316135936020211,False,,,1,0
GO:0046034,ATP metabolic process,,,,1.0,False,1,0
GO:0046039,GTP metabolic process (GO:0046039),0.9555545596109108,0.9900077696269284,False,,,1,0
GO:0046058,cAMP metabolic process,,,,1.0,False,1,0
GO:0046058,cAMP metabolic process (GO:0046058),0.0009295913650744,0.0371151583971297,True,,,1,1
GO:0046068,cGMP metabolic process (GO:0046068),0.8359315461836713,0.9474416955400868,False,,,1,0
GO:0046134,pyrimidine nucleoside biosynthetic process (GO:0046134),0.5109142777690548,0.7942204326139447,False,,,1,0
GO:0046135,pyrimidine nucleoside catabolic process (GO:0046135),0.4464117094892889,0.7498396754226205,False,,,1,0
GO:0046146,tetrahydrobiopterin metabolic process (GO:0046146),0.1215839088347289,0.418862639609561,False,,,1,0
GO:0046148,pigment biosynthetic process,,,,1.0,False,1,0
GO:0046164,alcohol catabolic process (GO:0046164),0.4319104817745219,0.7384745065776986,False,,,1,0
GO:0046165,alcohol biosynthetic process,,,,1.0,False,1,0
GO:0046173,polyol biosynthetic process,,,,1.0,False,1,0
GO:0046173,polyol biosynthetic process (GO:0046173),0.1374217482072098,0.4485720231927254,False,,,1,0
GO:0046209,nitric oxide metabolic process,,,,1.0,False,1,0
GO:0046209,nitric oxide metabolic process (GO:0046209),0.8829068299504944,0.9619357192023849,False,,,1,0
GO:0046218,indolalkylamine catabolic process (GO:0046218),0.0756159483682975,0.3277843338982313,False,,,1,0
GO:0046320,regulation of fatty acid oxidation,,,,1.0,False,1,0
GO:0046320,regulation of fatty acid oxidation (GO:0046320),0.4363711608575559,0.7418896517851679,False,,,1,0
GO:0046321,positive regulation of fatty acid oxidation,,,,1.0,False,1,0
GO:0046321,positive regulation of fatty acid oxidation (GO:0046321),0.7913139625782227,0.9332007274070524,False,,,1,0
GO:0046323,glucose import (GO:0046323),0.0137779577566035,0.1424829396918812,False,,,1,0
GO:0046324,regulation of D-glucose import across plasma membrane,,,,1.0,False,1,0
GO:0046324,regulation of glucose import (GO:0046324),0.2811657574555501,0.611829715066436,False,,,1,0
GO:0046326,positive regulation of D-glucose import across plasma membrane,,,,1.0,False,1,0
GO:0046326,positive regulation of glucose import (GO:0046326),0.0294494944729525,0.2085461476575212,False,,,1,0
GO:0046328,regulation of JNK cascade,,,,1.0,False,1,0
GO:0046328,regulation of JNK cascade (GO:0046328),1.871632512582072e-05,0.0026754122810317,True,,,1,1
GO:0046329,negative regulation of JNK cascade,,,,1.0,False,1,0
GO:0046329,negative regulation of JNK cascade (GO:0046329),0.0340382509002768,0.2199439278786204,False,,,1,0
GO:0046330,positive regulation of JNK cascade,,,,1.0,False,1,0
GO:0046330,positive regulation of JNK cascade (GO:0046330),0.0015431251480227,0.0532097607859116,False,,,1,0
GO:0046337,phosphatidylethanolamine metabolic process (GO:0046337),0.1385775999194391,0.4496002234587775,False,,,1,0
GO:0046339,diacylglycerol metabolic process (GO:0046339),0.3198956286316606,0.6467825796374674,False,,,1,0
GO:0046349,amino sugar biosynthetic process (GO:0046349),0.6984221690679249,0.8922584328981606,False,,,1,0
GO:0046390,ribose phosphate biosynthetic process,,,,1.0,False,1,0
GO:0046394,carboxylic acid biosynthetic process,,,,1.0,False,1,0
GO:0046395,carboxylic acid catabolic process,,,,1.0,False,1,0
GO:0046395,carboxylic acid catabolic process (GO:0046395),0.7916718118530338,0.9332007274070524,False,,,1,0
GO:0046415,urate metabolic process (GO:0046415),0.0503508735244432,0.2719464283959616,False,,,1,0
GO:0046425,regulation of receptor signaling pathway via JAK-STAT,,,,1.0,False,1,0
GO:0046425,regulation of receptor signaling pathway via JAK-STAT (GO:0046425),0.879654480738923,0.9607052823042715,False,,,1,0
GO:0046426,negative regulation of receptor signaling pathway via JAK-STAT (GO:0046426),0.4099448386446183,0.7180652840695597,False,,,1,0
GO:0046427,positive regulation of receptor signaling pathway via JAK-STAT (GO:0046427),0.0328436990967395,0.2185546503051456,False,,,1,0
GO:0046434,organophosphate catabolic process,,,,1.0,False,1,0
GO:0046434,organophosphate catabolic process (GO:0046434),0.070887312424565,0.3197359993373262,False,,,1,0
GO:0046456,icosanoid biosynthetic process,,,,1.0,False,1,0
GO:0046456,icosanoid biosynthetic process (GO:0046456),0.6419045809020185,0.8688101294247363,False,,,1,0
GO:0046457,prostanoid biosynthetic process,,,,1.0,False,1,0
GO:0046457,prostanoid biosynthetic process (GO:0046457),0.1102912025824384,0.3977825148642161,False,,,1,0
GO:0046462,monoacylglycerol metabolic process (GO:0046462),0.6843921009980505,0.8859724365479882,False,,,1,0
GO:0046463,acylglycerol biosynthetic process (GO:0046463),0.0735837387197,0.3243289806874079,False,,,1,0
GO:0046464,acylglycerol catabolic process (GO:0046464),0.966205536502112,0.9923686975230194,False,,,1,0
GO:0046466,membrane lipid catabolic process (GO:0046466),0.084497542645843,0.3456577590893095,False,,,1,0
GO:0046467,membrane lipid biosynthetic process (GO:0046467),0.5042837614906601,0.788437059906873,False,,,1,0
GO:0046470,phosphatidylcholine metabolic process (GO:0046470),0.4796500700797637,0.7705134732773786,False,,,1,0
GO:0046471,phosphatidylglycerol metabolic process (GO:0046471),0.1026706809834339,0.3840531488857644,False,,,1,0
GO:0046473,phosphatidic acid metabolic process (GO:0046473),0.0233914187006348,0.1847201805573468,False,,,1,0
GO:0046474,glycerophospholipid biosynthetic process (GO:0046474),0.1009222470434326,0.3805149930772763,False,,,1,0
GO:0046475,glycerophospholipid catabolic process (GO:0046475),0.0790173500631523,0.3355334133611102,False,,,1,0
GO:0046485,ether lipid metabolic process (GO:0046485),0.9670827928395932,0.9924383774519692,False,,,1,0
GO:0046486,glycerolipid metabolic process,,,,1.0,False,1,0
GO:0046486,glycerolipid metabolic process (GO:0046486),0.4553210880073258,0.7564752022828678,False,,,1,0
GO:0046488,phosphatidylinositol metabolic process,,,,1.0,False,1,0
GO:0046488,phosphatidylinositol metabolic process (GO:0046488),0.6402918236853572,0.868638543350704,False,,,1,0
GO:0046496,nicotinamide nucleotide metabolic process,,,,1.0,False,1,0
GO:0046500,S-adenosylmethionine metabolic process,,,,1.0,False,1,0
GO:0046503,glycerolipid catabolic process (GO:0046503),0.5498394454800604,0.8210791404353815,False,,,1,0
GO:0046512,sphingosine biosynthetic process,,,,1.0,False,1,0
GO:0046512,sphingosine biosynthetic process (GO:0046512),0.9489324462671428,0.986408950573714,False,,,1,0
GO:0046513,ceramide biosynthetic process (GO:0046513),0.361586443536297,0.6758957767306415,False,,,1,0
GO:0046514,ceramide catabolic process (GO:0046514),0.9134847347865042,0.9735452652557488,False,,,1,0
GO:0046519,sphingoid metabolic process,,,,1.0,False,1,0
GO:0046519,sphingoid metabolic process (GO:0046519),0.2086329454525504,0.5307826745799399,False,,,1,0
GO:0046520,sphingoid biosynthetic process,,,,1.0,False,1,0
GO:0046520,sphingoid biosynthetic process (GO:0046520),0.9489324462671428,0.986408950573714,False,,,1,0
GO:0046530,photoreceptor cell differentiation,,,,1.0,False,1,0
GO:0046545,development of primary female sexual characteristics,,,,1.0,False,1,0
GO:0046546,development of primary male sexual characteristics,,,,1.0,False,1,0
GO:0046546,development of primary male sexual characteristics (GO:0046546),0.0311877610029879,0.2123440112767501,False,,,1,0
GO:0046548,retinal rod cell development,,,,1.0,False,1,0
GO:0046578,regulation of Ras protein signal transduction,,,,1.0,False,1,0
GO:0046578,regulation of Ras protein signal transduction (GO:0046578),0.0005578835075959,0.0274811966793698,True,,,1,1
GO:0046579,positive regulation of Ras protein signal transduction,,,,1.0,False,1,0
GO:0046579,positive regulation of Ras protein signal transduction (GO:0046579),0.0944392000158178,0.3636628280812152,False,,,1,0
GO:0046580,negative regulation of Ras protein signal transduction,,,,1.0,False,1,0
GO:0046580,negative regulation of Ras protein signal transduction (GO:0046580),0.0477003610781454,0.2620324379345546,False,,,1,0
GO:0046596,regulation of viral entry into host cell (GO:0046596),0.8302489877071401,0.9462543300400188,False,,,1,0
GO:0046597,negative regulation of viral entry into host cell (GO:0046597),0.6347026512755829,0.8649365061832861,False,,,1,0
GO:0046599,regulation of centriole replication,,,,1.0,False,1,0
GO:0046599,regulation of centriole replication (GO:0046599),0.3633683816038425,0.6767650070072623,False,,,1,0
GO:0046605,regulation of centrosome cycle,,,,1.0,False,1,0
GO:0046605,regulation of centrosome cycle (GO:0046605),0.579703663676034,0.8359015903060739,False,,,1,0
GO:0046626,regulation of insulin receptor signaling pathway,,,,1.0,False,1,0
GO:0046626,regulation of insulin receptor signaling pathway (GO:0046626),1.4279655443365722e-05,0.0024619424134857,True,,,1,1
GO:0046627,negative regulation of insulin receptor signaling pathway (GO:0046627),0.0018726393561497,0.0571574600085362,False,,,1,0
GO:0046628,positive regulation of insulin receptor signaling pathway,,,,1.0,False,1,0
GO:0046628,positive regulation of insulin receptor signaling pathway (GO:0046628),0.0192602495946939,0.1667902436362419,False,,,1,0
GO:0046629,gamma-delta T cell activation,,,,1.0,False,1,0
GO:0046631,alpha-beta T cell activation,,,,1.0,False,1,0
GO:0046632,alpha-beta T cell differentiation,,,,1.0,False,1,0
GO:0046634,regulation of alpha-beta T cell activation,,,,1.0,False,1,0
GO:0046635,positive regulation of alpha-beta T cell activation,,,,1.0,False,1,0
GO:0046635,positive regulation of alpha-beta T cell activation (GO:0046635),0.7644684814999582,0.9238882344570928,False,,,1,0
GO:0046638,positive regulation of alpha-beta T cell differentiation (GO:0046638),0.547018240503113,0.819770915143543,False,,,1,0
GO:0046641,positive regulation of alpha-beta T cell proliferation (GO:0046641),0.9058998152425884,0.9688574613736848,False,,,1,0
GO:0046643,regulation of gamma-delta T cell activation,,,,1.0,False,1,0
GO:0046649,lymphocyte activation,,,,1.0,False,1,0
GO:0046651,lymphocyte proliferation,,,,1.0,False,1,0
GO:0046651,lymphocyte proliferation (GO:0046651),0.7958853686446964,0.9343216351808522,False,,,1,0
GO:0046653,tetrahydrofolate metabolic process (GO:0046653),0.4602392549691125,0.7587982536057636,False,,,1,0
GO:0046655,folic acid metabolic process (GO:0046655),0.3645217266849029,0.6767650070072623,False,,,1,0
GO:0046660,female sex differentiation,,,,1.0,False,1,0
GO:0046661,male sex differentiation,,,,1.0,False,1,0
GO:0046676,negative regulation of insulin secretion,,,,1.0,False,1,0
GO:0046676,negative regulation of insulin secretion (GO:0046676),0.6263371615092675,0.8589177138042156,False,,,1,0
GO:0046683,response to organophosphorus,,,,1.0,False,1,0
GO:0046683,response to organophosphorus (GO:0046683),0.3435764090147882,0.6618513557100517,False,,,1,0
GO:0046685,response to arsenic-containing substance,,,,1.0,False,1,0
GO:0046686,response to cadmium ion,,,,1.0,False,1,0
GO:0046686,response to cadmium ion (GO:0046686),0.079513991382415,0.3355334133611102,False,,,1,0
GO:0046688,response to copper ion,,,,1.0,False,1,0
GO:0046688,response to copper ion (GO:0046688),0.780356693879586,0.927866125355884,False,,,1,0
GO:0046717,acid secretion,,,,1.0,False,1,0
GO:0046718,symbiont entry into host cell,,,,1.0,False,1,0
GO:0046777,protein autophosphorylation,,,,1.0,False,1,0
GO:0046777,protein autophosphorylation (GO:0046777),1.881080031457998e-06,0.0004459335349575,True,,,1,1
GO:0046782,regulation of viral transcription (GO:0046782),0.8053614060390419,0.9366853555931376,False,,,1,0
GO:0046785,microtubule polymerization,,,,1.0,False,1,0
GO:0046785,microtubule polymerization (GO:0046785),0.7235743389651728,0.902208240530868,False,,,1,0
GO:0046822,regulation of nucleocytoplasmic transport,,,,1.0,False,1,0
GO:0046822,regulation of nucleocytoplasmic transport (GO:0046822),0.6195145460073558,0.8547903503113498,False,,,1,0
GO:0046823,negative regulation of nucleocytoplasmic transport (GO:0046823),0.5617599839309219,0.8288999672643481,False,,,1,0
GO:0046824,positive regulation of nucleocytoplasmic transport,,,,1.0,False,1,0
GO:0046824,positive regulation of nucleocytoplasmic transport (GO:0046824),0.6888492197654539,0.8875848734087785,False,,,1,0
GO:0046825,regulation of protein export from nucleus (GO:0046825),0.1938508384099385,0.5123876167866878,False,,,1,0
GO:0046827,positive regulation of protein export from nucleus (GO:0046827),0.1559581203295991,0.4716097247961938,False,,,1,0
GO:0046831,regulation of RNA export from nucleus,,,,1.0,False,1,0
GO:0046831,regulation of RNA export from nucleus (GO:0046831),0.2588557939012429,0.5917054564946521,False,,,1,0
GO:0046834,lipid phosphorylation (GO:0046834),0.9649107317198244,0.9923686975230194,False,,,1,0
GO:0046838,phosphorylated carbohydrate dephosphorylation (GO:0046838),0.6795539131566053,0.885755323918558,False,,,1,0
GO:0046839,phospholipid dephosphorylation,,,,1.0,False,1,0
GO:0046839,phospholipid dephosphorylation (GO:0046839),0.4235957779892801,0.7319812236507242,False,,,1,0
GO:0046847,filopodium assembly,,,,0.0282614707932111,True,1,1
GO:0046847,filopodium assembly (GO:0046847),0.4709928282383449,0.7660702390686287,False,,,1,0
GO:0046849,bone remodeling,,,,1.0,False,1,0
GO:0046850,regulation of bone remodeling,,,,1.0,False,1,0
GO:0046851,negative regulation of bone remodeling (GO:0046851),0.27503742318052,0.606169056434464,False,,,1,0
GO:0046854,phosphatidylinositol phosphate biosynthetic process (GO:0046854),0.0045236092627493,0.0849408412554861,False,,,1,0
GO:0046855,inositol phosphate dephosphorylation (GO:0046855),0.6795539131566053,0.885755323918558,False,,,1,0
GO:0046856,phosphatidylinositol dephosphorylation,,,,1.0,False,1,0
GO:0046856,phosphatidylinositol dephosphorylation (GO:0046856),0.9608205602563776,0.9908625299218164,False,,,1,0
GO:0046879,hormone secretion,,,,1.0,False,1,0
GO:0046883,regulation of hormone secretion,,,,1.0,False,1,0
GO:0046883,regulation of hormone secretion (GO:0046883),0.3358921780936991,0.6582910160290273,False,,,1,0
GO:0046885,regulation of hormone biosynthetic process,,,,1.0,False,1,0
GO:0046886,positive regulation of hormone biosynthetic process,,,,1.0,False,1,0
GO:0046887,positive regulation of hormone secretion,,,,1.0,False,1,0
GO:0046887,positive regulation of hormone secretion (GO:0046887),0.4575722172890091,0.756954964479291,False,,,1,0
GO:0046888,negative regulation of hormone secretion,,,,1.0,False,1,0
GO:0046888,negative regulation of hormone secretion (GO:0046888),0.7268542006634854,0.90316408000447,False,,,1,0
GO:0046889,positive regulation of lipid biosynthetic process (GO:0046889),0.0369646233722523,0.2298472400835294,False,,,1,0
GO:0046890,regulation of lipid biosynthetic process,,,,1.0,False,1,0
GO:0046890,regulation of lipid biosynthetic process (GO:0046890),0.0068182518525291,0.1034465171065725,False,,,1,0
GO:0046902,regulation of mitochondrial membrane permeability,,,,1.0,False,1,0
GO:0046902,regulation of mitochondrial membrane permeability (GO:0046902),0.558748204205974,0.8265725189365287,False,,,1,0
GO:0046903,secretion,,,,0.0040785285224404,True,1,1
GO:0046903,secretion (GO:0046903),0.4306793879604866,0.7378351032222791,False,,,1,0
GO:0046907,intracellular transport,,,,0.0091930515683858,True,1,1
GO:0046916,cellular transition metal ion homeostasis (GO:0046916),0.011546304263541,0.1299509051571383,False,,,1,0
GO:0046928,regulation of neurotransmitter secretion,,,,1.0,False,1,0
GO:0046928,regulation of neurotransmitter secretion (GO:0046928),0.5443232420248584,0.8179944758321267,False,,,1,0
GO:0046931,pore complex assembly (GO:0046931),0.4829688474898059,0.7736067730273792,False,,,1,0
GO:0046942,carboxylic acid transport,,,,1.0,False,1,0
GO:0046942,carboxylic acid transport (GO:0046942),0.6658307953071558,0.8816317376126855,False,,,1,0
GO:0046949,fatty-acyl-CoA biosynthetic process (GO:0046949),0.3338209553172615,0.6564787878091349,False,,,1,0
GO:0046958,nonassociative learning,,,,1.0,False,1,0
GO:0046959,habituation,,,,1.0,False,1,0
GO:0047496,vesicle transport along microtubule,,,,1.0,False,1,0
GO:0047496,vesicle transport along microtubule (GO:0047496),0.0846222763007191,0.3456577590893095,False,,,1,0
GO:0047497,mitochondrion transport along microtubule,,,,1.0,False,1,0
GO:0047497,mitochondrion transport along microtubule (GO:0047497),0.9994548092234156,0.9995687277764532,False,,,1,0
GO:0048002,antigen processing and presentation of peptide antigen,,,,1.0,False,1,0
GO:0048008,platelet-derived growth factor receptor signaling pathway,,,,1.0,False,1,0
GO:0048008,platelet-derived growth factor receptor signaling pathway (GO:0048008),0.06718068319593,0.3087354879077613,False,,,1,0
GO:0048009,insulin-like growth factor receptor signaling pathway,,,,1.0,False,1,0
GO:0048009,insulin-like growth factor receptor signaling pathway (GO:0048009),0.3258782262317551,0.6515846663663928,False,,,1,0
GO:0048010,vascular endothelial growth factor receptor signaling pathway,,,,1.0,False,1,0
GO:0048010,vascular endothelial growth factor receptor signaling pathway (GO:0048010),0.0192530707775394,0.1667902436362419,False,,,1,0
GO:0048011,neurotrophin TRK receptor signaling pathway (GO:0048011),0.1612445098029865,0.4758694209748908,False,,,1,0
GO:0048012,hepatocyte growth factor receptor signaling pathway,,,,1.0,False,1,0
GO:0048012,hepatocyte growth factor receptor signaling pathway (GO:0048012),0.5327892010576196,0.8092702607166085,False,,,1,0
GO:0048013,ephrin receptor signaling pathway,,,,1.0,False,1,0
GO:0048013,ephrin receptor signaling pathway (GO:0048013),0.1521742732544973,0.4658147940071011,False,,,1,0
GO:0048015,phosphatidylinositol-mediated signaling (GO:0048015),0.1528972893590406,0.4658147940071011,False,,,1,0
GO:0048016,inositol phosphate-mediated signaling (GO:0048016),0.7774551666970339,0.9276147993966184,False,,,1,0
GO:0048017,inositol lipid-mediated signaling (GO:0048017),0.3374706451769252,0.6588985493668363,False,,,1,0
GO:0048021,regulation of melanin biosynthetic process (GO:0048021),0.2608783426599078,0.5926205761593032,False,,,1,0
GO:0048024,"regulation of mRNA splicing, via spliceosome",,,,0.4576949408155425,False,1,0
GO:0048024,"regulation of mRNA splicing, via spliceosome (GO:0048024)",0.671836249893333,0.8829147738528108,False,,,1,0
GO:0048025,"negative regulation of mRNA splicing, via spliceosome",,,,1.0,False,1,0
GO:0048025,"negative regulation of mRNA splicing, via spliceosome (GO:0048025)",0.583375050111609,0.8368440402075721,False,,,1,0
GO:0048026,"positive regulation of mRNA splicing, via spliceosome",,,,1.0,False,1,0
GO:0048026,"positive regulation of mRNA splicing, via spliceosome (GO:0048026)",0.0166246027893945,0.1549314947915811,False,,,1,0
GO:0048041,focal adhesion assembly,,,,1.0,False,1,0
GO:0048041,focal adhesion assembly (GO:0048041),0.0003950898300567,0.0217184887739911,True,,,1,1
GO:0048048,embryonic eye morphogenesis (GO:0048048),0.1281547979306227,0.4294091418293746,False,,,1,0
GO:0048096,chromatin-mediated maintenance of transcription (GO:0048096),0.0528427671363032,0.2772235349211593,False,,,1,0
GO:0048144,fibroblast proliferation,,,,1.0,False,1,0
GO:0048145,regulation of fibroblast proliferation,,,,1.0,False,1,0
GO:0048145,regulation of fibroblast proliferation (GO:0048145),0.4637811880657824,0.7618545025264238,False,,,1,0
GO:0048146,positive regulation of fibroblast proliferation (GO:0048146),0.6822201442399437,0.8857886079933793,False,,,1,0
GO:0048147,negative regulation of fibroblast proliferation,,,,1.0,False,1,0
GO:0048147,negative regulation of fibroblast proliferation (GO:0048147),0.0281474591265781,0.2041363527095809,False,,,1,0
GO:0048148,behavioral response to cocaine,,,,1.0,False,1,0
GO:0048167,regulation of synaptic plasticity,,,,1.5802890683688156e-08,True,1,1
GO:0048168,regulation of neuronal synaptic plasticity,,,,5.1483418076936814e-05,True,1,1
GO:0048168,regulation of neuronal synaptic plasticity (GO:0048168),0.5413957921274615,0.8171564821088187,False,,,1,0
GO:0048169,regulation of long-term neuronal synaptic plasticity,,,,1.0,False,1,0
GO:0048169,regulation of long-term neuronal synaptic plasticity (GO:0048169),0.9669638979376436,0.9924383774519692,False,,,1,0
GO:0048170,positive regulation of long-term neuronal synaptic plasticity,,,,1.0,False,1,0
GO:0048172,regulation of short-term neuronal synaptic plasticity,,,,0.8752329894471954,False,1,0
GO:0048172,regulation of short-term neuronal synaptic plasticity (GO:0048172),0.8206781966374459,0.9415705988644382,False,,,1,0
GO:0048193,Golgi vesicle transport,,,,1.0,False,1,0
GO:0048207,"vesicle targeting, rough ER to cis-Golgi (GO:0048207)",0.0085885055450551,0.1119457097333135,False,,,1,0
GO:0048208,COPII vesicle coating (GO:0048208),0.0085885055450551,0.1119457097333135,False,,,1,0
GO:0048232,male gamete generation,,,,1.0,False,1,0
GO:0048239,negative regulation of DNA recombination at telomere (GO:0048239),0.7903439670427267,0.9332007274070524,False,,,1,0
GO:0048243,norepinephrine secretion,,,,1.0,False,1,0
GO:0048245,eosinophil chemotaxis (GO:0048245),0.9200800708843528,0.9747251428303044,False,,,1,0
GO:0048246,macrophage chemotaxis,,,,1.0,False,1,0
GO:0048246,macrophage chemotaxis (GO:0048246),0.8792579719873971,0.9607052823042715,False,,,1,0
GO:0048247,lymphocyte chemotaxis,,,,1.0,False,1,0
GO:0048247,lymphocyte chemotaxis (GO:0048247),0.922877870177668,0.9756063995495804,False,,,1,0
GO:0048255,mRNA stabilization,,,,1.0,False,1,0
GO:0048255,mRNA stabilization (GO:0048255),0.9269706191181024,0.97779399047327,False,,,1,0
GO:0048259,regulation of receptor-mediated endocytosis,,,,1.0,False,1,0
GO:0048259,regulation of receptor-mediated endocytosis (GO:0048259),0.0156568134342175,0.1528225672641673,False,,,1,0
GO:0048260,positive regulation of receptor-mediated endocytosis,,,,1.0,False,1,0
GO:0048260,positive regulation of receptor-mediated endocytosis (GO:0048260),0.4396830022351297,0.7442620094698764,False,,,1,0
GO:0048261,negative regulation of receptor-mediated endocytosis,,,,1.0,False,1,0
GO:0048261,negative regulation of receptor-mediated endocytosis (GO:0048261),0.9592013028771568,0.9908625299218164,False,,,1,0
GO:0048268,clathrin coat assembly (GO:0048268),0.4930918001605499,0.7799262791897895,False,,,1,0
GO:0048278,vesicle docking,,,,1.0,False,1,0
GO:0048284,organelle fusion,,,,1.0,False,1,0
GO:0048284,organelle fusion (GO:0048284),0.1661197524434116,0.4835442708548797,False,,,1,0
GO:0048285,organelle fission,,,,1.0,False,1,0
GO:0048285,organelle fission (GO:0048285),0.4617323582164946,0.7598051343666655,False,,,1,0
GO:0048286,lung alveolus development,,,,1.0,False,1,0
GO:0048311,mitochondrion distribution,,,,1.0,False,1,0
GO:0048311,mitochondrion distribution (GO:0048311),0.6722240275311285,0.8829147738528108,False,,,1,0
GO:0048313,Golgi inheritance (GO:0048313),0.9364246163603348,0.9801917578783246,False,,,1,0
GO:0048332,mesoderm morphogenesis,,,,1.0,False,1,0
GO:0048332,mesoderm morphogenesis (GO:0048332),0.8011537056072175,0.9362325644172682,False,,,1,0
GO:0048384,retinoic acid receptor signaling pathway,,,,1.0,False,1,0
GO:0048384,retinoic acid receptor signaling pathway (GO:0048384),0.0644139048381663,0.304129727869681,False,,,1,0
GO:0048385,regulation of retinoic acid receptor signaling pathway,,,,1.0,False,1,0
GO:0048385,regulation of retinoic acid receptor signaling pathway (GO:0048385),0.1924874906770936,0.5116363364668648,False,,,1,0
GO:0048387,negative regulation of retinoic acid receptor signaling pathway,,,,1.0,False,1,0
GO:0048468,cell development,,,,1.492084468626001e-08,True,1,1
GO:0048469,cell maturation,,,,1.0,False,1,0
GO:0048477,oogenesis,,,,1.0,False,1,0
GO:0048477,oogenesis (GO:0048477),0.9317718453305,0.9785992916448376,False,,,1,0
GO:0048483,autonomic nervous system development (GO:0048483),0.1618504109491476,0.4766293546041281,False,,,1,0
GO:0048484,enteric nervous system development (GO:0048484),0.5144043311253192,0.7963250241500013,False,,,1,0
GO:0048485,sympathetic nervous system development (GO:0048485),0.3632489553226273,0.6767650070072623,False,,,1,0
GO:0048488,synaptic vesicle endocytosis,,,,1.0,False,1,0
GO:0048488,synaptic vesicle endocytosis (GO:0048488),0.2690611131198411,0.599849445843929,False,,,1,0
GO:0048489,synaptic vesicle transport (GO:0048489),0.4878714394776573,0.7771929315156465,False,,,1,0
GO:0048490,anterograde synaptic vesicle transport (GO:0048490),0.6654500811378233,0.8816317376126855,False,,,1,0
GO:0048499,synaptic vesicle membrane organization (GO:0048499),0.2901480649382376,0.6182761855678288,False,,,1,0
GO:0048511,rhythmic process,,,,5.2641455736906285e-06,True,1,1
GO:0048512,circadian behavior,,,,0.1928053624052828,False,1,0
GO:0048513,animal organ development,,,,1.9021655196064663e-05,True,1,1
GO:0048514,blood vessel morphogenesis,,,,0.4324281562959701,False,1,0
GO:0048514,blood vessel morphogenesis (GO:0048514),0.001917037176278,0.057254504012777,False,,,1,0
GO:0048515,spermatid differentiation,,,,1.0,False,1,0
GO:0048518,positive regulation of biological process,,,,2.8794910417021784e-15,True,1,1
GO:0048519,negative regulation of biological process,,,,1.236665398488915e-10,True,1,1
GO:0048520,positive regulation of behavior,,,,1.0,False,1,0
GO:0048520,positive regulation of behavior (GO:0048520),0.3254936035360232,0.6515846663663928,False,,,1,0
GO:0048521,negative regulation of behavior,,,,1.0,False,1,0
GO:0048522,positive regulation of cellular process,,,,5.534626340469697e-15,True,1,1
GO:0048523,negative regulation of cellular process,,,,1.8257751151634276e-10,True,1,1
GO:0048524,positive regulation of viral process,,,,1.0,False,1,0
GO:0048524,positive regulation of viral process (GO:0048524),0.4904200252269031,0.778962795513251,False,,,1,0
GO:0048525,negative regulation of viral process,,,,1.0,False,1,0
GO:0048525,negative regulation of viral process (GO:0048525),0.5430750675892186,0.8174141791134549,False,,,1,0
GO:0048532,anatomical structure arrangement,,,,1.0,False,1,0
GO:0048534,hematopoietic or lymphoid organ development,,,,1.0,False,1,0
GO:0048536,spleen development,,,,1.0,False,1,0
GO:0048538,thymus development (GO:0048538),0.1785133339945798,0.4944603003905322,False,,,1,0
GO:0048545,response to steroid hormone,,,,0.0262325279730795,True,1,1
GO:0048545,response to steroid hormone (GO:0048545),0.8933239479262709,0.9655355225163764,False,,,1,0
GO:0048546,digestive tract morphogenesis (GO:0048546),0.8049530831974581,0.9366853555931376,False,,,1,0
GO:0048548,regulation of pinocytosis,,,,1.0,False,1,0
GO:0048549,positive regulation of pinocytosis,,,,1.0,False,1,0
GO:0048562,embryonic organ morphogenesis,,,,1.0,False,1,0
GO:0048562,embryonic organ morphogenesis (GO:0048562),0.2275792413605393,0.5551177250678621,False,,,1,0
GO:0048565,digestive tract development,,,,1.0,False,1,0
GO:0048565,digestive tract development (GO:0048565),0.4792151428296195,0.7705134732773786,False,,,1,0
GO:0048566,embryonic digestive tract development (GO:0048566),0.6570768638901623,0.8785557237379625,False,,,1,0
GO:0048568,embryonic organ development,,,,1.0,False,1,0
GO:0048568,embryonic organ development (GO:0048568),0.01721828280136,0.1569926602537463,False,,,1,0
GO:0048583,regulation of response to stimulus,,,,3.709810957118277e-07,True,1,1
GO:0048584,positive regulation of response to stimulus,,,,0.0386946758801677,True,1,1
GO:0048584,positive regulation of response to stimulus (GO:0048584),0.7341244325239416,0.9070143233105246,False,,,1,0
GO:0048585,negative regulation of response to stimulus,,,,0.3508851673673621,False,1,0
GO:0048585,negative regulation of response to stimulus (GO:0048585),0.0393099542642369,0.2365257197463446,False,,,1,0
GO:0048588,developmental cell growth,,,,1.0,False,1,0
GO:0048589,developmental growth,,,,1.0,False,1,0
GO:0048592,eye morphogenesis,,,,1.0,False,1,0
GO:0048592,eye morphogenesis (GO:0048592),0.1251748561666994,0.4239180620002598,False,,,1,0
GO:0048593,camera-type eye morphogenesis,,,,1.0,False,1,0
GO:0048593,camera-type eye morphogenesis (GO:0048593),0.1769492391784729,0.4938693629168122,False,,,1,0
GO:0048598,embryonic morphogenesis,,,,1.0,False,1,0
GO:0048599,oocyte development,,,,1.0,False,1,0
GO:0048608,reproductive structure development,,,,1.0,False,1,0
GO:0048609,multicellular organismal reproductive process,,,,1.0,False,1,0
GO:0048634,regulation of muscle organ development,,,,1.0,False,1,0
GO:0048635,negative regulation of muscle organ development,,,,1.0,False,1,0
GO:0048638,regulation of developmental growth,,,,1.0,False,1,0
GO:0048638,regulation of developmental growth (GO:0048638),0.9192804178182016,0.9747251428303044,False,,,1,0
GO:0048639,positive regulation of developmental growth,,,,1.0,False,1,0
GO:0048639,positive regulation of developmental growth (GO:0048639),0.011244217015271,0.1287458241506441,False,,,1,0
GO:0048640,negative regulation of developmental growth,,,,1.0,False,1,0
GO:0048640,negative regulation of developmental growth (GO:0048640),0.283831185340314,0.6130954500179048,False,,,1,0
GO:0048641,regulation of skeletal muscle tissue development,,,,1.0,False,1,0
GO:0048642,negative regulation of skeletal muscle tissue development,,,,1.0,False,1,0
GO:0048643,positive regulation of skeletal muscle tissue development (GO:0048643),0.2101237453358905,0.5334667778172909,False,,,1,0
GO:0048644,muscle organ morphogenesis,,,,1.0,False,1,0
GO:0048646,anatomical structure formation involved in morphogenesis,,,,1.0,False,1,0
GO:0048659,smooth muscle cell proliferation,,,,1.0,False,1,0
GO:0048660,regulation of smooth muscle cell proliferation,,,,1.0,False,1,0
GO:0048660,regulation of smooth muscle cell proliferation (GO:0048660),0.6126793678317592,0.8517443256422014,False,,,1,0
GO:0048661,positive regulation of smooth muscle cell proliferation,,,,1.0,False,1,0
GO:0048661,positive regulation of smooth muscle cell proliferation (GO:0048661),0.0306429791321002,0.2107950976159226,False,,,1,0
GO:0048662,negative regulation of smooth muscle cell proliferation (GO:0048662),0.5694563791781866,0.8314233713582724,False,,,1,0
GO:0048663,neuron fate commitment,,,,1.0,False,1,0
GO:0048663,neuron fate commitment (GO:0048663),0.1788432102472691,0.4944603003905322,False,,,1,0
GO:0048664,neuron fate determination,,,,1.0,False,1,0
GO:0048665,neuron fate specification,,,,1.0,False,1,0
GO:0048666,neuron development,,,,4.910678604164564e-12,True,1,1
GO:0048666,neuron development (GO:0048666),0.1853981846008374,0.5015801099792985,False,,,1,0
GO:0048667,cell morphogenesis involved in neuron differentiation,,,,1.76000105035974e-06,True,1,1
GO:0048667,cell morphogenesis involved in neuron differentiation (GO:0048667),0.9405094155091458,0.9824710033120876,False,,,1,0
GO:0048668,collateral sprouting,,,,1.0,False,1,0
GO:0048670,regulation of collateral sprouting,,,,1.0,False,1,0
GO:0048671,negative regulation of collateral sprouting,,,,1.0,False,1,0
GO:0048675,axon extension,,,,1.0,False,1,0
GO:0048675,axon extension (GO:0048675),0.3399511278943331,0.6598628358340557,False,,,1,0
GO:0048678,response to axon injury,,,,1.0,False,1,0
GO:0048678,response to axon injury (GO:0048678),0.1175272427071667,0.408613527875704,False,,,1,0
GO:0048679,regulation of axon regeneration,,,,1.0,False,1,0
GO:0048679,regulation of axon regeneration (GO:0048679),0.1037298776989164,0.3859012486357332,False,,,1,0
GO:0048681,negative regulation of axon regeneration,,,,1.0,False,1,0
GO:0048699,generation of neurons,,,,3.5587738549056457e-11,True,1,1
GO:0048699,generation of neurons (GO:0048699),0.7320412705493563,0.9062116642277116,False,,,1,0
GO:0048701,embryonic cranial skeleton morphogenesis (GO:0048701),0.0540023956386662,0.2783031068715504,False,,,1,0
GO:0048704,embryonic skeletal system morphogenesis (GO:0048704),0.3636055481335705,0.6767650070072623,False,,,1,0
GO:0048705,skeletal system morphogenesis,,,,1.0,False,1,0
GO:0048705,skeletal system morphogenesis (GO:0048705),0.1673932664393999,0.4839349539669541,False,,,1,0
GO:0048706,embryonic skeletal system development (GO:0048706),0.3064824031084412,0.633585858876405,False,,,1,0
GO:0048708,astrocyte differentiation,,,,1.0,False,1,0
GO:0048709,oligodendrocyte differentiation,,,,1.0,False,1,0
GO:0048709,oligodendrocyte differentiation (GO:0048709),0.9647502562229734,0.9923686975230194,False,,,1,0
GO:0048710,regulation of astrocyte differentiation,,,,1.0,False,1,0
GO:0048710,regulation of astrocyte differentiation (GO:0048710),0.4530907582193607,0.7547532920184608,False,,,1,0
GO:0048713,regulation of oligodendrocyte differentiation,,,,1.0,False,1,0
GO:0048713,regulation of oligodendrocyte differentiation (GO:0048713),0.975162417828994,0.9935030022595036,False,,,1,0
GO:0048715,negative regulation of oligodendrocyte differentiation,,,,1.0,False,1,0
GO:0048729,tissue morphogenesis,,,,1.0,False,1,0
GO:0048731,system development,,,,2.3329617040007986e-17,True,1,1
GO:0048732,gland development,,,,1.0,False,1,0
GO:0048732,gland development (GO:0048732),0.2010691793000673,0.5195200252623673,False,,,1,0
GO:0048738,cardiac muscle tissue development,,,,1.0,False,1,0
GO:0048738,cardiac muscle tissue development (GO:0048738),0.8592958699258417,0.9528267849547202,False,,,1,0
GO:0048741,skeletal muscle fiber development,,,,1.0,False,1,0
GO:0048745,smooth muscle tissue development,,,,1.0,False,1,0
GO:0048745,smooth muscle tissue development (GO:0048745),0.8241689801794654,0.942724047593701,False,,,1,0
GO:0048752,semicircular canal morphogenesis,,,,1.0,False,1,0
GO:0048754,branching morphogenesis of an epithelial tube,,,,1.0,False,1,0
GO:0048754,branching morphogenesis of an epithelial tube (GO:0048754),0.1540390090364359,0.467790201181106,False,,,1,0
GO:0048762,mesenchymal cell differentiation,,,,1.0,False,1,0
GO:0048762,mesenchymal cell differentiation (GO:0048762),0.63825885380821,0.8680228872336109,False,,,1,0
GO:0048771,tissue remodeling,,,,1.0,False,1,0
GO:0048790,maintenance of presynaptic active zone structure,,,,1.0,False,1,0
GO:0048791,calcium ion-regulated exocytosis of neurotransmitter (GO:0048791),0.0120460821297224,0.1316737450087526,False,,,1,0
GO:0048799,animal organ maturation,,,,1.0,False,1,0
GO:0048806,genitalia development,,,,1.0,False,1,0
GO:0048806,genitalia development (GO:0048806),0.0427649245268577,0.2475650123443255,False,,,1,0
GO:0048812,neuron projection morphogenesis,,,,8.687786726277997e-09,True,1,1
GO:0048812,neuron projection morphogenesis (GO:0048812),0.1686708410625189,0.4852035817035725,False,,,1,0
GO:0048813,dendrite morphogenesis,,,,0.0001702955785689,True,1,1
GO:0048813,dendrite morphogenesis (GO:0048813),0.0342248230747859,0.2207733910249373,False,,,1,0
GO:0048814,regulation of dendrite morphogenesis,,,,1.0,False,1,0
GO:0048814,regulation of dendrite morphogenesis (GO:0048814),0.762107425682977,0.9229136788783996,False,,,1,0
GO:0048821,erythrocyte development,,,,1.0,False,1,0
GO:0048821,erythrocyte development (GO:0048821),0.4300125334422908,0.737025548733217,False,,,1,0
GO:0048839,inner ear development,,,,1.0,False,1,0
GO:0048841,regulation of axon extension involved in axon guidance (GO:0048841),0.0476601829427055,0.2620324379345546,False,,,1,0
GO:0048843,negative regulation of axon extension involved in axon guidance (GO:0048843),0.0736200203754591,0.3243289806874079,False,,,1,0
GO:0048844,artery morphogenesis (GO:0048844),0.6252589942839129,0.8589177138042156,False,,,1,0
GO:0048854,brain morphogenesis,,,,1.0,False,1,0
GO:0048854,brain morphogenesis (GO:0048854),0.1885253786229375,0.5056924304103195,False,,,1,0
GO:0048856,anatomical structure development,,,,1.2329844228550856e-15,True,1,1
GO:0048857,neural nucleus development,,,,1.0,False,1,0
GO:0048858,cell projection morphogenesis,,,,1.9722881918796377e-08,True,1,1
GO:0048863,stem cell differentiation,,,,1.0,False,1,0
GO:0048863,stem cell differentiation (GO:0048863),0.8755731767608995,0.9601182594547822,False,,,1,0
GO:0048864,stem cell development,,,,1.0,False,1,0
GO:0048864,stem cell development (GO:0048864),0.189438049933973,0.5074424600279377,False,,,1,0
GO:0048869,cellular developmental process,,,,6.2539851961384855e-09,True,1,1
GO:0048870,cell motility,,,,9.959829829372588e-05,True,1,1
GO:0048871,multicellular organismal-level homeostasis,,,,0.1664748258050412,False,1,0
GO:0048872,homeostasis of number of cells,,,,1.0,False,1,0
GO:0048872,homeostasis of number of cells (GO:0048872),0.1380057955965132,0.4495710364041618,False,,,1,0
GO:0048873,homeostasis of number of cells within a tissue,,,,1.0,False,1,0
GO:0048878,chemical homeostasis,,,,0.0109810385740307,True,1,1
GO:0048878,chemical homeostasis (GO:0048878),0.0813846959151143,0.3377375838140357,False,,,1,0
GO:0048880,sensory system development,,,,1.0,False,1,0
GO:0048934,peripheral nervous system neuron differentiation,,,,1.0,False,1,0
GO:0048935,peripheral nervous system neuron development,,,,1.0,False,1,0
GO:0050000,chromosome localization,,,,1.0,False,1,0
GO:0050427,3'-phosphoadenosine 5'-phosphosulfate metabolic process (GO:0050427),0.069274742810491,0.3151595947236011,False,,,1,0
GO:0050432,catecholamine secretion,,,,1.0,False,1,0
GO:0050433,regulation of catecholamine secretion,,,,1.0,False,1,0
GO:0050433,regulation of catecholamine secretion (GO:0050433),0.0297991875405296,0.2097000340282542,False,,,1,0
GO:0050434,positive regulation of viral transcription (GO:0050434),0.8950537938530566,0.9655355225163764,False,,,1,0
GO:0050435,amyloid-beta metabolic process,,,,1.0,False,1,0
GO:0050435,amyloid-beta metabolic process (GO:0050435),0.4524965614433506,0.7547532920184608,False,,,1,0
GO:0050482,arachidonic acid secretion (GO:0050482),0.0064989893115277,0.101443071846192,False,,,1,0
GO:0050650,chondroitin sulfate proteoglycan biosynthetic process (GO:0050650),0.9065236812507091,0.9688574613736848,False,,,1,0
GO:0050651,dermatan sulfate proteoglycan biosynthetic process (GO:0050651),0.2824803101912977,0.6126059557207503,False,,,1,0
GO:0050654,chondroitin sulfate proteoglycan metabolic process (GO:0050654),0.7246593534175558,0.9023257152186952,False,,,1,0
GO:0050657,nucleic acid transport,,,,1.0,False,1,0
GO:0050658,RNA transport,,,,1.0,False,1,0
GO:0050658,RNA transport (GO:0050658),0.3526778821247431,0.6688536034495753,False,,,1,0
GO:0050667,homocysteine metabolic process (GO:0050667),0.5437583455898332,0.8178418117362415,False,,,1,0
GO:0050670,regulation of lymphocyte proliferation,,,,1.0,False,1,0
GO:0050670,regulation of lymphocyte proliferation (GO:0050670),0.045835116426113,0.2553557550392408,False,,,1,0
GO:0050671,positive regulation of lymphocyte proliferation,,,,1.0,False,1,0
GO:0050671,positive regulation of lymphocyte proliferation (GO:0050671),0.789346795541231,0.9329985651255498,False,,,1,0
GO:0050672,negative regulation of lymphocyte proliferation (GO:0050672),0.2200367117479844,0.547098095186593,False,,,1,0
GO:0050673,epithelial cell proliferation,,,,1.0,False,1,0
GO:0050678,regulation of epithelial cell proliferation,,,,1.0,False,1,0
GO:0050678,regulation of epithelial cell proliferation (GO:0050678),0.8964965543496259,0.9655355225163764,False,,,1,0
GO:0050679,positive regulation of epithelial cell proliferation,,,,1.0,False,1,0
GO:0050679,positive regulation of epithelial cell proliferation (GO:0050679),0.0124376431837386,0.1332654819093802,False,,,1,0
GO:0050680,negative regulation of epithelial cell proliferation,,,,1.0,False,1,0
GO:0050680,negative regulation of epithelial cell proliferation (GO:0050680),0.232989940813144,0.5612055276276591,False,,,1,0
GO:0050684,regulation of mRNA processing,,,,0.1575224647005809,False,1,0
GO:0050684,regulation of mRNA processing (GO:0050684),0.5978070679328911,0.8457598689554107,False,,,1,0
GO:0050685,positive regulation of mRNA processing,,,,1.0,False,1,0
GO:0050685,positive regulation of mRNA processing (GO:0050685),0.1068906822737248,0.390805600805735,False,,,1,0
GO:0050686,negative regulation of mRNA processing,,,,1.0,False,1,0
GO:0050686,negative regulation of mRNA processing (GO:0050686),0.6534372593425701,0.875481287420123,False,,,1,0
GO:0050687,negative regulation of defense response to virus,,,,1.0,False,1,0
GO:0050688,regulation of defense response to virus,,,,1.0,False,1,0
GO:0050688,regulation of defense response to virus (GO:0050688),0.273619747596009,0.6044494482420864,False,,,1,0
GO:0050691,regulation of defense response to virus by host (GO:0050691),0.9221916693949684,0.9753030964985216,False,,,1,0
GO:0050708,regulation of protein secretion,,,,1.0,False,1,0
GO:0050708,regulation of protein secretion (GO:0050708),0.0261133708069438,0.1938317328194483,False,,,1,0
GO:0050709,negative regulation of protein secretion,,,,1.0,False,1,0
GO:0050709,negative regulation of protein secretion (GO:0050709),0.4992694910286798,0.7851977674515281,False,,,1,0
GO:0050714,positive regulation of protein secretion,,,,1.0,False,1,0
GO:0050714,positive regulation of protein secretion (GO:0050714),0.7231548446687682,0.9019816921501604,False,,,1,0
GO:0050727,regulation of inflammatory response,,,,1.0,False,1,0
GO:0050727,regulation of inflammatory response (GO:0050727),0.1401772798081538,0.4517675817575256,False,,,1,0
GO:0050728,negative regulation of inflammatory response,,,,1.0,False,1,0
GO:0050728,negative regulation of inflammatory response (GO:0050728),0.1528351663604112,0.4658147940071011,False,,,1,0
GO:0050729,positive regulation of inflammatory response,,,,1.0,False,1,0
GO:0050729,positive regulation of inflammatory response (GO:0050729),0.4572108628113273,0.756954964479291,False,,,1,0
GO:0050730,regulation of peptidyl-tyrosine phosphorylation,,,,1.0,False,1,0
GO:0050730,regulation of peptidyl-tyrosine phosphorylation (GO:0050730),0.052020235591054,0.2745705223558795,False,,,1,0
GO:0050731,positive regulation of peptidyl-tyrosine phosphorylation (GO:0050731),0.0266930372758074,0.1962145162541424,False,,,1,0
GO:0050732,negative regulation of peptidyl-tyrosine phosphorylation,,,,1.0,False,1,0
GO:0050732,negative regulation of peptidyl-tyrosine phosphorylation (GO:0050732),0.0463312951090103,0.2572981000709753,False,,,1,0
GO:0050764,regulation of phagocytosis,,,,1.0,False,1,0
GO:0050764,regulation of phagocytosis (GO:0050764),0.0051812072008803,0.0894489780434989,False,,,1,0
GO:0050765,negative regulation of phagocytosis (GO:0050765),0.5851928261950734,0.8375986376444956,False,,,1,0
GO:0050766,positive regulation of phagocytosis,,,,1.0,False,1,0
GO:0050766,positive regulation of phagocytosis (GO:0050766),0.0219344791689057,0.1804717559385242,False,,,1,0
GO:0050767,regulation of neurogenesis,,,,0.7414229929156123,False,1,0
GO:0050767,regulation of neurogenesis (GO:0050767),0.0354904171722895,0.2240883957529789,False,,,1,0
GO:0050768,negative regulation of neurogenesis,,,,1.0,False,1,0
GO:0050768,negative regulation of neurogenesis (GO:0050768),0.8931474234396053,0.9655355225163764,False,,,1,0
GO:0050769,positive regulation of neurogenesis,,,,1.0,False,1,0
GO:0050769,positive regulation of neurogenesis (GO:0050769),0.0202865851954375,0.1716506204825737,False,,,1,0
GO:0050770,regulation of axonogenesis,,,,1.0,False,1,0
GO:0050770,regulation of axonogenesis (GO:0050770),0.1919811400049769,0.511365494409324,False,,,1,0
GO:0050771,negative regulation of axonogenesis,,,,1.0,False,1,0
GO:0050771,negative regulation of axonogenesis (GO:0050771),0.4812790315670092,0.7715169349982081,False,,,1,0
GO:0050772,positive regulation of axonogenesis,,,,1.0,False,1,0
GO:0050772,positive regulation of axonogenesis (GO:0050772),0.0002209086212438,0.0135753075614994,True,,,1,1
GO:0050773,regulation of dendrite development,,,,1.0,False,1,0
GO:0050773,regulation of dendrite development (GO:0050773),0.8336169142905718,0.9474416955400868,False,,,1,0
GO:0050775,positive regulation of dendrite morphogenesis,,,,1.0,False,1,0
GO:0050775,positive regulation of dendrite morphogenesis (GO:0050775),0.980722645831093,0.9955985449682774,False,,,1,0
GO:0050776,regulation of immune response,,,,1.0,False,1,0
GO:0050776,regulation of immune response (GO:0050776),0.1184157927969828,0.4109342196513779,False,,,1,0
GO:0050777,negative regulation of immune response,,,,1.0,False,1,0
GO:0050777,negative regulation of immune response (GO:0050777),0.0927495826790517,0.3605806737963755,False,,,1,0
GO:0050778,positive regulation of immune response,,,,1.0,False,1,0
GO:0050778,positive regulation of immune response (GO:0050778),0.2499968434390357,0.5824056467204212,False,,,1,0
GO:0050779,RNA destabilization,,,,1.0,False,1,0
GO:0050779,RNA destabilization (GO:0050779),0.3434177256015506,0.6618513557100517,False,,,1,0
GO:0050789,regulation of biological process,,,,1.0493111921156454e-14,True,1,1
GO:0050790,regulation of catalytic activity,,,,1.0,False,1,0
GO:0050792,regulation of viral process,,,,1.0,False,1,0
GO:0050793,regulation of developmental process,,,,4.1327273973452045e-06,True,1,1
GO:0050794,regulation of cellular process,,,,6.326899032386698e-13,True,1,1
GO:0050795,regulation of behavior,,,,1.0,False,1,0
GO:0050796,regulation of insulin secretion,,,,1.0,False,1,0
GO:0050796,regulation of insulin secretion (GO:0050796),0.0063456793075294,0.1007077891776533,False,,,1,0
GO:0050801,ion homeostasis (GO:0050801),0.0216324906790267,0.1788479134147256,False,,,1,0
GO:0050801,monoatomic ion homeostasis,,,,1.0,False,1,0
GO:0050802,"circadian sleep/wake cycle, sleep",,,,0.7256859753176795,False,1,0
GO:0050803,regulation of synapse structure or activity,,,,3.512463024163927e-09,True,1,1
GO:0050804,modulation of chemical synaptic transmission,,,,2.0146896277284544e-12,True,1,1
GO:0050804,modulation of chemical synaptic transmission (GO:0050804),0.0023907317482011,0.0624476082710638,False,,,1,0
GO:0050805,negative regulation of synaptic transmission,,,,0.1048664137134553,False,1,0
GO:0050805,negative regulation of synaptic transmission (GO:0050805),0.5003721222187569,0.7851977674515281,False,,,1,0
GO:0050806,positive regulation of synaptic transmission,,,,0.1398450388090753,False,1,0
GO:0050806,positive regulation of synaptic transmission (GO:0050806),0.2590979834375984,0.5917054564946521,False,,,1,0
GO:0050807,regulation of synapse organization,,,,2.3278847000541605e-08,True,1,1
GO:0050807,regulation of synapse organization (GO:0050807),0.4395578277298924,0.7442620094698764,False,,,1,0
GO:0050808,synapse organization,,,,1.8303524861696035e-20,True,1,1
GO:0050808,synapse organization (GO:0050808),0.5945510071062678,0.8437726867305281,False,,,1,0
GO:0050810,regulation of steroid biosynthetic process,,,,1.0,False,1,0
GO:0050810,regulation of steroid biosynthetic process (GO:0050810),0.4038451172186743,0.7115888232801162,False,,,1,0
GO:0050817,coagulation,,,,1.0,False,1,0
GO:0050818,regulation of coagulation (GO:0050818),0.3285127517375028,0.653861071747995,False,,,1,0
GO:0050819,negative regulation of coagulation (GO:0050819),0.8136565741161703,0.938625117281823,False,,,1,0
GO:0050820,positive regulation of coagulation (GO:0050820),0.3386002378879413,0.6588985493668363,False,,,1,0
GO:0050821,protein stabilization,,,,1.0,False,1,0
GO:0050821,protein stabilization (GO:0050821),0.9882195537741194,0.9970589596642688,False,,,1,0
GO:0050829,defense response to Gram-negative bacterium,,,,1.0,False,1,0
GO:0050829,defense response to Gram-negative bacterium (GO:0050829),0.703854128096745,0.8942645663663249,False,,,1,0
GO:0050830,defense response to Gram-positive bacterium (GO:0050830),0.7098671327903365,0.896835696203672,False,,,1,0
GO:0050832,defense response to fungus (GO:0050832),0.4697619308391997,0.7647240359111951,False,,,1,0
GO:0050848,regulation of calcium-mediated signaling,,,,1.0,False,1,0
GO:0050848,regulation of calcium-mediated signaling (GO:0050848),0.2509467861767741,0.5827619395863622,False,,,1,0
GO:0050849,negative regulation of calcium-mediated signaling,,,,1.0,False,1,0
GO:0050850,positive regulation of calcium-mediated signaling (GO:0050850),0.2595213754757671,0.5917054564946521,False,,,1,0
GO:0050851,antigen receptor-mediated signaling pathway (GO:0050851),0.1232843756759262,0.420958282759785,False,,,1,0
GO:0050852,T cell receptor signaling pathway (GO:0050852),0.0221901516576094,0.1810048284673391,False,,,1,0
GO:0050853,B cell receptor signaling pathway (GO:0050853),0.1154808804107235,0.4049527738072962,False,,,1,0
GO:0050854,regulation of antigen receptor-mediated signaling pathway (GO:0050854),0.5121078181956257,0.7946454972263352,False,,,1,0
GO:0050855,regulation of B cell receptor signaling pathway (GO:0050855),0.2045038173091741,0.524110120982228,False,,,1,0
GO:0050856,regulation of T cell receptor signaling pathway (GO:0050856),0.2914989277248889,0.6190497400448614,False,,,1,0
GO:0050857,positive regulation of antigen receptor-mediated signaling pathway (GO:0050857),0.7147387860061604,0.8984475223005142,False,,,1,0
GO:0050858,negative regulation of antigen receptor-mediated signaling pathway (GO:0050858),0.0024737833973308,0.0629735599065501,False,,,1,0
GO:0050860,negative regulation of T cell receptor signaling pathway (GO:0050860),0.004675370406489,0.0856699514580337,False,,,1,0
GO:0050862,positive regulation of T cell receptor signaling pathway (GO:0050862),0.1130284747957108,0.4003999491545427,False,,,1,0
GO:0050863,regulation of T cell activation,,,,1.0,False,1,0
GO:0050863,regulation of T cell activation (GO:0050863),0.2125883754230008,0.5375651386529613,False,,,1,0
GO:0050864,regulation of B cell activation,,,,1.0,False,1,0
GO:0050864,regulation of B cell activation (GO:0050864),0.2795765824199751,0.6105236339657633,False,,,1,0
GO:0050865,regulation of cell activation,,,,1.0,False,1,0
GO:0050866,negative regulation of cell activation,,,,1.0,False,1,0
GO:0050866,negative regulation of cell activation (GO:0050866),0.8675464310585956,0.9576844042506558,False,,,1,0
GO:0050867,positive regulation of cell activation,,,,1.0,False,1,0
GO:0050868,negative regulation of T cell activation (GO:0050868),0.0865013865951554,0.3486713701970505,False,,,1,0
GO:0050869,negative regulation of B cell activation (GO:0050869),0.0692968895332147,0.3151595947236011,False,,,1,0
GO:0050870,positive regulation of T cell activation,,,,1.0,False,1,0
GO:0050870,positive regulation of T cell activation (GO:0050870),0.3464970936685965,0.6651130952859243,False,,,1,0
GO:0050871,positive regulation of B cell activation,,,,1.0,False,1,0
GO:0050871,positive regulation of B cell activation (GO:0050871),0.456248375880977,0.7566308550553835,False,,,1,0
GO:0050872,white fat cell differentiation,,,,1.0,False,1,0
GO:0050877,nervous system process,,,,1.0,False,1,0
GO:0050878,regulation of body fluid levels,,,,1.0,False,1,0
GO:0050879,multicellular organismal movement,,,,1.0,False,1,0
GO:0050881,musculoskeletal movement,,,,1.0,False,1,0
GO:0050882,voluntary musculoskeletal movement,,,,1.0,False,1,0
GO:0050885,neuromuscular process controlling balance,,,,1.0,False,1,0
GO:0050885,neuromuscular process controlling balance (GO:0050885),0.9282984866053904,0.97779399047327,False,,,1,0
GO:0050890,cognition,,,,2.690209844525402e-06,True,1,1
GO:0050890,cognition (GO:0050890),0.1152784988615616,0.4049527738072962,False,,,1,0
GO:0050891,multicellular organismal-level water homeostasis,,,,1.0,False,1,0
GO:0050892,intestinal absorption (GO:0050892),0.98199967823205,0.9959157164529854,False,,,1,0
GO:0050893,sensory processing,,,,1.0,False,1,0
GO:0050894,determination of affect,,,,1.0,False,1,0
GO:0050896,response to stimulus,,,,1.8614541429070477e-05,True,1,1
GO:0050900,leukocyte migration,,,,1.0,False,1,0
GO:0050901,leukocyte tethering or rolling (GO:0050901),0.08860777386643,0.3526645186520137,False,,,1,0
GO:0050905,neuromuscular process,,,,1.0,False,1,0
GO:0050905,neuromuscular process (GO:0050905),0.9951111441873624,0.9980010091168736,False,,,1,0
GO:0050906,detection of stimulus involved in sensory perception,,,,1.0,False,1,0
GO:0050907,detection of chemical stimulus involved in sensory perception (GO:0050907),0.0593401350398656,0.2934512805817604,False,,,1,0
GO:0050908,detection of light stimulus involved in visual perception (GO:0050908),0.1755766619159333,0.4925305407694151,False,,,1,0
GO:0050909,sensory perception of taste (GO:0050909),0.7828020682233444,0.9296080916628509,False,,,1,0
GO:0050911,detection of chemical stimulus involved in sensory perception of smell (GO:0050911),0.0175290194831275,0.1583037402369111,False,,,1,0
GO:0050912,detection of chemical stimulus involved in sensory perception of taste (GO:0050912),0.4700970187319996,0.7649412235308771,False,,,1,0
GO:0050913,sensory perception of bitter taste (GO:0050913),0.5606665258070164,0.8284410332629579,False,,,1,0
GO:0050918,positive chemotaxis,,,,1.0,False,1,0
GO:0050918,positive chemotaxis (GO:0050918),0.05567545940346,0.2842220962548102,False,,,1,0
GO:0050919,negative chemotaxis (GO:0050919),0.1277190832808398,0.4293493093231259,False,,,1,0
GO:0050920,regulation of chemotaxis,,,,1.0,False,1,0
GO:0050920,regulation of chemotaxis (GO:0050920),0.2541671843053694,0.5872844606296891,False,,,1,0
GO:0050921,positive regulation of chemotaxis,,,,1.0,False,1,0
GO:0050921,positive regulation of chemotaxis (GO:0050921),0.6958415216629037,0.8898607187010767,False,,,1,0
GO:0050922,negative regulation of chemotaxis (GO:0050922),0.1114514900175815,0.398731002981777,False,,,1,0
GO:0050926,regulation of positive chemotaxis,,,,1.0,False,1,0
GO:0050927,positive regulation of positive chemotaxis,,,,1.0,False,1,0
GO:0050927,positive regulation of positive chemotaxis (GO:0050927),0.2205770382453445,0.5479035403173491,False,,,1,0
GO:0050930,induction of positive chemotaxis,,,,1.0,False,1,0
GO:0050951,sensory perception of temperature stimulus,,,,1.0,False,1,0
GO:0050953,sensory perception of light stimulus,,,,1.0,False,1,0
GO:0050953,sensory perception of light stimulus (GO:0050953),0.0514321212707794,0.2735694572044976,False,,,1,0
GO:0050954,sensory perception of mechanical stimulus,,,,1.0,False,1,0
GO:0050954,sensory perception of mechanical stimulus (GO:0050954),0.0730928143297876,0.3241405566091447,False,,,1,0
GO:0050961,detection of temperature stimulus involved in sensory perception,,,,1.0,False,1,0
GO:0050962,detection of light stimulus involved in sensory perception (GO:0050962),0.1755766619159333,0.4925305407694151,False,,,1,0
GO:0050965,detection of temperature stimulus involved in sensory perception of pain,,,,1.0,False,1,0
GO:0050974,detection of mechanical stimulus involved in sensory perception (GO:0050974),0.3381667253837545,0.6588985493668363,False,,,1,0
GO:0050982,detection of mechanical stimulus,,,,1.0,False,1,0
GO:0050982,detection of mechanical stimulus (GO:0050982),0.1947037488853765,0.5135683724076727,False,,,1,0
GO:0050994,regulation of lipid catabolic process,,,,1.0,False,1,0
GO:0050994,regulation of lipid catabolic process (GO:0050994),0.918941098840857,0.9747251428303044,False,,,1,0
GO:0050995,negative regulation of lipid catabolic process,,,,1.0,False,1,0
GO:0050995,negative regulation of lipid catabolic process (GO:0050995),0.1458562642082345,0.4557107167560408,False,,,1,0
GO:0050996,positive regulation of lipid catabolic process,,,,1.0,False,1,0
GO:0050996,positive regulation of lipid catabolic process (GO:0050996),0.7033719509754102,0.8942645663663249,False,,,1,0
GO:0050999,regulation of nitric-oxide synthase activity (GO:0050999),0.084572664301472,0.3456577590893095,False,,,1,0
GO:0051000,positive regulation of nitric-oxide synthase activity (GO:0051000),0.988295891649512,0.9970589596642688,False,,,1,0
GO:0051004,regulation of lipoprotein lipase activity (GO:0051004),0.8079908777629266,0.9374838039884996,False,,,1,0
GO:0051014,actin filament severing,,,,1.0,False,1,0
GO:0051016,barbed-end actin filament capping,,,,1.0,False,1,0
GO:0051016,barbed-end actin filament capping (GO:0051016),0.274718556465653,0.6061284190561285,False,,,1,0
GO:0051017,actin filament bundle assembly,,,,9.300756731514848e-06,True,1,1
GO:0051017,actin filament bundle assembly (GO:0051017),0.4011873595480107,0.7098464432712569,False,,,1,0
GO:0051028,mRNA transport,,,,1.0,False,1,0
GO:0051028,mRNA transport (GO:0051028),0.0167195278185519,0.155308228883146,False,,,1,0
GO:0051031,tRNA transport (GO:0051031),0.5828555294027702,0.8365096227799976,False,,,1,0
GO:0051040,regulation of calcium-independent cell-cell adhesion,,,,1.0,False,1,0
GO:0051041,positive regulation of calcium-independent cell-cell adhesion,,,,1.0,False,1,0
GO:0051043,regulation of membrane protein ectodomain proteolysis (GO:0051043),0.2075105487203907,0.5296761229825337,False,,,1,0
GO:0051044,positive regulation of membrane protein ectodomain proteolysis (GO:0051044),0.004648081792868,0.0855833700987784,False,,,1,0
GO:0051046,regulation of secretion,,,,1.0,False,1,0
GO:0051046,regulation of secretion (GO:0051046),0.0045595261943518,0.0851935116018554,False,,,1,0
GO:0051047,positive regulation of secretion,,,,1.0,False,1,0
GO:0051047,positive regulation of secretion (GO:0051047),0.7485797210659035,0.9159235103235394,False,,,1,0
GO:0051048,negative regulation of secretion,,,,1.0,False,1,0
GO:0051048,negative regulation of secretion (GO:0051048),0.7222850877094027,0.901786483766216,False,,,1,0
GO:0051049,regulation of transport,,,,3.55889618181722e-07,True,1,1
GO:0051049,regulation of transport (GO:0051049),0.6392677151260359,0.8684607605562514,False,,,1,0
GO:0051050,positive regulation of transport,,,,0.0020803314846066,True,1,1
GO:0051050,positive regulation of transport (GO:0051050),0.0367243295380557,0.229845523256178,False,,,1,0
GO:0051051,negative regulation of transport,,,,1.0,False,1,0
GO:0051051,negative regulation of transport (GO:0051051),0.0712411096303414,0.3201629488482052,False,,,1,0
GO:0051052,regulation of DNA metabolic process,,,,1.0,False,1,0
GO:0051052,regulation of DNA metabolic process (GO:0051052),0.6006847069157888,0.8475265763860251,False,,,1,0
GO:0051053,negative regulation of DNA metabolic process (GO:0051053),0.3564076440787095,0.6735696033834305,False,,,1,0
GO:0051054,positive regulation of DNA metabolic process,,,,1.0,False,1,0
GO:0051054,positive regulation of DNA metabolic process (GO:0051054),0.1915097955473985,0.5111001570708865,False,,,1,0
GO:0051055,negative regulation of lipid biosynthetic process,,,,1.0,False,1,0
GO:0051055,negative regulation of lipid biosynthetic process (GO:0051055),0.7524938960546734,0.918934110668183,False,,,1,0
GO:0051056,regulation of small GTPase mediated signal transduction,,,,1.0,False,1,0
GO:0051056,regulation of small GTPase mediated signal transduction (GO:0051056),1.904459045290164e-05,0.0026754122810317,True,,,1,1
GO:0051057,positive regulation of small GTPase mediated signal transduction,,,,1.0,False,1,0
GO:0051057,positive regulation of small GTPase mediated signal transduction (GO:0051057),0.1669014367301379,0.4837739325611166,False,,,1,0
GO:0051058,negative regulation of small GTPase mediated signal transduction,,,,1.0,False,1,0
GO:0051058,negative regulation of small GTPase mediated signal transduction (GO:0051058),0.1757108912976722,0.4925305407694151,False,,,1,0
GO:0051081,nuclear membrane disassembly,,,,1.0,False,1,0
GO:0051081,nuclear membrane disassembly (GO:0051081),0.1336940699307795,0.4409579193456058,False,,,1,0
GO:0051084,'de novo' posttranslational protein folding (GO:0051084),0.2266052578355285,0.5543390683083346,False,,,1,0
GO:0051085,chaperone cofactor-dependent protein refolding (GO:0051085),0.0696839829640717,0.315687307015352,False,,,1,0
GO:0051091,positive regulation of DNA-binding transcription factor activity (GO:0051091),0.0031023540860966,0.0708306302732876,False,,,1,0
GO:0051092,positive regulation of NF-kappaB transcription factor activity (GO:0051092),0.0339117723428681,0.2198099147947155,False,,,1,0
GO:0051093,negative regulation of developmental process,,,,0.6261992408939936,False,1,0
GO:0051093,negative regulation of developmental process (GO:0051093),0.7469977978371881,0.91457800103178,False,,,1,0
GO:0051094,positive regulation of developmental process,,,,0.5804126096587501,False,1,0
GO:0051094,positive regulation of developmental process (GO:0051094),0.0002254796668532,0.0135753075614994,True,,,1,1
GO:0051098,regulation of binding,,,,1.0,False,1,0
GO:0051099,positive regulation of binding (GO:0051099),0.1531532815428566,0.4658463487506456,False,,,1,0
GO:0051100,negative regulation of binding,,,,1.0,False,1,0
GO:0051100,negative regulation of binding (GO:0051100),0.0326002476028294,0.2180824323765997,False,,,1,0
GO:0051101,regulation of DNA binding,,,,1.0,False,1,0
GO:0051101,regulation of DNA binding (GO:0051101),0.1124504968562314,0.3993859478635767,False,,,1,0
GO:0051125,regulation of actin nucleation (GO:0051125),0.8145721969093446,0.938838950329624,False,,,1,0
GO:0051127,positive regulation of actin nucleation (GO:0051127),0.1778834386604064,0.4944603003905322,False,,,1,0
GO:0051128,regulation of cellular component organization,,,,5.735601883661426e-16,True,1,1
GO:0051128,regulation of cellular component organization (GO:0051128),0.0123992822373588,0.1332308145221027,False,,,1,0
GO:0051129,negative regulation of cellular component organization,,,,0.0002946092181601,True,1,1
GO:0051129,negative regulation of cellular component organization (GO:0051129),0.0004710683247891,0.0238234954123387,True,,,1,1
GO:0051130,positive regulation of cellular component organization,,,,9.927583232528334e-05,True,1,1
GO:0051130,positive regulation of cellular component organization (GO:0051130),0.2615816391642391,0.5927496834946238,False,,,1,0
GO:0051131,chaperone-mediated protein complex assembly (GO:0051131),0.0901153424320411,0.3554210303122367,False,,,1,0
GO:0051132,NK T cell activation,,,,1.0,False,1,0
GO:0051133,regulation of NK T cell activation,,,,1.0,False,1,0
GO:0051135,positive regulation of NK T cell activation,,,,1.0,False,1,0
GO:0051145,smooth muscle cell differentiation (GO:0051145),0.5766326723400468,0.8338420610696902,False,,,1,0
GO:0051146,striated muscle cell differentiation,,,,1.0,False,1,0
GO:0051146,striated muscle cell differentiation (GO:0051146),0.2301973519056942,0.5586299141255907,False,,,1,0
GO:0051147,regulation of muscle cell differentiation,,,,1.0,False,1,0
GO:0051147,regulation of muscle cell differentiation (GO:0051147),0.910098308257108,0.9713007549857092,False,,,1,0
GO:0051148,negative regulation of muscle cell differentiation,,,,1.0,False,1,0
GO:0051149,positive regulation of muscle cell differentiation (GO:0051149),0.9822948773022976,0.9959488023543476,False,,,1,0
GO:0051153,regulation of striated muscle cell differentiation,,,,1.0,False,1,0
GO:0051154,negative regulation of striated muscle cell differentiation,,,,1.0,False,1,0
GO:0051154,negative regulation of striated muscle cell differentiation (GO:0051154),0.1733615713110499,0.490350812813432,False,,,1,0
GO:0051155,positive regulation of striated muscle cell differentiation (GO:0051155),0.1439630079692224,0.454285931137488,False,,,1,0
GO:0051156,glucose 6-phosphate metabolic process (GO:0051156),0.0094494443974278,0.1163692941540378,False,,,1,0
GO:0051168,nuclear export,,,,1.0,False,1,0
GO:0051168,nuclear export (GO:0051168),0.2437760493509573,0.5739556518858977,False,,,1,0
GO:0051169,nuclear transport,,,,1.0,False,1,0
GO:0051169,nuclear transport (GO:0051169),0.3997646981272714,0.7098464432712569,False,,,1,0
GO:0051170,import into nucleus,,,,1.0,False,1,0
GO:0051170,import into nucleus (GO:0051170),0.7303702674465178,0.905089603952429,False,,,1,0
GO:0051173,positive regulation of nitrogen compound metabolic process (GO:0051173),0.924482347128901,0.97625319931878,False,,,1,0
GO:0051174,regulation of phosphorus metabolic process,,,,1.0,False,1,0
GO:0051179,localization,,,,1.483129919510351e-18,True,1,1
GO:0051180,vitamin transport,,,,1.0,False,1,0
GO:0051180,vitamin transport (GO:0051180),0.6823076082895636,0.8857886079933793,False,,,1,0
GO:0051204,protein insertion into mitochondrial membrane (GO:0051204),0.261793244327719,0.5927496834946238,False,,,1,0
GO:0051205,protein insertion into membrane (GO:0051205),0.2129528559670207,0.5381280364309857,False,,,1,0
GO:0051209,release of sequestered calcium ion into cytosol,,,,1.0,False,1,0
GO:0051209,release of sequestered calcium ion into cytosol (GO:0051209),0.2860493124188393,0.6157690363250043,False,,,1,0
GO:0051216,cartilage development,,,,1.0,False,1,0
GO:0051216,cartilage development (GO:0051216),0.094419524034725,0.3636628280812152,False,,,1,0
GO:0051220,cytoplasmic sequestering of protein (GO:0051220),0.6366753300438855,0.8664906806087039,False,,,1,0
GO:0051222,positive regulation of protein transport,,,,1.0,False,1,0
GO:0051222,positive regulation of protein transport (GO:0051222),0.9675816292690173,0.9924383774519692,False,,,1,0
GO:0051223,regulation of protein transport,,,,1.0,False,1,0
GO:0051223,regulation of protein transport (GO:0051223),0.0101729108421744,0.1213391535357469,False,,,1,0
GO:0051224,negative regulation of protein transport,,,,1.0,False,1,0
GO:0051224,negative regulation of protein transport (GO:0051224),0.7708908603158069,0.9251243330848252,False,,,1,0
GO:0051225,spindle assembly,,,,1.0,False,1,0
GO:0051225,spindle assembly (GO:0051225),0.8975281551982772,0.9656727509925032,False,,,1,0
GO:0051231,spindle elongation,,,,1.0,False,1,0
GO:0051234,establishment of localization,,,,8.177289561737133e-15,True,1,1
GO:0051235,maintenance of location,,,,1.0,False,1,0
GO:0051236,establishment of RNA localization,,,,1.0,False,1,0
GO:0051239,regulation of multicellular organismal process,,,,2.0357498905337813e-06,True,1,1
GO:0051240,positive regulation of multicellular organismal process,,,,0.0246937360302459,True,1,1
GO:0051240,positive regulation of multicellular organismal process (GO:0051240),0.1098559690294598,0.3975733686613402,False,,,1,0
GO:0051241,negative regulation of multicellular organismal process,,,,0.2091175750955426,False,1,0
GO:0051241,negative regulation of multicellular organismal process (GO:0051241),0.2327429600942471,0.5612055276276591,False,,,1,0
GO:0051246,regulation of protein metabolic process,,,,0.0009011948696459,True,1,1
GO:0051246,regulation of protein metabolic process (GO:0051246),0.4909549036864734,0.779074204613017,False,,,1,0
GO:0051247,positive regulation of protein metabolic process,,,,0.0013263183873311,True,1,1
GO:0051247,positive regulation of protein metabolic process (GO:0051247),0.3823394035217901,0.6928874140268274,False,,,1,0
GO:0051248,negative regulation of protein metabolic process,,,,1.0,False,1,0
GO:0051248,negative regulation of protein metabolic process (GO:0051248),0.2104168026723192,0.5336237430882904,False,,,1,0
GO:0051249,regulation of lymphocyte activation,,,,1.0,False,1,0
GO:0051249,regulation of lymphocyte activation (GO:0051249),0.3093219183393301,0.6354939174942622,False,,,1,0
GO:0051250,negative regulation of lymphocyte activation,,,,1.0,False,1,0
GO:0051250,negative regulation of lymphocyte activation (GO:0051250),0.0979510558251401,0.3730204364907193,False,,,1,0
GO:0051251,positive regulation of lymphocyte activation,,,,1.0,False,1,0
GO:0051251,positive regulation of lymphocyte activation (GO:0051251),0.2801046793003811,0.6105960049346812,False,,,1,0
GO:0051252,regulation of RNA metabolic process,,,,0.0045102379411329,True,1,1
GO:0051252,regulation of RNA metabolic process (GO:0051252),0.2265409193183313,0.5543390683083346,False,,,1,0
GO:0051253,negative regulation of RNA metabolic process,,,,1.0,False,1,0
GO:0051253,negative regulation of RNA metabolic process (GO:0051253),0.7463412366966843,0.9143644414698072,False,,,1,0
GO:0051254,positive regulation of RNA metabolic process,,,,7.783730764797905e-07,True,1,1
GO:0051254,positive regulation of RNA metabolic process (GO:0051254),0.0285731012753277,0.2064338535948914,False,,,1,0
GO:0051258,protein polymerization,,,,0.0004532453347027,True,1,1
GO:0051258,protein polymerization (GO:0051258),0.491311757826084,0.779074204613017,False,,,1,0
GO:0051259,protein complex oligomerization,,,,1.0,False,1,0
GO:0051259,protein complex oligomerization (GO:0051259),0.9991087453473274,0.9995687277764532,False,,,1,0
GO:0051260,protein homooligomerization,,,,1.0,False,1,0
GO:0051260,protein homooligomerization (GO:0051260),0.6672587816366553,0.8816317376126855,False,,,1,0
GO:0051261,protein depolymerization,,,,0.0093162060490639,True,1,1
GO:0051261,protein depolymerization (GO:0051261),0.5350244828854309,0.8107662259626206,False,,,1,0
GO:0051262,protein tetramerization,,,,1.0,False,1,0
GO:0051262,protein tetramerization (GO:0051262),0.9792371616706018,0.9955096634190814,False,,,1,0
GO:0051270,regulation of cellular component movement (GO:0051270),0.0237686834692797,0.1862698685929299,False,,,1,0
GO:0051271,negative regulation of cellular component movement (GO:0051271),0.1689969766922607,0.4852426439013967,False,,,1,0
GO:0051272,positive regulation of cellular component movement (GO:0051272),0.0274248394231295,0.2000431075614047,False,,,1,0
GO:0051276,chromosome organization,,,,1.0,False,1,0
GO:0051276,chromosome organization (GO:0051276),0.7743231121656018,0.9260907468278736,False,,,1,0
GO:0051279,regulation of release of sequestered calcium ion into cytosol,,,,1.0,False,1,0
GO:0051279,regulation of release of sequestered calcium ion into cytosol (GO:0051279),0.8851757073535853,0.9628538738147832,False,,,1,0
GO:0051280,negative regulation of release of sequestered calcium ion into cytosol (GO:0051280),0.4229240531621109,0.731392846295939,False,,,1,0
GO:0051281,positive regulation of release of sequestered calcium ion into cytosol,,,,1.0,False,1,0
GO:0051281,positive regulation of release of sequestered calcium ion into cytosol (GO:0051281),0.7673845985610155,0.9251243330848252,False,,,1,0
GO:0051282,regulation of sequestering of calcium ion (GO:0051282),0.1677816014551774,0.4846882058792748,False,,,1,0
GO:0051283,negative regulation of sequestering of calcium ion (GO:0051283),0.3368025242826016,0.6588985493668363,False,,,1,0
GO:0051289,protein homotetramerization,,,,1.0,False,1,0
GO:0051289,protein homotetramerization (GO:0051289),0.3628461619079083,0.6767650070072623,False,,,1,0
GO:0051290,protein heterotetramerization,,,,1.0,False,1,0
GO:0051290,protein heterotetramerization (GO:0051290),0.0813087709258405,0.3377375838140357,False,,,1,0
GO:0051291,protein heterooligomerization,,,,1.0,False,1,0
GO:0051291,protein heterooligomerization (GO:0051291),0.0114840445511058,0.1299509051571383,False,,,1,0
GO:0051293,establishment of spindle localization,,,,1.0,False,1,0
GO:0051293,establishment of spindle localization (GO:0051293),0.7612901157536762,0.9228717388852088,False,,,1,0
GO:0051294,establishment of spindle orientation,,,,1.0,False,1,0
GO:0051294,establishment of spindle orientation (GO:0051294),0.066698296529747,0.307816063151639,False,,,1,0
GO:0051295,establishment of meiotic spindle localization,,,,1.0,False,1,0
GO:0051298,centrosome duplication,,,,1.0,False,1,0
GO:0051301,cell division,,,,1.0,False,1,0
GO:0051302,regulation of cell division,,,,1.0,False,1,0
GO:0051302,regulation of cell division (GO:0051302),0.0497677441311688,0.2697625939942195,False,,,1,0
GO:0051304,chromosome separation,,,,1.0,False,1,0
GO:0051305,chromosome movement towards spindle pole,,,,1.0,False,1,0
GO:0051310,metaphase chromosome alignment,,,,1.0,False,1,0
GO:0051315,attachment of mitotic spindle microtubules to kinetochore (GO:0051315),0.6867429042177187,0.8871208829623082,False,,,1,0
GO:0051321,meiotic cell cycle,,,,1.0,False,1,0
GO:0051336,regulation of hydrolase activity,,,,1.0,False,1,0
GO:0051336,regulation of hydrolase activity (GO:0051336),0.042552977882615,0.2471721977163229,False,,,1,0
GO:0051338,regulation of transferase activity,,,,1.0,False,1,0
GO:0051338,regulation of transferase activity (GO:0051338),0.2423804963505895,0.5724465894506764,False,,,1,0
GO:0051341,regulation of oxidoreductase activity (GO:0051341),0.0031559126064291,0.0708306302732876,False,,,1,0
GO:0051345,positive regulation of hydrolase activity,,,,1.0,False,1,0
GO:0051345,positive regulation of hydrolase activity (GO:0051345),0.0190980366108142,0.1665260985398125,False,,,1,0
GO:0051346,negative regulation of hydrolase activity (GO:0051346),0.0044383441862935,0.0841731974930564,False,,,1,0
GO:0051347,positive regulation of transferase activity (GO:0051347),0.6451457910860587,0.8705222289539029,False,,,1,0
GO:0051348,negative regulation of transferase activity (GO:0051348),0.5555107554925742,0.8252202383626392,False,,,1,0
GO:0051349,positive regulation of lyase activity (GO:0051349),0.5248681944595441,0.8038365585126551,False,,,1,0
GO:0051350,negative regulation of lyase activity (GO:0051350),0.5378256488244819,0.8131500096160965,False,,,1,0
GO:0051353,positive regulation of oxidoreductase activity (GO:0051353),0.5748793360443838,0.832002827593505,False,,,1,0
GO:0051354,negative regulation of oxidoreductase activity (GO:0051354),0.5425002683318032,0.8174141791134549,False,,,1,0
GO:0051383,kinetochore organization (GO:0051383),0.5956236109660995,0.8439782939901729,False,,,1,0
GO:0051384,response to glucocorticoid,,,,1.0,False,1,0
GO:0051384,response to glucocorticoid (GO:0051384),0.7292829926234066,0.9045684731918184,False,,,1,0
GO:0051402,neuron apoptotic process,,,,0.6347888941821287,False,1,0
GO:0051402,neuron apoptotic process (GO:0051402),0.8984600944509739,0.9656727509925032,False,,,1,0
GO:0051403,stress-activated MAPK cascade (GO:0051403),0.3606288053453468,0.6758957767306415,False,,,1,0
GO:0051438,regulation of ubiquitin-protein transferase activity (GO:0051438),0.6837756839307434,0.8857886079933793,False,,,1,0
GO:0051443,positive regulation of ubiquitin-protein transferase activity (GO:0051443),0.8231849082054059,0.942724047593701,False,,,1,0
GO:0051444,negative regulation of ubiquitin-protein transferase activity (GO:0051444),0.3571171384095417,0.6743437799703208,False,,,1,0
GO:0051445,regulation of meiotic cell cycle,,,,1.0,False,1,0
GO:0051452,intracellular pH reduction,,,,1.0,False,1,0
GO:0051452,intracellular pH reduction (GO:0051452),0.0436420241300302,0.2489763027137295,False,,,1,0
GO:0051453,regulation of intracellular pH,,,,1.0,False,1,0
GO:0051453,regulation of intracellular pH (GO:0051453),0.7629444462618267,0.9231047238804194,False,,,1,0
GO:0051457,maintenance of protein location in nucleus (GO:0051457),0.4613290112584665,0.7597753942041293,False,,,1,0
GO:0051480,regulation of cytosolic calcium ion concentration,,,,1.0,False,1,0
GO:0051480,regulation of cytosolic calcium ion concentration (GO:0051480),0.3102183955897679,0.6363755405473174,False,,,1,0
GO:0051482,positive regulation of cytosolic calcium ion concentration involved in phospholipase C-activating G protein-coupled signaling pathway (GO:0051482),0.8795851003964847,0.9607052823042715,False,,,1,0
GO:0051489,regulation of filopodium assembly,,,,0.0838641319204185,False,1,0
GO:0051489,regulation of filopodium assembly (GO:0051489),0.8233193628063482,0.942724047593701,False,,,1,0
GO:0051491,positive regulation of filopodium assembly,,,,1.0,False,1,0
GO:0051491,positive regulation of filopodium assembly (GO:0051491),0.2333205236845649,0.5612055276276591,False,,,1,0
GO:0051492,regulation of stress fiber assembly,,,,1.0,False,1,0
GO:0051492,regulation of stress fiber assembly (GO:0051492),0.1057911701282364,0.3892006869994187,False,,,1,0
GO:0051493,regulation of cytoskeleton organization,,,,2.010363791436174e-06,True,1,1
GO:0051493,regulation of cytoskeleton organization (GO:0051493),6.948949519282632e-06,0.0013178682763319,True,,,1,1
GO:0051494,negative regulation of cytoskeleton organization,,,,0.0188323987030108,True,1,1
GO:0051494,negative regulation of cytoskeleton organization (GO:0051494),0.007750925708134,0.1096987358617629,False,,,1,0
GO:0051495,positive regulation of cytoskeleton organization,,,,0.1713000489881173,False,1,0
GO:0051495,positive regulation of cytoskeleton organization (GO:0051495),0.1427098060221353,0.453391850560826,False,,,1,0
GO:0051496,positive regulation of stress fiber assembly,,,,1.0,False,1,0
GO:0051496,positive regulation of stress fiber assembly (GO:0051496),0.0534159399803301,0.2782327874716076,False,,,1,0
GO:0051497,negative regulation of stress fiber assembly (GO:0051497),0.9288327866737868,0.9780770388810102,False,,,1,0
GO:0051503,adenine nucleotide transport,,,,1.0,False,1,0
GO:0051503,adenine nucleotide transport (GO:0051503),0.725011322722277,0.9023257152186952,False,,,1,0
GO:0051547,regulation of keratinocyte migration (GO:0051547),0.0905670607590711,0.3564699278149949,False,,,1,0
GO:0051549,positive regulation of keratinocyte migration (GO:0051549),0.0390657935416159,0.2365257197463446,False,,,1,0
GO:0051560,mitochondrial calcium ion homeostasis (GO:0051560),0.9605040301682988,0.9908625299218164,False,,,1,0
GO:0051563,smooth endoplasmic reticulum calcium ion homeostasis,,,,1.0,False,1,0
GO:0051568,histone H3-K4 methylation (GO:0051568),7.311714761555289e-05,0.0066928464774405,True,,,1,1
GO:0051569,regulation of histone H3-K4 methylation (GO:0051569),0.0137862480534986,0.1424829396918812,False,,,1,0
GO:0051570,regulation of histone H3-K9 methylation (GO:0051570),0.3398375733150341,0.6598628358340557,False,,,1,0
GO:0051571,positive regulation of histone H3-K4 methylation (GO:0051571),0.0139048622534284,0.1429299255481142,False,,,1,0
GO:0051580,regulation of neurotransmitter uptake,,,,1.0,False,1,0
GO:0051588,regulation of neurotransmitter transport,,,,0.3203156314271286,False,1,0
GO:0051588,regulation of neurotransmitter transport (GO:0051588),0.5911895127847931,0.8425740066615665,False,,,1,0
GO:0051590,positive regulation of neurotransmitter transport,,,,1.0,False,1,0
GO:0051591,response to cAMP,,,,1.0,False,1,0
GO:0051591,response to cAMP (GO:0051591),0.2065972265498677,0.5280480325496283,False,,,1,0
GO:0051592,response to calcium ion,,,,1.0,False,1,0
GO:0051592,response to calcium ion (GO:0051592),0.7992712165379454,0.9362325644172682,False,,,1,0
GO:0051599,response to hydrostatic pressure,,,,1.0,False,1,0
GO:0051602,response to electrical stimulus,,,,1.0,False,1,0
GO:0051603,proteolysis involved in cellular protein catabolic process (GO:0051603),0.3185799879368224,0.6460294141990028,False,,,1,0
GO:0051604,protein maturation,,,,1.0,False,1,0
GO:0051604,protein maturation (GO:0051604),0.3924621748305238,0.7035014315369456,False,,,1,0
GO:0051606,detection of stimulus,,,,1.0,False,1,0
GO:0051607,defense response to virus,,,,1.0,False,1,0
GO:0051607,defense response to virus (GO:0051607),0.6833620370471224,0.8857886079933793,False,,,1,0
GO:0051639,actin filament network formation (GO:0051639),0.170041439848852,0.4860340477367714,False,,,1,0
GO:0051640,organelle localization,,,,0.1877056006284837,False,1,0
GO:0051641,cellular localization,,,,2.311631376886181e-12,True,1,1
GO:0051645,Golgi localization (GO:0051645),0.0615612508189369,0.2968284145584193,False,,,1,0
GO:0051646,mitochondrion localization,,,,1.0,False,1,0
GO:0051646,mitochondrion localization (GO:0051646),0.0255835654904372,0.1925366347325962,False,,,1,0
GO:0051647,nucleus localization,,,,1.0,False,1,0
GO:0051648,vesicle localization,,,,1.0,False,1,0
GO:0051649,establishment of localization in cell,,,,6.847303746217828e-08,True,1,1
GO:0051650,establishment of vesicle localization,,,,1.0,False,1,0
GO:0051650,establishment of vesicle localization (GO:0051650),0.8093193986687277,0.9378832191056008,False,,,1,0
GO:0051651,maintenance of location in cell,,,,1.0,False,1,0
GO:0051653,spindle localization,,,,1.0,False,1,0
GO:0051654,establishment of mitochondrion localization,,,,1.0,False,1,0
GO:0051656,establishment of organelle localization,,,,0.0947678120315793,False,1,0
GO:0051668,localization within membrane,,,,0.1052869434311989,False,1,0
GO:0051693,actin filament capping,,,,0.0259280137114312,True,1,1
GO:0051693,actin filament capping (GO:0051693),0.274718556465653,0.6061284190561285,False,,,1,0
GO:0051701,biological process involved in interaction with host,,,,1.0,False,1,0
GO:0051703,biological process involved in intraspecies interaction between organisms,,,,1.0,False,1,0
GO:0051707,response to other organism,,,,1.0,False,1,0
GO:0051716,cellular response to stimulus,,,,0.0011005279054113,True,1,1
GO:0051726,regulation of cell cycle,,,,0.2509142267070825,False,1,0
GO:0051726,regulation of cell cycle (GO:0051726),0.0023888079401099,0.0624476082710638,False,,,1,0
GO:0051764,actin crosslink formation,,,,1.0,False,1,0
GO:0051764,actin crosslink formation (GO:0051764),0.1806120123786181,0.4953723354941625,False,,,1,0
GO:0051769,regulation of nitric-oxide synthase biosynthetic process (GO:0051769),0.5720347404424151,0.8316135936020211,False,,,1,0
GO:0051770,positive regulation of nitric-oxide synthase biosynthetic process (GO:0051770),0.9044922838881826,0.9688574613736848,False,,,1,0
GO:0051775,response to redox state,,,,1.0,False,1,0
GO:0051781,positive regulation of cell division,,,,1.0,False,1,0
GO:0051781,positive regulation of cell division (GO:0051781),0.5568107810330423,0.8252202383626392,False,,,1,0
GO:0051782,negative regulation of cell division (GO:0051782),0.6605340108276231,0.8809442697148996,False,,,1,0
GO:0051783,regulation of nuclear division,,,,1.0,False,1,0
GO:0051783,regulation of nuclear division (GO:0051783),0.2824111013283885,0.6126059557207503,False,,,1,0
GO:0051784,negative regulation of nuclear division (GO:0051784),0.1807703094746601,0.4954203640443539,False,,,1,0
GO:0051785,positive regulation of nuclear division (GO:0051785),0.721485779146025,0.901577150646912,False,,,1,0
GO:0051791,medium-chain fatty acid metabolic process (GO:0051791),0.3981424973109495,0.7094346336468236,False,,,1,0
GO:0051797,regulation of hair follicle development,,,,1.0,False,1,0
GO:0051798,positive regulation of hair follicle development,,,,1.0,False,1,0
GO:0051823,regulation of synapse structural plasticity,,,,1.0,False,1,0
GO:0051835,positive regulation of synapse structural plasticity,,,,1.0,False,1,0
GO:0051851,host-mediated perturbation of symbiont process,,,,1.0,False,1,0
GO:0051851,modulation by host of symbiont process (GO:0051851),0.4436341644896485,0.7468111179252326,False,,,1,0
GO:0051865,protein autoubiquitination,,,,1.0,False,1,0
GO:0051865,protein autoubiquitination (GO:0051865),0.2368848732051005,0.5654947400579693,False,,,1,0
GO:0051873,killing by host of symbiont cells (GO:0051873),0.3816301176898723,0.6922635276889937,False,,,1,0
GO:0051881,regulation of mitochondrial membrane potential,,,,1.0,False,1,0
GO:0051881,regulation of mitochondrial membrane potential (GO:0051881),0.6876180848692819,0.8871208829623082,False,,,1,0
GO:0051882,mitochondrial depolarization,,,,1.0,False,1,0
GO:0051893,regulation of focal adhesion assembly,,,,1.0,False,1,0
GO:0051893,regulation of focal adhesion assembly (GO:0051893),0.0033181263305477,0.0731724021614406,False,,,1,0
GO:0051894,positive regulation of focal adhesion assembly (GO:0051894),0.031753249373136,0.2151855575226586,False,,,1,0
GO:0051895,negative regulation of focal adhesion assembly,,,,1.0,False,1,0
GO:0051895,negative regulation of focal adhesion assembly (GO:0051895),0.0303582617607927,0.2107950976159226,False,,,1,0
GO:0051896,regulation of phosphatidylinositol 3-kinase/protein kinase B signal transduction,,,,1.0,False,1,0
GO:0051896,regulation of protein kinase B signaling (GO:0051896),0.0095726378177218,0.1171258556213513,False,,,1,0
GO:0051897,positive regulation of phosphatidylinositol 3-kinase/protein kinase B signal transduction,,,,1.0,False,1,0
GO:0051897,positive regulation of protein kinase B signaling (GO:0051897),0.1039491315007987,0.3859012486357332,False,,,1,0
GO:0051898,negative regulation of protein kinase B signaling (GO:0051898),0.04336556885864,0.248663983874553,False,,,1,0
GO:0051899,membrane depolarization,,,,1.0,False,1,0
GO:0051899,membrane depolarization (GO:0051899),0.1405843427967485,0.4517675817575256,False,,,1,0
GO:0051900,regulation of mitochondrial depolarization,,,,1.0,False,1,0
GO:0051900,regulation of mitochondrial depolarization (GO:0051900),0.204362799912784,0.524110120982228,False,,,1,0
GO:0051901,positive regulation of mitochondrial depolarization,,,,1.0,False,1,0
GO:0051904,pigment granule transport (GO:0051904),0.1099807001675213,0.3975733686613402,False,,,1,0
GO:0051917,regulation of fibrinolysis (GO:0051917),0.2145064756933635,0.5384666196591185,False,,,1,0
GO:0051923,sulfation (GO:0051923),0.7777414355093207,0.9276645487065576,False,,,1,0
GO:0051924,regulation of calcium ion transport,,,,1.0,False,1,0
GO:0051924,regulation of calcium ion transport (GO:0051924),0.5821889813610646,0.8364556084479234,False,,,1,0
GO:0051926,negative regulation of calcium ion transport,,,,1.0,False,1,0
GO:0051926,negative regulation of calcium ion transport (GO:0051926),0.1201709988856742,0.4151262283910406,False,,,1,0
GO:0051928,positive regulation of calcium ion transport,,,,1.0,False,1,0
GO:0051928,positive regulation of calcium ion transport (GO:0051928),0.0422202106809363,0.2456154280871034,False,,,1,0
GO:0051930,regulation of sensory perception of pain,,,,1.0,False,1,0
GO:0051930,regulation of sensory perception of pain (GO:0051930),0.0737254313448242,0.3243289806874079,False,,,1,0
GO:0051931,regulation of sensory perception,,,,1.0,False,1,0
GO:0051931,regulation of sensory perception (GO:0051931),0.0454838251456118,0.2551178901344717,False,,,1,0
GO:0051932,"synaptic transmission, GABAergic",,,,1.0,False,1,0
GO:0051932,"synaptic transmission, GABAergic (GO:0051932)",1.1885469932210692e-05,0.0021467422596607,True,,,1,1
GO:0051937,catecholamine transport,,,,1.0,False,1,0
GO:0051938,L-glutamate import,,,,1.0,False,1,0
GO:0051952,regulation of amine transport,,,,1.0,False,1,0
GO:0051953,negative regulation of amine transport,,,,1.0,False,1,0
GO:0051954,positive regulation of amine transport,,,,1.0,False,1,0
GO:0051955,regulation of amino acid transport,,,,1.0,False,1,0
GO:0051956,negative regulation of amino acid transport,,,,1.0,False,1,0
GO:0051960,regulation of nervous system development,,,,0.386868951478575,False,1,0
GO:0051960,regulation of nervous system development (GO:0051960),0.0942891035902365,0.3636628280812152,False,,,1,0
GO:0051961,negative regulation of nervous system development,,,,1.0,False,1,0
GO:0051961,negative regulation of nervous system development (GO:0051961),0.9607062240770562,0.9908625299218164,False,,,1,0
GO:0051962,positive regulation of nervous system development,,,,1.0,False,1,0
GO:0051962,positive regulation of nervous system development (GO:0051962),0.1258562082921406,0.4258453149438799,False,,,1,0
GO:0051963,regulation of synapse assembly,,,,1.0,False,1,0
GO:0051963,regulation of synapse assembly (GO:0051963),0.1153361184860643,0.4049527738072962,False,,,1,0
GO:0051965,positive regulation of synapse assembly,,,,1.0,False,1,0
GO:0051965,positive regulation of synapse assembly (GO:0051965),0.2135530856837731,0.5381506980872844,False,,,1,0
GO:0051966,"regulation of synaptic transmission, glutamatergic",,,,1.0,False,1,0
GO:0051966,"regulation of synaptic transmission, glutamatergic (GO:0051966)",0.00927034759682,0.1156658830090075,False,,,1,0
GO:0051967,"negative regulation of synaptic transmission, glutamatergic",,,,1.0,False,1,0
GO:0051968,"positive regulation of synaptic transmission, glutamatergic",,,,1.0,False,1,0
GO:0051968,"positive regulation of synaptic transmission, glutamatergic (GO:0051968)",0.4973521419077609,0.7830870378813354,False,,,1,0
GO:0051972,regulation of telomerase activity (GO:0051972),0.3114715758893087,0.6378476441086454,False,,,1,0
GO:0051973,positive regulation of telomerase activity (GO:0051973),0.9826844726100554,0.9959498688740156,False,,,1,0
GO:0051983,regulation of chromosome segregation,,,,1.0,False,1,0
GO:0051983,regulation of chromosome segregation (GO:0051983),0.4230624584163697,0.731392846295939,False,,,1,0
GO:0051984,positive regulation of chromosome segregation,,,,1.0,False,1,0
GO:0051988,regulation of attachment of spindle microtubules to kinetochore,,,,1.0,False,1,0
GO:0051988,regulation of attachment of spindle microtubules to kinetochore (GO:0051988),0.4559430327642279,0.756540657312121,False,,,1,0
GO:0052372,modulation by symbiont of entry into host (GO:0052372),0.6140825007278472,0.8517596686731141,False,,,1,0
GO:0052547,regulation of peptidase activity (GO:0052547),0.010291088075728,0.1216015485085249,False,,,1,0
GO:0052548,regulation of endopeptidase activity (GO:0052548),0.1105690815651918,0.3978265387185519,False,,,1,0
GO:0052652,cyclic purine nucleotide metabolic process,,,,1.0,False,1,0
GO:0052652,cyclic purine nucleotide metabolic process (GO:0052652),0.1235273192372832,0.420958282759785,False,,,1,0
GO:0055001,muscle cell development,,,,1.0,False,1,0
GO:0055001,muscle cell development (GO:0055001),0.4858969604368129,0.7757444188669227,False,,,1,0
GO:0055002,striated muscle cell development,,,,1.0,False,1,0
GO:0055002,striated muscle cell development (GO:0055002),0.843629838469534,0.9476095421772875,False,,,1,0
GO:0055003,cardiac myofibril assembly (GO:0055003),0.0549282402941392,0.2811643933004996,False,,,1,0
GO:0055006,cardiac cell development,,,,1.0,False,1,0
GO:0055006,cardiac cell development (GO:0055006),0.6604823128809543,0.8809442697148996,False,,,1,0
GO:0055007,cardiac muscle cell differentiation,,,,1.0,False,1,0
GO:0055007,cardiac muscle cell differentiation (GO:0055007),0.0755208961868961,0.3277843338982313,False,,,1,0
GO:0055008,cardiac muscle tissue morphogenesis,,,,1.0,False,1,0
GO:0055008,cardiac muscle tissue morphogenesis (GO:0055008),0.1381009229463266,0.4495710364041618,False,,,1,0
GO:0055010,ventricular cardiac muscle tissue morphogenesis,,,,1.0,False,1,0
GO:0055010,ventricular cardiac muscle tissue morphogenesis (GO:0055010),0.0767500063767286,0.3308592705764481,False,,,1,0
GO:0055013,cardiac muscle cell development,,,,1.0,False,1,0
GO:0055013,cardiac muscle cell development (GO:0055013),0.5911030751812605,0.8425740066615665,False,,,1,0
GO:0055023,positive regulation of cardiac muscle tissue growth (GO:0055023),0.5722823199869653,0.8316135936020211,False,,,1,0
GO:0055048,anastral spindle assembly,,,,1.0,False,1,0
GO:0055062,phosphate ion homeostasis (GO:0055062),0.5611822756986937,0.8285663186006712,False,,,1,0
GO:0055064,chloride ion homeostasis,,,,1.0,False,1,0
GO:0055064,chloride ion homeostasis (GO:0055064),0.8537163571069064,0.950997398680322,False,,,1,0
GO:0055065,metal ion homeostasis (GO:0055065),0.9282190186769232,0.97779399047327,False,,,1,0
GO:0055067,monovalent inorganic cation homeostasis (GO:0055067),0.8041771837376586,0.9366853555931376,False,,,1,0
GO:0055069,zinc ion homeostasis (GO:0055069),0.8795909726739787,0.9607052823042715,False,,,1,0
GO:0055070,copper ion homeostasis (GO:0055070),0.1076380807950313,0.3929463334509662,False,,,1,0
GO:0055072,iron ion homeostasis (GO:0055072),0.0118648908246765,0.1315892716315736,False,,,1,0
GO:0055074,calcium ion homeostasis,,,,1.0,False,1,0
GO:0055074,calcium ion homeostasis (GO:0055074),0.248049939824386,0.5800575966423529,False,,,1,0
GO:0055075,potassium ion homeostasis (GO:0055075),0.5899496900102784,0.8425740066615665,False,,,1,0
GO:0055076,transition metal ion homeostasis (GO:0055076),0.1058973104737169,0.3892136614600855,False,,,1,0
GO:0055078,sodium ion homeostasis,,,,1.0,False,1,0
GO:0055078,sodium ion homeostasis (GO:0055078),0.5376900256644879,0.8131500096160965,False,,,1,0
GO:0055080,monoatomic cation homeostasis,,,,1.0,False,1,0
GO:0055081,monoatomic anion homeostasis,,,,1.0,False,1,0
GO:0055082,intracellular chemical homeostasis,,,,0.1454882467981309,False,1,0
GO:0055083,monovalent inorganic anion homeostasis (GO:0055083),0.8537163571069064,0.950997398680322,False,,,1,0
GO:0055085,transmembrane transport,,,,8.843698502467348e-06,True,1,1
GO:0055086,nucleobase-containing small molecule metabolic process,,,,1.0,False,1,0
GO:0055088,lipid homeostasis,,,,1.0,False,1,0
GO:0055088,lipid homeostasis (GO:0055088),0.2734510843962364,0.6044288829341053,False,,,1,0
GO:0055089,fatty acid homeostasis,,,,1.0,False,1,0
GO:0055089,fatty acid homeostasis (GO:0055089),0.9290932355690726,0.9780770388810102,False,,,1,0
GO:0055090,acylglycerol homeostasis,,,,1.0,False,1,0
GO:0055090,acylglycerol homeostasis (GO:0055090),0.3089609755930259,0.6351701790917872,False,,,1,0
GO:0055091,phospholipid homeostasis (GO:0055091),0.3842510766586947,0.6940995990614611,False,,,1,0
GO:0055092,sterol homeostasis,,,,1.0,False,1,0
GO:0055092,sterol homeostasis (GO:0055092),0.7270837071238145,0.90316408000447,False,,,1,0
GO:0055117,regulation of cardiac muscle contraction,,,,1.0,False,1,0
GO:0055117,regulation of cardiac muscle contraction (GO:0055117),0.2137648191592953,0.5381506980872844,False,,,1,0
GO:0055119,relaxation of cardiac muscle (GO:0055119),0.3118771345140124,0.6379961600480868,False,,,1,0
GO:0055123,digestive system development,,,,1.0,False,1,0
GO:0055123,digestive system development (GO:0055123),0.0987292316660729,0.3756067960977077,False,,,1,0
GO:0060004,reflex,,,,1.0,False,1,0
GO:0060005,vestibular reflex,,,,1.0,False,1,0
GO:0060013,righting reflex,,,,1.0,False,1,0
GO:0060019,radial glial cell differentiation,,,,1.0,False,1,0
GO:0060020,Bergmann glial cell differentiation,,,,1.0,False,1,0
GO:0060021,roof of mouth development,,,,1.0,False,1,0
GO:0060022,hard palate development,,,,1.0,False,1,0
GO:0060037,pharyngeal system development (GO:0060037),0.4007081742258364,0.7098464432712569,False,,,1,0
GO:0060041,retina development in camera-type eye,,,,1.0,False,1,0
GO:0060042,retina morphogenesis in camera-type eye,,,,1.0,False,1,0
GO:0060043,regulation of cardiac muscle cell proliferation (GO:0060043),0.873439650693518,0.9598025864360974,False,,,1,0
GO:0060045,positive regulation of cardiac muscle cell proliferation (GO:0060045),0.1960134309926413,0.5148746147888426,False,,,1,0
GO:0060046,regulation of acrosome reaction (GO:0060046),0.2883640890723388,0.6178685469279303,False,,,1,0
GO:0060047,heart contraction,,,,1.0,False,1,0
GO:0060047,heart contraction (GO:0060047),0.6712711125977571,0.8828472018319322,False,,,1,0
GO:0060048,cardiac muscle contraction,,,,1.0,False,1,0
GO:0060048,cardiac muscle contraction (GO:0060048),0.833895354723444,0.9474416955400868,False,,,1,0
GO:0060055,angiogenesis involved in wound healing,,,,1.0,False,1,0
GO:0060055,angiogenesis involved in wound healing (GO:0060055),0.0080047940397709,0.1102695928552596,False,,,1,0
GO:0060068,vagina development,,,,1.0,False,1,0
GO:0060070,canonical Wnt signaling pathway,,,,1.0,False,1,0
GO:0060070,canonical Wnt signaling pathway (GO:0060070),0.0861278654466155,0.3479052115431446,False,,,1,0
GO:0060071,"Wnt signaling pathway, planar cell polarity pathway",,,,1.0,False,1,0
GO:0060071,"Wnt signaling pathway, planar cell polarity pathway (GO:0060071)",0.016558096030725,0.1546917690752223,False,,,1,0
GO:0060074,synapse maturation,,,,1.0,False,1,0
GO:0060078,regulation of postsynaptic membrane potential,,,,0.0007623350298921,True,1,1
GO:0060078,regulation of postsynaptic membrane potential (GO:0060078),0.5648266906780302,0.8297395963368583,False,,,1,0
GO:0060079,excitatory postsynaptic potential,,,,1.0,False,1,0
GO:0060079,excitatory postsynaptic potential (GO:0060079),0.0801692326674667,0.3362949922218526,False,,,1,0
GO:0060080,inhibitory postsynaptic potential,,,,1.0,False,1,0
GO:0060086,circadian temperature homeostasis,,,,1.0,False,1,0
GO:0060099,"regulation of phagocytosis, engulfment (GO:0060099)",0.0890565152575047,0.3540789961967666,False,,,1,0
GO:0060113,inner ear receptor cell differentiation,,,,1.0,False,1,0
GO:0060119,inner ear receptor cell development,,,,1.0,False,1,0
GO:0060122,inner ear receptor cell stereocilium organization (GO:0060122),0.4465826065857368,0.7498396754226205,False,,,1,0
GO:0060142,regulation of syncytium formation by plasma membrane fusion,,,,1.0,False,1,0
GO:0060143,positive regulation of syncytium formation by plasma membrane fusion,,,,1.0,False,1,0
GO:0060143,positive regulation of syncytium formation by plasma membrane fusion (GO:0060143),0.0013394971583193,0.0483877402048115,True,,,1,1
GO:0060147,regulation of posttranscriptional gene silencing (GO:0060147),0.2256532859820254,0.5543390683083346,False,,,1,0
GO:0060148,positive regulation of posttranscriptional gene silencing (GO:0060148),0.1688554515815227,0.4852035817035725,False,,,1,0
GO:0060167,regulation of adenosine receptor signaling pathway,,,,1.0,False,1,0
GO:0060168,positive regulation of adenosine receptor signaling pathway,,,,1.0,False,1,0
GO:0060173,limb development (GO:0060173),0.0231957831066344,0.1840619358231477,False,,,1,0
GO:0060191,regulation of lipase activity (GO:0060191),0.494267128885516,0.7808226654988597,False,,,1,0
GO:0060193,positive regulation of lipase activity (GO:0060193),0.8835708003430289,0.9619357192023849,False,,,1,0
GO:0060211,regulation of nuclear-transcribed mRNA poly(A) tail shortening,,,,1.0,False,1,0
GO:0060211,regulation of nuclear-transcribed mRNA poly(A) tail shortening (GO:0060211),0.5469658174521811,0.819770915143543,False,,,1,0
GO:0060213,positive regulation of nuclear-transcribed mRNA poly(A) tail shortening,,,,1.0,False,1,0
GO:0060213,positive regulation of nuclear-transcribed mRNA poly(A) tail shortening (GO:0060213),0.1613414382741127,0.4758694209748908,False,,,1,0
GO:0060216,definitive hemopoiesis,,,,1.0,False,1,0
GO:0060219,camera-type eye photoreceptor cell differentiation,,,,1.0,False,1,0
GO:0060221,retinal rod cell differentiation,,,,1.0,False,1,0
GO:0060231,mesenchymal to epithelial transition (GO:0060231),0.6001171107692331,0.8473524815753167,False,,,1,0
GO:0060236,regulation of mitotic spindle organization,,,,1.0,False,1,0
GO:0060236,regulation of mitotic spindle organization (GO:0060236),0.2665970989064045,0.5972845813065518,False,,,1,0
GO:0060249,anatomical structure homeostasis,,,,1.0,False,1,0
GO:0060251,regulation of glial cell proliferation,,,,1.0,False,1,0
GO:0060252,positive regulation of glial cell proliferation,,,,1.0,False,1,0
GO:0060253,negative regulation of glial cell proliferation,,,,1.0,False,1,0
GO:0060255,regulation of macromolecule metabolic process,,,,3.766418973878499e-05,True,1,1
GO:0060255,regulation of macromolecule metabolic process (GO:0060255),0.1671498963694807,0.4837739325611166,False,,,1,0
GO:0060259,regulation of feeding behavior,,,,1.0,False,1,0
GO:0060259,regulation of feeding behavior (GO:0060259),0.9722228030116244,0.993437794133376,False,,,1,0
GO:0060260,regulation of transcription initiation from RNA polymerase II promoter (GO:0060260),0.1965538724426744,0.5149906048205516,False,,,1,0
GO:0060261,positive regulation of transcription initiation from RNA polymerase II promoter (GO:0060261),0.5683170508890545,0.8314233713582724,False,,,1,0
GO:0060271,cilium assembly,,,,1.0,False,1,0
GO:0060271,cilium assembly (GO:0060271),0.0658575879698368,0.3066856013686715,False,,,1,0
GO:0060284,regulation of cell development,,,,1.0,False,1,0
GO:0060284,regulation of cell development (GO:0060284),0.68513473182053,0.8864644890408744,False,,,1,0
GO:0060285,cilium-dependent cell motility,,,,1.0,False,1,0
GO:0060285,cilium-dependent cell motility (GO:0060285),0.1014621691693076,0.3814132880665845,False,,,1,0
GO:0060291,long-term synaptic potentiation,,,,0.1086349083983657,False,1,0
GO:0060291,long-term synaptic potentiation (GO:0060291),0.3146780241753351,0.6423970644225221,False,,,1,0
GO:0060292,long-term synaptic depression,,,,0.0095781232358344,True,1,1
GO:0060294,cilium movement involved in cell motility,,,,1.0,False,1,0
GO:0060306,regulation of membrane repolarization (GO:0060306),0.6903434023549619,0.8876660737958753,False,,,1,0
GO:0060307,regulation of ventricular cardiac muscle cell membrane repolarization (GO:0060307),0.0337656352146011,0.2198099147947155,False,,,1,0
GO:0060314,regulation of ryanodine-sensitive calcium-release channel activity (GO:0060314),0.7080257246806821,0.8961322112834964,False,,,1,0
GO:0060315,negative regulation of ryanodine-sensitive calcium-release channel activity (GO:0060315),0.4229240531621109,0.731392846295939,False,,,1,0
GO:0060317,cardiac epithelial to mesenchymal transition (GO:0060317),0.2970691904429169,0.6246027934312549,False,,,1,0
GO:0060318,definitive erythrocyte differentiation,,,,1.0,False,1,0
GO:0060322,head development,,,,2.448663240154768e-06,True,1,1
GO:0060324,face development,,,,1.0,False,1,0
GO:0060326,cell chemotaxis,,,,1.0,False,1,0
GO:0060326,cell chemotaxis (GO:0060326),0.1505857305580189,0.4650602078076737,False,,,1,0
GO:0060330,regulation of response to interferon-gamma (GO:0060330),0.7707678989542874,0.9251243330848252,False,,,1,0
GO:0060333,interferon-gamma-mediated signaling pathway (GO:0060333),0.2457477757327245,0.5770088660040678,False,,,1,0
GO:0060334,regulation of interferon-gamma-mediated signaling pathway (GO:0060334),0.4813085729223429,0.7715169349982081,False,,,1,0
GO:0060337,type I interferon signaling pathway (GO:0060337),0.5748029392731804,0.832002827593505,False,,,1,0
GO:0060338,regulation of type I interferon-mediated signaling pathway (GO:0060338),0.0535098270489973,0.2782327874716076,False,,,1,0
GO:0060339,negative regulation of type I interferon-mediated signaling pathway (GO:0060339),0.0345355811134472,0.220803783391276,False,,,1,0
GO:0060341,regulation of cellular localization,,,,0.0261225349681489,True,1,1
GO:0060341,regulation of cellular localization (GO:0060341),0.0001262946689816,0.0087097396263192,True,,,1,1
GO:0060348,bone development,,,,1.0,False,1,0
GO:0060348,bone development (GO:0060348),0.4390597492002583,0.7442620094698764,False,,,1,0
GO:0060349,bone morphogenesis (GO:0060349),0.6835621645598428,0.8857886079933793,False,,,1,0
GO:0060350,endochondral bone morphogenesis (GO:0060350),0.8857364252632002,0.962970870956774,False,,,1,0
GO:0060371,regulation of atrial cardiac muscle cell membrane depolarization,,,,1.0,False,1,0
GO:0060382,regulation of DNA strand elongation,,,,1.0,False,1,0
GO:0060384,innervation,,,,1.0,False,1,0
GO:0060389,pathway-restricted SMAD protein phosphorylation (GO:0060389),0.795207342051654,0.9343216351808522,False,,,1,0
GO:0060390,regulation of SMAD protein signal transduction (GO:0060390),0.5726342734233804,0.8316135936020211,False,,,1,0
GO:0060391,positive regulation of SMAD protein signal transduction (GO:0060391),0.227478018212845,0.5551177250678621,False,,,1,0
GO:0060393,regulation of pathway-restricted SMAD protein phosphorylation (GO:0060393),0.5908654440051755,0.8425740066615665,False,,,1,0
GO:0060396,growth hormone receptor signaling pathway (GO:0060396),0.5121533424851206,0.7946454972263352,False,,,1,0
GO:0060397,growth hormone receptor signaling pathway via JAK-STAT (GO:0060397),0.6632821151631156,0.8816317376126855,False,,,1,0
GO:0060401,cytosolic calcium ion transport (GO:0060401),0.4221124085371943,0.7307495963402912,False,,,1,0
GO:0060402,calcium ion transport into cytosol,,,,1.0,False,1,0
GO:0060402,calcium ion transport into cytosol (GO:0060402),0.036594875355853,0.2298085467297192,False,,,1,0
GO:0060412,ventricular septum morphogenesis (GO:0060412),0.7338992531269073,0.9070143233105246,False,,,1,0
GO:0060413,atrial septum morphogenesis (GO:0060413),0.6391930705718538,0.8684607605562514,False,,,1,0
GO:0060415,muscle tissue morphogenesis,,,,1.0,False,1,0
GO:0060415,muscle tissue morphogenesis (GO:0060415),0.2593986289671269,0.5917054564946521,False,,,1,0
GO:0060425,lung morphogenesis,,,,1.0,False,1,0
GO:0060428,lung epithelium development,,,,1.0,False,1,0
GO:0060428,lung epithelium development (GO:0060428),0.3742343876591076,0.6873803342179323,False,,,1,0
GO:0060429,epithelium development,,,,1.0,False,1,0
GO:0060429,epithelium development (GO:0060429),0.2572725381246187,0.5906989934059799,False,,,1,0
GO:0060443,mammary gland morphogenesis,,,,1.0,False,1,0
GO:0060444,branching involved in mammary gland duct morphogenesis,,,,1.0,False,1,0
GO:0060467,negative regulation of fertilization,,,,1.0,False,1,0
GO:0060468,prevention of polyspermy,,,,1.0,False,1,0
GO:0060471,cortical granule exocytosis,,,,1.0,False,1,0
GO:0060479,lung cell differentiation,,,,1.0,False,1,0
GO:0060485,mesenchyme development,,,,1.0,False,1,0
GO:0060485,mesenchyme development (GO:0060485),0.3978677267099437,0.7094346336468236,False,,,1,0
GO:0060486,club cell differentiation,,,,1.0,False,1,0
GO:0060487,lung epithelial cell differentiation,,,,1.0,False,1,0
GO:0060491,regulation of cell projection assembly,,,,1.0,False,1,0
GO:0060501,positive regulation of epithelial cell proliferation involved in lung morphogenesis,,,,1.0,False,1,0
GO:0060502,epithelial cell proliferation involved in lung morphogenesis,,,,1.0,False,1,0
GO:0060509,type I pneumocyte differentiation,,,,1.0,False,1,0
GO:0060510,type II pneumocyte differentiation,,,,1.0,False,1,0
GO:0060537,muscle tissue development,,,,0.1594181222192183,False,1,0
GO:0060537,muscle tissue development (GO:0060537),0.0437169041938686,0.2489763027137295,False,,,1,0
GO:0060538,skeletal muscle organ development,,,,0.0592920132482411,False,1,0
GO:0060538,skeletal muscle organ development (GO:0060538),0.7124822504832957,0.8980123796070016,False,,,1,0
GO:0060541,respiratory system development,,,,1.0,False,1,0
GO:0060541,respiratory system development (GO:0060541),0.8947685380572202,0.9655355225163764,False,,,1,0
GO:0060544,regulation of necroptotic process,,,,1.0,False,1,0
GO:0060544,regulation of necroptotic process (GO:0060544),0.7185538640044964,0.9000907550095953,False,,,1,0
GO:0060546,negative regulation of necroptotic process,,,,1.0,False,1,0
GO:0060548,negative regulation of cell death (GO:0060548),0.7747128762680842,0.9260907468278736,False,,,1,0
GO:0060560,developmental growth involved in morphogenesis,,,,1.0,False,1,0
GO:0060562,epithelial tube morphogenesis,,,,1.0,False,1,0
GO:0060562,epithelial tube morphogenesis (GO:0060562),0.0060400803090384,0.0974894664348199,False,,,1,0
GO:0060586,multicellular organismal-level iron ion homeostasis,,,,1.0,False,1,0
GO:0060603,mammary gland duct morphogenesis,,,,1.0,False,1,0
GO:0060605,tube lumen cavitation,,,,1.0,False,1,0
GO:0060606,tube closure (GO:0060606),0.7557012311443222,0.9204800159699468,False,,,1,0
GO:0060612,adipose tissue development,,,,1.0,False,1,0
GO:0060612,adipose tissue development (GO:0060612),0.6128157829363479,0.8517443256422014,False,,,1,0
GO:0060623,regulation of chromosome condensation,,,,1.0,False,1,0
GO:0060627,regulation of vesicle-mediated transport,,,,0.0001900205125792,True,1,1
GO:0060627,regulation of vesicle-mediated transport (GO:0060627),0.5939318927714208,0.8437726867305281,False,,,1,0
GO:0060632,regulation of microtubule-based movement (GO:0060632),0.9397887809961148,0.9819886628975932,False,,,1,0
GO:0060662,salivary gland cavitation,,,,1.0,False,1,0
GO:0060674,placenta blood vessel development,,,,1.0,False,1,0
GO:0060675,ureteric bud morphogenesis (GO:0060675),0.8181191327231384,0.9406262110999892,False,,,1,0
GO:0060688,regulation of morphogenesis of a branching structure,,,,1.0,False,1,0
GO:0060689,cell differentiation involved in salivary gland development,,,,1.0,False,1,0
GO:0060690,epithelial cell differentiation involved in salivary gland development,,,,1.0,False,1,0
GO:0060691,epithelial cell maturation involved in salivary gland development,,,,1.0,False,1,0
GO:0060699,regulation of endoribonuclease activity,,,,1.0,False,1,0
GO:0060700,regulation of ribonuclease activity,,,,1.0,False,1,0
GO:0060717,chorion development,,,,1.0,False,1,0
GO:0060718,chorionic trophoblast cell differentiation,,,,1.0,False,1,0
GO:0060735,regulation of eIF2 alpha phosphorylation by dsRNA,,,,1.0,False,1,0
GO:0060759,regulation of response to cytokine stimulus (GO:0060759),0.6137697416722414,0.8517596686731141,False,,,1,0
GO:0060760,positive regulation of response to cytokine stimulus (GO:0060760),0.0899846082123739,0.3554210303122367,False,,,1,0
GO:0060761,negative regulation of response to cytokine stimulus (GO:0060761),0.0567517003954907,0.286248935638426,False,,,1,0
GO:0060762,regulation of branching involved in mammary gland duct morphogenesis,,,,1.0,False,1,0
GO:0060765,regulation of androgen receptor signaling pathway,,,,1.0,False,1,0
GO:0060765,regulation of androgen receptor signaling pathway (GO:0060765),0.578823874624771,0.8354181721658129,False,,,1,0
GO:0060766,negative regulation of androgen receptor signaling pathway,,,,1.0,False,1,0
GO:0060766,negative regulation of androgen receptor signaling pathway (GO:0060766),0.3851088023497649,0.6949180244113504,False,,,1,0
GO:0060816,random inactivation of X chromosome,,,,1.0,False,1,0
GO:0060828,regulation of canonical Wnt signaling pathway,,,,1.0,False,1,0
GO:0060828,regulation of canonical Wnt signaling pathway (GO:0060828),0.1873073388805958,0.504585750265696,False,,,1,0
GO:0060840,artery development (GO:0060840),0.0712254964803668,0.3201629488482052,False,,,1,0
GO:0060854,branching involved in lymph vessel morphogenesis,,,,1.0,False,1,0
GO:0060872,semicircular canal development,,,,1.0,False,1,0
GO:0060916,mesenchymal cell proliferation involved in lung development,,,,1.0,False,1,0
GO:0060964,regulation of gene silencing by miRNA (GO:0060964),0.0791987121044956,0.3355334133611102,False,,,1,0
GO:0060965,negative regulation of gene silencing by miRNA (GO:0060965),0.0777242073834426,0.3327403144530449,False,,,1,0
GO:0060966,regulation of gene silencing by RNA (GO:0060966),0.2256532859820254,0.5543390683083346,False,,,1,0
GO:0060972,left/right pattern formation,,,,1.0,False,1,0
GO:0060973,cell migration involved in heart development,,,,1.0,False,1,0
GO:0060976,coronary vasculature development,,,,1.0,False,1,0
GO:0060977,coronary vasculature morphogenesis,,,,1.0,False,1,0
GO:0060979,vasculogenesis involved in coronary vascular morphogenesis,,,,1.0,False,1,0
GO:0060993,kidney morphogenesis,,,,1.0,False,1,0
GO:0060996,dendritic spine development,,,,3.944881802862476e-06,True,1,1
GO:0060997,dendritic spine morphogenesis,,,,0.0016656393163835,True,1,1
GO:0060997,dendritic spine morphogenesis (GO:0060997),0.0773360837424561,0.3318277891800184,False,,,1,0
GO:0060998,regulation of dendritic spine development,,,,0.0282614707932111,True,1,1
GO:0060998,regulation of dendritic spine development (GO:0060998),0.1520350664829175,0.4658147940071011,False,,,1,0
GO:0060999,positive regulation of dendritic spine development,,,,0.0662715024686348,False,1,0
GO:0060999,positive regulation of dendritic spine development (GO:0060999),0.0040083832776141,0.0796010354554467,False,,,1,0
GO:0061000,negative regulation of dendritic spine development,,,,1.0,False,1,0
GO:0061001,regulation of dendritic spine morphogenesis,,,,0.093912583841203,False,1,0
GO:0061001,regulation of dendritic spine morphogenesis (GO:0061001),0.1980055433046029,0.5168912916179783,False,,,1,0
GO:0061003,positive regulation of dendritic spine morphogenesis,,,,1.0,False,1,0
GO:0061003,positive regulation of dendritic spine morphogenesis (GO:0061003),0.0881161663644007,0.3516472368681201,False,,,1,0
GO:0061008,hepaticobiliary system development,,,,1.0,False,1,0
GO:0061008,hepaticobiliary system development (GO:0061008),0.0300070133255021,0.2105160125887272,False,,,1,0
GO:0061013,regulation of mRNA catabolic process,,,,1.0,False,1,0
GO:0061013,regulation of mRNA catabolic process (GO:0061013),0.027983476413813,0.2033358736352356,False,,,1,0
GO:0061014,positive regulation of mRNA catabolic process,,,,1.0,False,1,0
GO:0061014,positive regulation of mRNA catabolic process (GO:0061014),0.3700774949428386,0.6827353785594293,False,,,1,0
GO:0061024,membrane organization,,,,0.0238477772108014,True,1,1
GO:0061024,membrane organization (GO:0061024),0.7503417209303354,0.9168963104023072,False,,,1,0
GO:0061025,membrane fusion (GO:0061025),0.8449037151716229,0.9478615177894012,False,,,1,0
GO:0061028,establishment of endothelial barrier,,,,1.0,False,1,0
GO:0061028,establishment of endothelial barrier (GO:0061028),0.136460815140937,0.4477472939702198,False,,,1,0
GO:0061035,regulation of cartilage development (GO:0061035),0.9255646038051404,0.9770850381945164,False,,,1,0
GO:0061036,positive regulation of cartilage development (GO:0061036),0.8888818001072489,0.9643960720271154,False,,,1,0
GO:0061037,negative regulation of cartilage development (GO:0061037),0.8930084941817461,0.9655355225163764,False,,,1,0
GO:0061041,regulation of wound healing,,,,1.0,False,1,0
GO:0061041,regulation of wound healing (GO:0061041),0.6212573882907364,0.8559496090761944,False,,,1,0
GO:0061042,vascular wound healing,,,,1.0,False,1,0
GO:0061043,regulation of vascular wound healing,,,,1.0,False,1,0
GO:0061045,negative regulation of wound healing (GO:0061045),0.4109169299139416,0.7187654335289155,False,,,1,0
GO:0061053,somite development (GO:0061053),0.673279033363886,0.8831359991106892,False,,,1,0
GO:0061061,muscle structure development,,,,0.3234568347303933,False,1,0
GO:0061081,positive regulation of myeloid leukocyte cytokine production involved in immune response,,,,1.0,False,1,0
GO:0061081,positive regulation of myeloid leukocyte cytokine production involved in immune response (GO:0061081),0.0911483388462462,0.3578940468362445,False,,,1,0
GO:0061082,myeloid leukocyte cytokine production,,,,1.0,False,1,0
GO:0061083,regulation of protein refolding,,,,1.0,False,1,0
GO:0061097,regulation of protein tyrosine kinase activity (GO:0061097),0.7588760504968709,0.9223472763187396,False,,,1,0
GO:0061098,positive regulation of protein tyrosine kinase activity (GO:0061098),0.0840288558173314,0.3453103468203015,False,,,1,0
GO:0061099,negative regulation of protein tyrosine kinase activity (GO:0061099),0.549328744148414,0.8208522273731322,False,,,1,0
GO:0061136,regulation of proteasomal protein catabolic process,,,,1.0,False,1,0
GO:0061136,regulation of proteasomal protein catabolic process (GO:0061136),0.3986735766623117,0.7094346336468236,False,,,1,0
GO:0061138,morphogenesis of a branching epithelium,,,,1.0,False,1,0
GO:0061140,lung secretory cell differentiation,,,,1.0,False,1,0
GO:0061141,lung ciliated cell differentiation,,,,1.0,False,1,0
GO:0061154,endothelial tube morphogenesis (GO:0061154),0.9953698437883292,0.9980010091168736,False,,,1,0
GO:0061157,mRNA destabilization,,,,1.0,False,1,0
GO:0061157,mRNA destabilization (GO:0061157),0.8580101347564222,0.9528267849547202,False,,,1,0
GO:0061158,3'-UTR-mediated mRNA destabilization (GO:0061158),0.1121593204632084,0.3993859478635767,False,,,1,0
GO:0061162,establishment of monopolar cell polarity,,,,1.0,False,1,0
GO:0061178,regulation of insulin secretion involved in cellular response to glucose stimulus,,,,1.0,False,1,0
GO:0061178,regulation of insulin secretion involved in cellular response to glucose stimulus (GO:0061178),0.9639329360477036,0.9921838877690474,False,,,1,0
GO:0061180,mammary gland epithelium development,,,,1.0,False,1,0
GO:0061180,mammary gland epithelium development (GO:0061180),0.024778259235304,0.1885322680554627,False,,,1,0
GO:0061245,establishment or maintenance of bipolar cell polarity,,,,1.0,False,1,0
GO:0061307,cardiac neural crest cell differentiation involved in heart development,,,,1.0,False,1,0
GO:0061308,cardiac neural crest cell development involved in heart development,,,,1.0,False,1,0
GO:0061309,cardiac neural crest cell development involved in outflow tract morphogenesis,,,,1.0,False,1,0
GO:0061311,cell surface receptor signaling pathway involved in heart development (GO:0061311),0.6923668322370098,0.8880576284924797,False,,,1,0
GO:0061314,Notch signaling involved in heart development (GO:0061314),0.878516721870833,0.9607052823042715,False,,,1,0
GO:0061326,renal tubule development,,,,1.0,False,1,0
GO:0061333,renal tubule morphogenesis,,,,1.0,False,1,0
GO:0061337,cardiac conduction,,,,1.0,False,1,0
GO:0061339,establishment or maintenance of monopolar cell polarity,,,,1.0,False,1,0
GO:0061351,neural precursor cell proliferation,,,,1.0,False,1,0
GO:0061371,determination of heart left/right asymmetry,,,,1.0,False,1,0
GO:0061371,determination of heart left/right asymmetry (GO:0061371),0.3361744524250529,0.6582910160290273,False,,,1,0
GO:0061384,heart trabecula morphogenesis (GO:0061384),0.5304465090831032,0.80835018439221,False,,,1,0
GO:0061387,regulation of extent of cell growth,,,,1.0,False,1,0
GO:0061418,regulation of transcription from RNA polymerase II promoter in response to hypoxia (GO:0061418),0.0239673820199936,0.1870540740778518,False,,,1,0
GO:0061431,cellular response to methionine,,,,1.0,False,1,0
GO:0061436,establishment of skin barrier,,,,1.0,False,1,0
GO:0061436,establishment of skin barrier (GO:0061436),0.6528330830637807,0.875170836201874,False,,,1,0
GO:0061437,renal system vasculature development,,,,1.0,False,1,0
GO:0061440,kidney vasculature development,,,,1.0,False,1,0
GO:0061448,connective tissue development,,,,1.0,False,1,0
GO:0061448,connective tissue development (GO:0061448),0.0039570385054036,0.0789949844789267,False,,,1,0
GO:0061450,trophoblast cell migration,,,,1.0,False,1,0
GO:0061458,reproductive system development,,,,1.0,False,1,0
GO:0061462,protein localization to lysosome,,,,1.0,False,1,0
GO:0061462,protein localization to lysosome (GO:0061462),0.920510274777308,0.9747335210023252,False,,,1,0
GO:0061469,regulation of type B pancreatic cell proliferation,,,,1.0,False,1,0
GO:0061512,protein localization to cilium,,,,1.0,False,1,0
GO:0061512,protein localization to cilium (GO:0061512),0.5631476515361664,0.8292780245099893,False,,,1,0
GO:0061515,myeloid cell development,,,,1.0,False,1,0
GO:0061515,myeloid cell development (GO:0061515),0.7694017540160618,0.9251243330848252,False,,,1,0
GO:0061517,macrophage proliferation,,,,1.0,False,1,0
GO:0061518,microglial cell proliferation,,,,1.0,False,1,0
GO:0061548,ganglion development (GO:0061548),0.4390579910046882,0.7442620094698764,False,,,1,0
GO:0061564,axon development,,,,0.106293930314528,False,1,0
GO:0061564,axon development (GO:0061564),0.948753725542398,0.986408950573714,False,,,1,0
GO:0061572,actin filament bundle organization,,,,1.19276396554036e-05,True,1,1
GO:0061572,actin filament bundle organization (GO:0061572),0.2795885979959216,0.6105236339657633,False,,,1,0
GO:0061577,calcium ion transmembrane transport via high voltage-gated calcium channel,,,,1.0,False,1,0
GO:0061614,miRNA transcription,,,,1.0,False,1,0
GO:0061620,glycolytic process through glucose-6-phosphate (GO:0061620),0.0303698250402981,0.2107950976159226,False,,,1,0
GO:0061621,canonical glycolysis (GO:0061621),0.0158835842517154,0.1530018965409745,False,,,1,0
GO:0061635,regulation of protein complex stability,,,,1.0,False,1,0
GO:0061640,cytoskeleton-dependent cytokinesis,,,,1.0,False,1,0
GO:0061640,cytoskeleton-dependent cytokinesis (GO:0061640),0.2761141965238737,0.6074832641618637,False,,,1,0
GO:0061641,CENP-A containing chromatin organization (GO:0061641),0.5145775465836153,0.7963250241500013,False,,,1,0
GO:0061684,chaperone-mediated autophagy,,,,1.0,False,1,0
GO:0061709,reticulophagy (GO:0061709),0.7363871707947112,0.909050753642576,False,,,1,0
GO:0061718,glucose catabolic process to pyruvate (GO:0061718),0.0158835842517154,0.1530018965409745,False,,,1,0
GO:0061726,mitochondrion disassembly (GO:0061726),0.9751117034021572,0.9935030022595036,False,,,1,0
GO:0061734,type 2 mitophagy,,,,1.0,False,1,0
GO:0061738,late endosomal microautophagy,,,,1.0,False,1,0
GO:0061740,protein targeting to lysosome involved in chaperone-mediated autophagy,,,,1.0,False,1,0
GO:0061743,motor learning,,,,1.0,False,1,0
GO:0061744,motor behavior,,,,1.0,False,1,0
GO:0061756,leukocyte adhesion to vascular endothelial cell (GO:0061756),0.1405061632010849,0.4517675817575256,False,,,1,0
GO:0061844,antimicrobial humoral immune response mediated by antimicrobial peptide (GO:0061844),0.849119289406531,0.9489214078781264,False,,,1,0
GO:0061900,glial cell activation,,,,1.0,False,1,0
GO:0061912,selective autophagy (GO:0061912),0.4311927958526107,0.7380479578831012,False,,,1,0
GO:0061919,process utilizing autophagic mechanism,,,,1.0,False,1,0
GO:0061951,establishment of protein localization to plasma membrane (GO:0061951),0.1835250428567809,0.4990039337317349,False,,,1,0
GO:0061952,midbody abscission,,,,1.0,False,1,0
GO:0061952,midbody abscission (GO:0061952),0.3975310561989251,0.7094346336468236,False,,,1,0
GO:0062009,secondary palate development,,,,1.0,False,1,0
GO:0062009,secondary palate development (GO:0062009),0.0565705554343134,0.2860961556831345,False,,,1,0
GO:0062012,regulation of small molecule metabolic process,,,,1.0,False,1,0
GO:0062012,regulation of small molecule metabolic process (GO:0062012),0.7058567086223869,0.8951235358758655,False,,,1,0
GO:0062013,positive regulation of small molecule metabolic process,,,,1.0,False,1,0
GO:0062013,positive regulation of small molecule metabolic process (GO:0062013),0.2586004554764362,0.5917054564946521,False,,,1,0
GO:0062014,negative regulation of small molecule metabolic process,,,,1.0,False,1,0
GO:0062014,negative regulation of small molecule metabolic process (GO:0062014),0.0312385864203602,0.2123440112767501,False,,,1,0
GO:0062033,positive regulation of mitotic sister chromatid segregation,,,,1.0,False,1,0
GO:0062098,regulation of programmed necrotic cell death,,,,1.0,False,1,0
GO:0062098,regulation of programmed necrotic cell death (GO:0062098),0.6417150034225148,0.8688101294247363,False,,,1,0
GO:0062099,negative regulation of programmed necrotic cell death,,,,1.0,False,1,0
GO:0062099,negative regulation of programmed necrotic cell death (GO:0062099),0.8953512901214002,0.9655355225163764,False,,,1,0
GO:0062197,cellular response to chemical stress,,,,1.0,False,1,0
GO:0062197,cellular response to chemical stress (GO:0062197),0.2257883315007166,0.5543390683083346,False,,,1,0
GO:0062207,regulation of pattern recognition receptor signaling pathway,,,,1.0,False,1,0
GO:0062208,positive regulation of pattern recognition receptor signaling pathway,,,,1.0,False,1,0
GO:0062208,positive regulation of pattern recognition receptor signaling pathway (GO:0062208),0.3398125323309613,0.6598628358340557,False,,,1,0
GO:0062237,protein localization to postsynapse,,,,1.0,False,1,0
GO:0065002,intracellular protein transmembrane transport,,,,1.0,False,1,0
GO:0065002,intracellular protein transmembrane transport (GO:0065002),0.4350471859061651,0.7403819095811794,False,,,1,0
GO:0065003,protein-containing complex assembly,,,,0.55529221221882,False,1,0
GO:0065003,protein-containing complex assembly (GO:0065003),0.9152947674720412,0.9740818731272451,False,,,1,0
GO:0065004,protein-DNA complex assembly,,,,1.0,False,1,0
GO:0065004,protein-DNA complex assembly (GO:0065004),8.416537469766594e-05,0.0070942059161832,True,,,1,1
GO:0065007,biological regulation,,,,2.8796991043277544e-15,True,1,1
GO:0065008,regulation of biological quality,,,,4.7342395098228014e-20,True,1,1
GO:0065009,regulation of molecular function,,,,1.0,False,1,0
GO:0070050,neuron cellular homeostasis,,,,1.0,False,1,0
GO:0070059,intrinsic apoptotic signaling pathway in response to endoplasmic reticulum stress,,,,1.0,False,1,0
GO:0070059,intrinsic apoptotic signaling pathway in response to endoplasmic reticulum stress (GO:0070059),0.0564133164953423,0.2860961556831345,False,,,1,0
GO:0070076,histone lysine demethylation (GO:0070076),0.0371708699512913,0.2304341001174279,False,,,1,0
GO:0070098,chemokine-mediated signaling pathway,,,,1.0,False,1,0
GO:0070098,chemokine-mediated signaling pathway (GO:0070098),0.8164452388112755,0.9399936763417618,False,,,1,0
GO:0070102,interleukin-6-mediated signaling pathway (GO:0070102),0.0058827221845671,0.0959294506567801,False,,,1,0
GO:0070106,interleukin-27-mediated signaling pathway (GO:0070106),0.0772816548585673,0.3318277891800184,False,,,1,0
GO:0070125,mitochondrial translational elongation (GO:0070125),0.0534406069591208,0.2782327874716076,False,,,1,0
GO:0070126,mitochondrial translational termination (GO:0070126),0.0442993258071499,0.2511619473640057,False,,,1,0
GO:0070129,regulation of mitochondrial translation (GO:0070129),0.7251820807734322,0.9023257152186952,False,,,1,0
GO:0070131,positive regulation of mitochondrial translation (GO:0070131),0.9164271156996228,0.9742175027602774,False,,,1,0
GO:0070141,response to UV-A (GO:0070141),0.0171092195855718,0.1569926602537463,False,,,1,0
GO:0070167,regulation of biomineral tissue development (GO:0070167),0.8178509716987707,0.9406030126299082,False,,,1,0
GO:0070168,negative regulation of biomineral tissue development (GO:0070168),0.6166227237994539,0.8529070527539122,False,,,1,0
GO:0070169,positive regulation of biomineral tissue development (GO:0070169),0.2025714281477398,0.5223340767942741,False,,,1,0
GO:0070193,synaptonemal complex organization (GO:0070193),0.1756762064198226,0.4925305407694151,False,,,1,0
GO:0070198,"protein localization to chromosome, telomeric region (GO:0070198)",0.4050916341259595,0.7129988715729765,False,,,1,0
GO:0070199,establishment of protein localization to chromosome (GO:0070199),0.1905417196467684,0.5096789440198821,False,,,1,0
GO:0070201,regulation of establishment of protein localization,,,,1.0,False,1,0
GO:0070201,regulation of establishment of protein localization (GO:0070201),0.2722898055047094,0.6029160725507079,False,,,1,0
GO:0070203,regulation of establishment of protein localization to telomere (GO:0070203),0.5809133406595379,0.8362656839607627,False,,,1,0
GO:0070206,protein trimerization (GO:0070206),0.4245116285714895,0.7322294712013006,False,,,1,0
GO:0070207,protein homotrimerization (GO:0070207),0.4245116285714895,0.7322294712013006,False,,,1,0
GO:0070213,protein auto-ADP-ribosylation (GO:0070213),0.2650331636299878,0.5958925842611404,False,,,1,0
GO:0070227,lymphocyte apoptotic process,,,,1.0,False,1,0
GO:0070228,regulation of lymphocyte apoptotic process,,,,1.0,False,1,0
GO:0070229,negative regulation of lymphocyte apoptotic process,,,,1.0,False,1,0
GO:0070229,negative regulation of lymphocyte apoptotic process (GO:0070229),0.1639253568112135,0.4809545435505842,False,,,1,0
GO:0070232,regulation of T cell apoptotic process (GO:0070232),0.945609011525146,0.9853043415134726,False,,,1,0
GO:0070252,actin-mediated cell contraction,,,,1.0,False,1,0
GO:0070254,mucus secretion,,,,1.0,False,1,0
GO:0070255,regulation of mucus secretion,,,,1.0,False,1,0
GO:0070256,negative regulation of mucus secretion,,,,1.0,False,1,0
GO:0070262,peptidyl-serine dephosphorylation (GO:0070262),0.7539090822742309,0.919932305576513,False,,,1,0
GO:0070266,necroptotic process,,,,1.0,False,1,0
GO:0070266,necroptotic process (GO:0070266),0.7939255529064704,0.9335277245466952,False,,,1,0
GO:0070269,pyroptosis (GO:0070269),0.8858596990102614,0.962970870956774,False,,,1,0
GO:0070286,axonemal dynein complex assembly (GO:0070286),0.8214294662544932,0.9419172817913112,False,,,1,0
GO:0070293,renal absorption,,,,1.0,False,1,0
GO:0070293,renal absorption (GO:0070293),0.6805315237369001,0.8857886079933793,False,,,1,0
GO:0070295,renal water absorption,,,,1.0,False,1,0
GO:0070296,sarcoplasmic reticulum calcium ion transport,,,,1.0,False,1,0
GO:0070296,sarcoplasmic reticulum calcium ion transport (GO:0070296),0.1420905793223874,0.4532797034228895,False,,,1,0
GO:0070301,cellular response to hydrogen peroxide,,,,1.0,False,1,0
GO:0070301,cellular response to hydrogen peroxide (GO:0070301),0.4390808805390626,0.7442620094698764,False,,,1,0
GO:0070302,regulation of stress-activated protein kinase signaling cascade (GO:0070302),0.1230398739813229,0.420958282759785,False,,,1,0
GO:0070304,positive regulation of stress-activated protein kinase signaling cascade (GO:0070304),0.7427925502989567,0.911404241772449,False,,,1,0
GO:0070306,lens fiber cell differentiation,,,,1.0,False,1,0
GO:0070314,G1 to G0 transition,,,,1.0,False,1,0
GO:0070315,G1 to G0 transition involved in cell differentiation,,,,1.0,False,1,0
GO:0070316,regulation of G0 to G1 transition (GO:0070316),0.8454329351818416,0.9478945087628512,False,,,1,0
GO:0070317,negative regulation of G0 to G1 transition (GO:0070317),0.8390294066680104,0.9476095421772875,False,,,1,0
GO:0070328,triglyceride homeostasis,,,,1.0,False,1,0
GO:0070328,triglyceride homeostasis (GO:0070328),0.3316647251112158,0.6541884047565478,False,,,1,0
GO:0070371,ERK1 and ERK2 cascade,,,,1.0,False,1,0
GO:0070371,ERK1 and ERK2 cascade (GO:0070371),0.8422036216574226,0.9476095421772875,False,,,1,0
GO:0070372,regulation of ERK1 and ERK2 cascade,,,,1.0,False,1,0
GO:0070372,regulation of ERK1 and ERK2 cascade (GO:0070372),0.0159314747048518,0.1530018965409745,False,,,1,0
GO:0070373,negative regulation of ERK1 and ERK2 cascade,,,,1.0,False,1,0
GO:0070373,negative regulation of ERK1 and ERK2 cascade (GO:0070373),0.0518499928898612,0.2744142884711411,False,,,1,0
GO:0070374,positive regulation of ERK1 and ERK2 cascade,,,,1.0,False,1,0
GO:0070374,positive regulation of ERK1 and ERK2 cascade (GO:0070374),0.025453724334979,0.1919403109395142,False,,,1,0
GO:0070417,cellular response to cold,,,,1.0,False,1,0
GO:0070423,nucleotide-binding oligomerization domain containing signaling pathway (GO:0070423),0.739649754160772,0.9103067836083196,False,,,1,0
GO:0070482,response to oxygen levels,,,,1.0,False,1,0
GO:0070486,leukocyte aggregation,,,,1.0,False,1,0
GO:0070487,monocyte aggregation,,,,1.0,False,1,0
GO:0070498,interleukin-1-mediated signaling pathway,,,,1.0,False,1,0
GO:0070498,interleukin-1-mediated signaling pathway (GO:0070498),0.0037635606343246,0.0775825298151811,False,,,1,0
GO:0070507,regulation of microtubule cytoskeleton organization,,,,0.705182625892501,False,1,0
GO:0070507,regulation of microtubule cytoskeleton organization (GO:0070507),0.8571663500980107,0.9528267849547202,False,,,1,0
GO:0070509,calcium ion import,,,,1.0,False,1,0
GO:0070509,calcium ion import (GO:0070509),0.4491234159214864,0.7523569381936752,False,,,1,0
GO:0070527,platelet aggregation,,,,1.0,False,1,0
GO:0070527,platelet aggregation (GO:0070527),0.3306258705416584,0.653861071747995,False,,,1,0
GO:0070528,protein kinase C signaling (GO:0070528),0.4948091684170814,0.7813535286452914,False,,,1,0
GO:0070534,protein K63-linked ubiquitination,,,,1.0,False,1,0
GO:0070534,protein K63-linked ubiquitination (GO:0070534),0.1876305653414101,0.5050977532576072,False,,,1,0
GO:0070536,protein K63-linked deubiquitination (GO:0070536),0.2857336755916789,0.6157690363250043,False,,,1,0
GO:0070542,response to fatty acid (GO:0070542),0.4541349500027675,0.7553030861221719,False,,,1,0
GO:0070544,histone H3-K36 demethylation (GO:0070544),0.214236314685343,0.5384666196591185,False,,,1,0
GO:0070555,response to interleukin-1,,,,1.0,False,1,0
GO:0070555,response to interleukin-1 (GO:0070555),0.8470671918917811,0.9481010610292244,False,,,1,0
GO:0070570,regulation of neuron projection regeneration,,,,1.0,False,1,0
GO:0070571,negative regulation of neuron projection regeneration,,,,1.0,False,1,0
GO:0070584,mitochondrion morphogenesis (GO:0070584),0.0611409843944975,0.2968284145584193,False,,,1,0
GO:0070585,protein localization to mitochondrion,,,,1.0,False,1,0
GO:0070585,protein localization to mitochondrion (GO:0070585),0.8283425878983751,0.9446492591396682,False,,,1,0
GO:0070587,regulation of cell-cell adhesion involved in gastrulation (GO:0070587),0.0400664131114145,0.2389495360559678,False,,,1,0
GO:0070588,calcium ion transmembrane transport,,,,1.0,False,1,0
GO:0070588,calcium ion transmembrane transport (GO:0070588),0.2974623648884488,0.625036182119996,False,,,1,0
GO:0070593,dendrite self-avoidance (GO:0070593),0.5003574834057981,0.7851977674515281,False,,,1,0
GO:0070613,regulation of protein processing,,,,1.0,False,1,0
GO:0070613,regulation of protein processing (GO:0070613),0.2703159278157343,0.6006492760428122,False,,,1,0
GO:0070633,transepithelial transport,,,,1.0,False,1,0
GO:0070633,transepithelial transport (GO:0070633),0.3675833545191261,0.6805785706423425,False,,,1,0
GO:0070646,protein modification by small protein removal,,,,1.0,False,1,0
GO:0070646,protein modification by small protein removal (GO:0070646),0.1171635385122551,0.4080820032846499,False,,,1,0
GO:0070647,protein modification by small protein conjugation or removal,,,,1.0,False,1,0
GO:0070647,protein modification by small protein conjugation or removal (GO:0070647),0.5992194721765228,0.8464951426314902,False,,,1,0
GO:0070661,leukocyte proliferation,,,,1.0,False,1,0
GO:0070663,regulation of leukocyte proliferation,,,,1.0,False,1,0
GO:0070665,positive regulation of leukocyte proliferation,,,,1.0,False,1,0
GO:0070665,positive regulation of leukocyte proliferation (GO:0070665),0.6412771043663332,0.8688101294247363,False,,,1,0
GO:0070670,response to interleukin-4,,,,1.0,False,1,0
GO:0070670,response to interleukin-4 (GO:0070670),0.8917344168654519,0.9655355225163764,False,,,1,0
GO:0070723,response to cholesterol,,,,1.0,False,1,0
GO:0070723,response to cholesterol (GO:0070723),0.0008549620726513,0.0348695821673842,True,,,1,1
GO:0070729,cyclic nucleotide transport,,,,1.0,False,1,0
GO:0070730,cAMP transport,,,,1.0,False,1,0
GO:0070731,cGMP transport,,,,1.0,False,1,0
GO:0070741,response to interleukin-6 (GO:0070741),0.3377045008076902,0.6588985493668363,False,,,1,0
GO:0070757,interleukin-35-mediated signaling pathway (GO:0070757),0.5285560660723528,0.8067658585965531,False,,,1,0
GO:0070777,D-aspartate transmembrane transport,,,,1.0,False,1,0
GO:0070779,D-aspartate import across plasma membrane,,,,1.0,False,1,0
GO:0070828,heterochromatin organization,,,,0.3114313216432507,False,1,0
GO:0070828,heterochromatin organization (GO:0070828),0.8433354238132891,0.9476095421772875,False,,,1,0
GO:0070830,bicellular tight junction assembly (GO:0070830),0.4774748871126593,0.7700254919277794,False,,,1,0
GO:0070837,dehydroascorbic acid transport,,,,1.0,False,1,0
GO:0070839,metal ion export (GO:0070839),0.7003444804372394,0.8932100249826661,False,,,1,0
GO:0070848,response to growth factor,,,,0.1856137932026237,False,1,0
GO:0070848,response to growth factor (GO:0070848),0.6639437206455167,0.8816317376126855,False,,,1,0
GO:0070849,response to epidermal growth factor,,,,1.0,False,1,0
GO:0070861,regulation of protein exit from endoplasmic reticulum (GO:0070861),0.3075347691278044,0.6342582480298443,False,,,1,0
GO:0070862,negative regulation of protein exit from endoplasmic reticulum (GO:0070862),0.2689183471426625,0.599849445843929,False,,,1,0
GO:0070863,positive regulation of protein exit from endoplasmic reticulum (GO:0070863),0.7907546663726209,0.9332007274070524,False,,,1,0
GO:0070873,regulation of glycogen metabolic process,,,,1.0,False,1,0
GO:0070873,regulation of glycogen metabolic process (GO:0070873),0.5722014137310625,0.8316135936020211,False,,,1,0
GO:0070875,positive regulation of glycogen metabolic process,,,,1.0,False,1,0
GO:0070875,positive regulation of glycogen metabolic process (GO:0070875),0.5003682108569931,0.7851977674515281,False,,,1,0
GO:0070884,regulation of calcineurin-NFAT signaling cascade,,,,1.0,False,1,0
GO:0070884,regulation of calcineurin-NFAT signaling cascade (GO:0070884),0.7717093039494826,0.9251243330848252,False,,,1,0
GO:0070885,negative regulation of calcineurin-NFAT signaling cascade,,,,1.0,False,1,0
GO:0070885,negative regulation of calcineurin-NFAT signaling cascade (GO:0070885),0.2731314565347609,0.6040744108666752,False,,,1,0
GO:0070886,positive regulation of calcineurin-NFAT signaling cascade (GO:0070886),0.330363750265502,0.653861071747995,False,,,1,0
GO:0070887,cellular response to chemical stimulus,,,,3.1116219679060016e-05,True,1,1
GO:0070897,transcription preinitiation complex assembly (GO:0070897),0.895278954548726,0.9655355225163764,False,,,1,0
GO:0070911,global genome nucleotide-excision repair (GO:0070911),0.141174997569539,0.4518267280053304,False,,,1,0
GO:0070914,UV-damage excision repair (GO:0070914),0.2715211835563139,0.6022689176778355,False,,,1,0
GO:0070918,production of small RNA involved in gene silencing by RNA (GO:0070918),0.0419364700255606,0.2443395250490806,False,,,1,0
GO:0070918,regulatory ncRNA processing,,,,1.0,False,1,0
GO:0070922,RISC complex assembly,,,,1.0,False,1,0
GO:0070925,organelle assembly,,,,0.0614564742332586,False,1,0
GO:0070925,organelle assembly (GO:0070925),0.891662596143372,0.9655355225163764,False,,,1,0
GO:0070932,histone H3 deacetylation (GO:0070932),0.1430240374805585,0.4535930840273117,False,,,1,0
GO:0070933,histone H4 deacetylation (GO:0070933),0.7887676894977155,0.9326151261781596,False,,,1,0
GO:0070934,CRD-mediated mRNA stabilization,,,,1.0,False,1,0
GO:0070935,3'-UTR-mediated mRNA stabilization (GO:0070935),0.6277847153952125,0.8603986769814967,False,,,1,0
GO:0070936,protein K48-linked ubiquitination,,,,1.0,False,1,0
GO:0070936,protein K48-linked ubiquitination (GO:0070936),0.6635975995642936,0.8816317376126855,False,,,1,0
GO:0070966,"nuclear-transcribed mRNA catabolic process, no-go decay",,,,1.0,False,1,0
GO:0070972,protein localization to endoplasmic reticulum,,,,1.0,False,1,0
GO:0070972,protein localization to endoplasmic reticulum (GO:0070972),0.6088285356220045,0.8504895159687053,False,,,1,0
GO:0070977,bone maturation,,,,1.0,False,1,0
GO:0070979,protein K11-linked ubiquitination (GO:0070979),0.2041846008822204,0.524110120982228,False,,,1,0
GO:0070987,error-free translesion synthesis (GO:0070987),0.0395626398656994,0.237063338089412,False,,,1,0
GO:0071044,histone mRNA catabolic process (GO:0071044),0.967390599592184,0.9924383774519692,False,,,1,0
GO:0071071,regulation of phospholipid biosynthetic process,,,,1.0,False,1,0
GO:0071072,negative regulation of phospholipid biosynthetic process,,,,1.0,False,1,0
GO:0071103,DNA conformation change,,,,1.0,False,1,0
GO:0071103,DNA conformation change (GO:0071103),0.5310362646061808,0.8087805447690927,False,,,1,0
GO:0071108,protein K48-linked deubiquitination,,,,1.0,False,1,0
GO:0071108,protein K48-linked deubiquitination (GO:0071108),0.7676692964328746,0.9251243330848252,False,,,1,0
GO:0071166,ribonucleoprotein complex localization,,,,1.0,False,1,0
GO:0071168,protein localization to chromatin,,,,1.0,False,1,0
GO:0071168,protein localization to chromatin (GO:0071168),0.4381925757658378,0.7439858728199744,False,,,1,0
GO:0071173,spindle assembly checkpoint signaling (GO:0071173),0.6911464236570413,0.8876660737958753,False,,,1,0
GO:0071174,mitotic spindle checkpoint signaling (GO:0071174),0.6911464236570413,0.8876660737958753,False,,,1,0
GO:0071205,protein localization to juxtaparanode region of axon,,,,1.0,False,1,0
GO:0071206,establishment of protein localization to juxtaparanode region of axon,,,,1.0,False,1,0
GO:0071211,protein targeting to vacuole involved in autophagy,,,,1.0,False,1,0
GO:0071214,cellular response to abiotic stimulus,,,,1.0,False,1,0
GO:0071216,cellular response to biotic stimulus,,,,1.0,False,1,0
GO:0071218,cellular response to misfolded protein (GO:0071218),0.2112558273106232,0.5348503305054376,False,,,1,0
GO:0071219,cellular response to molecule of bacterial origin,,,,1.0,False,1,0
GO:0071219,cellular response to molecule of bacterial origin (GO:0071219),0.5741236783310077,0.832002827593505,False,,,1,0
GO:0071222,cellular response to lipopolysaccharide,,,,1.0,False,1,0
GO:0071222,cellular response to lipopolysaccharide (GO:0071222),0.3033115542605014,0.630800436527617,False,,,1,0
GO:0071229,cellular response to acid chemical,,,,1.0,False,1,0
GO:0071229,cellular response to acid chemical (GO:0071229),0.3423516971718969,0.6611710730005117,False,,,1,0
GO:0071230,cellular response to amino acid stimulus,,,,1.0,False,1,0
GO:0071230,cellular response to amino acid stimulus (GO:0071230),0.78497026018215,0.9301702444984524,False,,,1,0
GO:0071233,cellular response to leucine (GO:0071233),0.6654734840571541,0.8816317376126855,False,,,1,0
GO:0071241,cellular response to inorganic substance (GO:0071241),0.6693692842846519,0.8818824334072334,False,,,1,0
GO:0071243,cellular response to arsenic-containing substance,,,,1.0,False,1,0
GO:0071243,cellular response to arsenic-containing substance (GO:0071243),0.2361984289579635,0.5645246635397326,False,,,1,0
GO:0071248,cellular response to metal ion,,,,1.0,False,1,0
GO:0071248,cellular response to metal ion (GO:0071248),0.836282842873469,0.9474416955400868,False,,,1,0
GO:0071257,cellular response to electrical stimulus,,,,1.0,False,1,0
GO:0071260,cellular response to mechanical stimulus,,,,1.0,False,1,0
GO:0071260,cellular response to mechanical stimulus (GO:0071260),0.9745314054068408,0.9935030022595036,False,,,1,0
GO:0071276,cellular response to cadmium ion,,,,1.0,False,1,0
GO:0071276,cellular response to cadmium ion (GO:0071276),0.216424031333851,0.5418457761381498,False,,,1,0
GO:0071277,cellular response to calcium ion,,,,1.0,False,1,0
GO:0071277,cellular response to calcium ion (GO:0071277),0.9788964670738352,0.9955096634190814,False,,,1,0
GO:0071281,cellular response to iron ion,,,,1.0,False,1,0
GO:0071285,cellular response to lithium ion,,,,1.0,False,1,0
GO:0071294,cellular response to zinc ion,,,,1.0,False,1,0
GO:0071300,cellular response to retinoic acid (GO:0071300),0.2241710850942201,0.5524892305148649,False,,,1,0
GO:0071310,cellular response to organic substance (GO:0071310),0.0199595487396416,0.1701271199313725,False,,,1,0
GO:0071312,cellular response to alkaloid,,,,1.0,False,1,0
GO:0071312,cellular response to alkaloid (GO:0071312),0.7183464260845129,0.9000907550095953,False,,,1,0
GO:0071313,cellular response to caffeine,,,,1.0,False,1,0
GO:0071318,cellular response to ATP,,,,1.0,False,1,0
GO:0071318,cellular response to ATP (GO:0071318),0.4995959168825784,0.7851977674515281,False,,,1,0
GO:0071320,cellular response to cAMP,,,,1.0,False,1,0
GO:0071320,cellular response to cAMP (GO:0071320),0.230623470743663,0.5589487696681879,False,,,1,0
GO:0071322,cellular response to carbohydrate stimulus,,,,1.0,False,1,0
GO:0071326,cellular response to monosaccharide stimulus,,,,1.0,False,1,0
GO:0071331,cellular response to hexose stimulus,,,,1.0,False,1,0
GO:0071331,cellular response to hexose stimulus (GO:0071331),0.1294962591767672,0.4314471924241211,False,,,1,0
GO:0071332,cellular response to fructose stimulus,,,,1.0,False,1,0
GO:0071333,cellular response to glucose stimulus,,,,1.0,False,1,0
GO:0071333,cellular response to glucose stimulus (GO:0071333),0.3896636483067776,0.7001393737695913,False,,,1,0
GO:0071340,skeletal muscle acetylcholine-gated channel clustering,,,,1.0,False,1,0
GO:0071345,cellular response to cytokine stimulus,,,,1.0,False,1,0
GO:0071345,cellular response to cytokine stimulus (GO:0071345),1.5382888833829586e-05,0.0024870726144573,True,,,1,1
GO:0071346,cellular response to interferon-gamma (GO:0071346),0.5958576691096553,0.8439782939901729,False,,,1,0
GO:0071346,cellular response to type II interferon,,,,1.0,False,1,0
GO:0071347,cellular response to interleukin-1,,,,1.0,False,1,0
GO:0071347,cellular response to interleukin-1 (GO:0071347),0.0070838397168663,0.1063318859102009,False,,,1,0
GO:0071349,cellular response to interleukin-12 (GO:0071349),0.0878506593399257,0.3516472368681201,False,,,1,0
GO:0071350,cellular response to interleukin-15 (GO:0071350),0.0164351656017596,0.1539224274752454,False,,,1,0
GO:0071352,cellular response to interleukin-2 (GO:0071352),0.5709833266775731,0.8316135936020211,False,,,1,0
GO:0071353,cellular response to interleukin-4,,,,1.0,False,1,0
GO:0071353,cellular response to interleukin-4 (GO:0071353),0.4030251075164744,0.711342127878077,False,,,1,0
GO:0071354,cellular response to interleukin-6 (GO:0071354),0.0036380290618166,0.0771282167514692,False,,,1,0
GO:0071356,cellular response to tumor necrosis factor (GO:0071356),0.1019136640714879,0.3823526486875901,False,,,1,0
GO:0071357,cellular response to type I interferon (GO:0071357),0.5748029392731804,0.832002827593505,False,,,1,0
GO:0071359,cellular response to dsRNA,,,,1.0,False,1,0
GO:0071359,cellular response to dsRNA (GO:0071359),0.2370087903335451,0.5654947400579693,False,,,1,0
GO:0071360,cellular response to exogenous dsRNA (GO:0071360),0.5731962152915492,0.8316135936020211,False,,,1,0
GO:0071363,cellular response to growth factor stimulus,,,,0.109284703713704,False,1,0
GO:0071363,cellular response to growth factor stimulus (GO:0071363),0.0052100455177852,0.0894489780434989,False,,,1,0
GO:0071364,cellular response to epidermal growth factor stimulus,,,,1.0,False,1,0
GO:0071364,cellular response to epidermal growth factor stimulus (GO:0071364),0.1249940665693964,0.4236840880229853,False,,,1,0
GO:0071375,cellular response to peptide hormone stimulus,,,,1.0,False,1,0
GO:0071375,cellular response to peptide hormone stimulus (GO:0071375),0.0101066656330118,0.1212838015553574,False,,,1,0
GO:0071376,cellular response to corticotropin-releasing hormone stimulus,,,,1.0,False,1,0
GO:0071377,cellular response to glucagon stimulus (GO:0071377),0.265016094342999,0.5958925842611404,False,,,1,0
GO:0071383,cellular response to steroid hormone stimulus,,,,0.5802053606370984,False,1,0
GO:0071383,cellular response to steroid hormone stimulus (GO:0071383),0.3225562493328496,0.6491994506267837,False,,,1,0
GO:0071384,cellular response to corticosteroid stimulus,,,,1.0,False,1,0
GO:0071384,cellular response to corticosteroid stimulus (GO:0071384),0.4011163736002477,0.7098464432712569,False,,,1,0
GO:0071385,cellular response to glucocorticoid stimulus,,,,1.0,False,1,0
GO:0071385,cellular response to glucocorticoid stimulus (GO:0071385),0.9714387409620834,0.9933601969966962,False,,,1,0
GO:0071391,cellular response to estrogen stimulus (GO:0071391),0.349546893266066,0.668261777297474,False,,,1,0
GO:0071392,cellular response to estradiol stimulus (GO:0071392),0.77918910294291,0.9276760077130836,False,,,1,0
GO:0071396,cellular response to lipid,,,,1.0,False,1,0
GO:0071396,cellular response to lipid (GO:0071396),0.1212766694033009,0.4181840064061096,False,,,1,0
GO:0071397,cellular response to cholesterol,,,,1.0,False,1,0
GO:0071397,cellular response to cholesterol (GO:0071397),0.01569197314515,0.1528225672641673,False,,,1,0
GO:0071398,cellular response to fatty acid (GO:0071398),0.1427234035248157,0.453391850560826,False,,,1,0
GO:0071404,cellular response to low-density lipoprotein particle stimulus (GO:0071404),0.4350939299911545,0.7403819095811794,False,,,1,0
GO:0071407,cellular response to organic cyclic compound (GO:0071407),0.4332818627222757,0.7389559826014352,False,,,1,0
GO:0071415,cellular response to purine-containing compound,,,,1.0,False,1,0
GO:0071415,cellular response to purine-containing compound (GO:0071415),0.1557546940467659,0.4716097247961938,False,,,1,0
GO:0071417,cellular response to organonitrogen compound (GO:0071417),0.8238635528392919,0.942724047593701,False,,,1,0
GO:0071420,cellular response to histamine,,,,1.0,False,1,0
GO:0071425,hematopoietic stem cell proliferation (GO:0071425),0.3610720643674352,0.6758957767306415,False,,,1,0
GO:0071427,mRNA-containing ribonucleoprotein complex export from nucleus (GO:0071427),0.0200814075727616,0.170782015523509,False,,,1,0
GO:0071431,tRNA-containing ribonucleoprotein complex export from nucleus (GO:0071431),0.9075738640689518,0.9691519331119184,False,,,1,0
GO:0071451,cellular response to superoxide (GO:0071451),0.7086812486489139,0.8965002511219848,False,,,1,0
GO:0071453,cellular response to oxygen levels,,,,1.0,False,1,0
GO:0071456,cellular response to hypoxia,,,,1.0,False,1,0
GO:0071456,cellular response to hypoxia (GO:0071456),0.2041540471907627,0.524110120982228,False,,,1,0
GO:0071459,"protein localization to chromosome, centromeric region (GO:0071459)",0.8768120745156367,0.9607052823042715,False,,,1,0
GO:0071462,cellular response to water stimulus,,,,1.0,False,1,0
GO:0071464,cellular response to hydrostatic pressure,,,,1.0,False,1,0
GO:0071466,cellular response to xenobiotic stimulus,,,,1.0,False,1,0
GO:0071467,cellular response to pH (GO:0071467),0.6466293012843749,0.8721400198321445,False,,,1,0
GO:0071470,cellular response to osmotic stress,,,,1.0,False,1,0
GO:0071470,cellular response to osmotic stress (GO:0071470),0.8861428855947424,0.962970870956774,False,,,1,0
GO:0071474,cellular hyperosmotic response,,,,1.0,False,1,0
GO:0071478,cellular response to radiation,,,,1.0,False,1,0
GO:0071478,cellular response to radiation (GO:0071478),0.3030484295356869,0.630800436527617,False,,,1,0
GO:0071479,cellular response to ionizing radiation,,,,1.0,False,1,0
GO:0071479,cellular response to ionizing radiation (GO:0071479),0.6836217639399238,0.8857886079933793,False,,,1,0
GO:0071480,cellular response to gamma radiation,,,,1.0,False,1,0
GO:0071480,cellular response to gamma radiation (GO:0071480),0.89232034279955,0.9655355225163764,False,,,1,0
GO:0071481,cellular response to X-ray,,,,1.0,False,1,0
GO:0071482,cellular response to light stimulus (GO:0071482),0.3215063609579436,0.6484389950696408,False,,,1,0
GO:0071492,cellular response to UV-A (GO:0071492),0.1086472361784597,0.395868363904801,False,,,1,0
GO:0071495,cellular response to endogenous stimulus,,,,0.0022917179985805,True,1,1
GO:0071496,cellular response to external stimulus,,,,1.0,False,1,0
GO:0071498,cellular response to fluid shear stress,,,,1.0,False,1,0
GO:0071498,cellular response to fluid shear stress (GO:0071498),0.5040550840870888,0.788437059906873,False,,,1,0
GO:0071499,cellular response to laminar fluid shear stress,,,,1.0,False,1,0
GO:0071503,response to heparin,,,,1.0,False,1,0
GO:0071504,cellular response to heparin,,,,1.0,False,1,0
GO:0071505,response to mycophenolic acid,,,,1.0,False,1,0
GO:0071506,cellular response to mycophenolic acid,,,,1.0,False,1,0
GO:0071514,genomic imprinting,,,,1.0,False,1,0
GO:0071526,semaphorin-plexin signaling pathway (GO:0071526),0.03210360405615,0.2162859150710072,False,,,1,0
GO:0071539,protein localization to centrosome,,,,1.0,False,1,0
GO:0071539,protein localization to centrosome (GO:0071539),0.0818706537760844,0.3393829396422821,False,,,1,0
GO:0071542,dopaminergic neuron differentiation,,,,1.0,False,1,0
GO:0071542,dopaminergic neuron differentiation (GO:0071542),0.3222153665616307,0.6490509215975918,False,,,1,0
GO:0071545,inositol phosphate catabolic process (GO:0071545),0.9716453334235736,0.9933601969966962,False,,,1,0
GO:0071559,response to transforming growth factor beta,,,,1.0,False,1,0
GO:0071560,cellular response to transforming growth factor beta stimulus,,,,1.0,False,1,0
GO:0071560,cellular response to transforming growth factor beta stimulus (GO:0071560),0.0084171109076261,0.1118141425305107,False,,,1,0
GO:0071577,zinc ion transmembrane transport (GO:0071577),0.4470806774125112,0.7499675278627035,False,,,1,0
GO:0071596,ubiquitin-dependent protein catabolic process via the N-end rule pathway,,,,1.0,False,1,0
GO:0071604,transforming growth factor beta production,,,,1.0,False,1,0
GO:0071605,monocyte chemotactic protein-1 production,,,,1.0,False,1,0
GO:0071616,acyl-CoA biosynthetic process,,,,1.0,False,1,0
GO:0071616,acyl-CoA biosynthetic process (GO:0071616),0.8116550057184156,0.9381126296262408,False,,,1,0
GO:0071621,granulocyte chemotaxis,,,,1.0,False,1,0
GO:0071621,granulocyte chemotaxis (GO:0071621),0.6191157464088848,0.8547903503113498,False,,,1,0
GO:0071622,regulation of granulocyte chemotaxis (GO:0071622),0.4092663374874372,0.7176824864030742,False,,,1,0
GO:0071624,positive regulation of granulocyte chemotaxis (GO:0071624),0.77167754188363,0.9251243330848252,False,,,1,0
GO:0071625,vocalization behavior,,,,1.0,False,1,0
GO:0071634,regulation of transforming growth factor beta production,,,,1.0,False,1,0
GO:0071634,regulation of transforming growth factor beta production (GO:0071634),0.8189547640966008,0.9407427635357396,False,,,1,0
GO:0071636,positive regulation of transforming growth factor beta production,,,,1.0,False,1,0
GO:0071636,positive regulation of transforming growth factor beta production (GO:0071636),0.5663771392896042,0.8307302742944581,False,,,1,0
GO:0071637,regulation of monocyte chemotactic protein-1 production,,,,1.0,False,1,0
GO:0071639,positive regulation of monocyte chemotactic protein-1 production,,,,1.0,False,1,0
GO:0071674,mononuclear cell migration,,,,1.0,False,1,0
GO:0071675,regulation of mononuclear cell migration,,,,1.0,False,1,0
GO:0071675,regulation of mononuclear cell migration (GO:0071675),0.7681178323454838,0.9251243330848252,False,,,1,0
GO:0071676,negative regulation of mononuclear cell migration (GO:0071676),0.0097090751604668,0.1182520651279752,False,,,1,0
GO:0071677,positive regulation of mononuclear cell migration,,,,1.0,False,1,0
GO:0071677,positive regulation of mononuclear cell migration (GO:0071677),0.1153776417577034,0.4049527738072962,False,,,1,0
GO:0071679,commissural neuron axon guidance,,,,1.0,False,1,0
GO:0071692,protein localization to extracellular region,,,,1.0,False,1,0
GO:0071695,anatomical structure maturation,,,,1.0,False,1,0
GO:0071702,organic substance transport (GO:0071702),0.3228025741845806,0.6491994506267837,False,,,1,0
GO:0071705,nitrogen compound transport,,,,0.3431722046742982,False,1,0
GO:0071705,nitrogen compound transport (GO:0071705),0.6047412145244333,0.849549417293028,False,,,1,0
GO:0071706,tumor necrosis factor superfamily cytokine production,,,,1.0,False,1,0
GO:0071709,membrane assembly (GO:0071709),0.4642162797128699,0.7619092812422829,False,,,1,0
GO:0071711,basement membrane organization (GO:0071711),0.0973266928341026,0.3710152220299007,False,,,1,0
GO:0071712,ER-associated misfolded protein catabolic process (GO:0071712),0.373167879308286,0.686766504714376,False,,,1,0
GO:0071731,response to nitric oxide (GO:0071731),0.8396284863700345,0.9476095421772875,False,,,1,0
GO:0071763,nuclear membrane organization,,,,1.0,False,1,0
GO:0071763,nuclear membrane organization (GO:0071763),0.1685666575637524,0.4852035817035725,False,,,1,0
GO:0071772,response to BMP,,,,1.0,False,1,0
GO:0071773,cellular response to BMP stimulus,,,,1.0,False,1,0
GO:0071773,cellular response to BMP stimulus (GO:0071773),0.6238687105087963,0.8583003333187756,False,,,1,0
GO:0071774,response to fibroblast growth factor,,,,1.0,False,1,0
GO:0071786,endoplasmic reticulum tubular network organization,,,,1.0,False,1,0
GO:0071786,endoplasmic reticulum tubular network organization (GO:0071786),0.0236433505479256,0.1856712808038966,False,,,1,0
GO:0071801,regulation of podosome assembly (GO:0071801),0.048524887030151,0.2644466903812683,False,,,1,0
GO:0071805,potassium ion transmembrane transport,,,,1.0,False,1,0
GO:0071805,potassium ion transmembrane transport (GO:0071805),0.0339150330179846,0.2198099147947155,False,,,1,0
GO:0071806,protein transmembrane transport,,,,1.0,False,1,0
GO:0071816,tail-anchored membrane protein insertion into ER membrane (GO:0071816),0.9995687277764532,0.9995687277764532,False,,,1,0
GO:0071824,protein-DNA complex organization,,,,1.0,False,1,0
GO:0071826,protein-RNA complex organization,,,,1.0,False,1,0
GO:0071840,cellular component organization or biogenesis,,,,4.335475303832616e-20,True,1,1
GO:0071867,response to monoamine,,,,1.0,False,1,0
GO:0071868,cellular response to monoamine stimulus,,,,1.0,False,1,0
GO:0071869,response to catecholamine,,,,1.0,False,1,0
GO:0071870,cellular response to catecholamine stimulus,,,,1.0,False,1,0
GO:0071870,cellular response to catecholamine stimulus (GO:0071870),0.2816942781019351,0.6119509718445819,False,,,1,0
GO:0071871,response to epinephrine,,,,1.0,False,1,0
GO:0071872,cellular response to epinephrine stimulus,,,,1.0,False,1,0
GO:0071875,adrenergic receptor signaling pathway,,,,1.0,False,1,0
GO:0071875,adrenergic receptor signaling pathway (GO:0071875),0.4936664557626626,0.7801986944615747,False,,,1,0
GO:0071878,negative regulation of adenylate cyclase-activating adrenergic receptor signaling pathway,,,,1.0,False,1,0
GO:0071880,adenylate cyclase-activating adrenergic receptor signaling pathway,,,,1.0,False,1,0
GO:0071880,adenylate cyclase-activating adrenergic receptor signaling pathway (GO:0071880),0.3173178800639441,0.6450089598513076,False,,,1,0
GO:0071887,leukocyte apoptotic process,,,,1.0,False,1,0
GO:0071897,DNA biosynthetic process (GO:0071897),0.465727051838498,0.7631006590271617,False,,,1,0
GO:0071900,regulation of protein serine/threonine kinase activity (GO:0071900),0.1124556267646453,0.3993859478635767,False,,,1,0
GO:0071901,negative regulation of protein serine/threonine kinase activity (GO:0071901),0.261462000029236,0.5927496834946238,False,,,1,0
GO:0071902,positive regulation of protein serine/threonine kinase activity (GO:0071902),0.0567383449997674,0.286248935638426,False,,,1,0
GO:0071941,nitrogen cycle metabolic process,,,,1.0,False,1,0
GO:0071988,protein localization to spindle pole body,,,,1.0,False,1,0
GO:0072001,renal system development,,,,1.0,False,1,0
GO:0072001,renal system development (GO:0072001),0.5162293177505384,0.7981431848664072,False,,,1,0
GO:0072006,nephron development,,,,1.0,False,1,0
GO:0072009,nephron epithelium development,,,,1.0,False,1,0
GO:0072012,glomerulus vasculature development,,,,1.0,False,1,0
GO:0072014,proximal tubule development,,,,1.0,False,1,0
GO:0072017,distal tubule development,,,,1.0,False,1,0
GO:0072021,ascending thin limb development,,,,1.0,False,1,0
GO:0072028,nephron morphogenesis,,,,1.0,False,1,0
GO:0072044,collecting duct development,,,,1.0,False,1,0
GO:0072070,loop of Henle development,,,,1.0,False,1,0
GO:0072073,kidney epithelium development,,,,1.0,False,1,0
GO:0072075,metanephric mesenchyme development (GO:0072075),0.6680415175311616,0.8816740036591924,False,,,1,0
GO:0072078,nephron tubule morphogenesis,,,,1.0,False,1,0
GO:0072080,nephron tubule development,,,,1.0,False,1,0
GO:0072088,nephron epithelium morphogenesis,,,,1.0,False,1,0
GO:0072089,stem cell proliferation,,,,1.0,False,1,0
GO:0072091,regulation of stem cell proliferation,,,,1.0,False,1,0
GO:0072091,regulation of stem cell proliferation (GO:0072091),0.810018853791358,0.9378832191056008,False,,,1,0
GO:0072109,glomerular mesangium development,,,,1.0,False,1,0
GO:0072110,glomerular mesangial cell proliferation,,,,1.0,False,1,0
GO:0072111,cell proliferation involved in kidney development,,,,1.0,False,1,0
GO:0072112,glomerular visceral epithelial cell differentiation (GO:0072112),0.1985181999885487,0.5168912916179783,False,,,1,0
GO:0072124,regulation of glomerular mesangial cell proliferation,,,,1.0,False,1,0
GO:0072126,positive regulation of glomerular mesangial cell proliferation,,,,1.0,False,1,0
GO:0072132,mesenchyme morphogenesis (GO:0072132),0.9104079030072836,0.971357855444902,False,,,1,0
GO:0072156,distal tubule morphogenesis,,,,1.0,False,1,0
GO:0072163,mesonephric epithelium development,,,,1.0,False,1,0
GO:0072164,mesonephric tubule development,,,,1.0,False,1,0
GO:0072164,mesonephric tubule development (GO:0072164),0.0880158566462977,0.3516472368681201,False,,,1,0
GO:0072170,metanephric tubule development,,,,1.0,False,1,0
GO:0072173,metanephric tubule morphogenesis,,,,1.0,False,1,0
GO:0072175,epithelial tube formation,,,,1.0,False,1,0
GO:0072176,nephric duct development,,,,1.0,False,1,0
GO:0072177,mesonephric duct development,,,,1.0,False,1,0
GO:0072201,negative regulation of mesenchymal cell proliferation,,,,1.0,False,1,0
GO:0072202,cell differentiation involved in metanephros development (GO:0072202),0.6760429437292022,0.8842175467465048,False,,,1,0
GO:0072203,cell proliferation involved in metanephros development,,,,1.0,False,1,0
GO:0072205,metanephric collecting duct development,,,,1.0,False,1,0
GO:0072207,metanephric epithelium development,,,,1.0,False,1,0
GO:0072210,metanephric nephron development,,,,1.0,False,1,0
GO:0072218,metanephric ascending thin limb development,,,,1.0,False,1,0
GO:0072223,metanephric glomerular mesangium development,,,,1.0,False,1,0
GO:0072224,metanephric glomerulus development,,,,1.0,False,1,0
GO:0072234,metanephric nephron tubule development,,,,1.0,False,1,0
GO:0072235,metanephric distal tubule development,,,,1.0,False,1,0
GO:0072236,metanephric loop of Henle development,,,,1.0,False,1,0
GO:0072237,metanephric proximal tubule development,,,,1.0,False,1,0
GO:0072239,metanephric glomerulus vasculature development,,,,1.0,False,1,0
GO:0072243,metanephric nephron epithelium development,,,,1.0,False,1,0
GO:0072262,metanephric glomerular mesangial cell proliferation involved in metanephros development,,,,1.0,False,1,0
GO:0072273,metanephric nephron morphogenesis,,,,1.0,False,1,0
GO:0072282,metanephric nephron tubule morphogenesis,,,,1.0,False,1,0
GO:0072287,metanephric distal tubule morphogenesis,,,,1.0,False,1,0
GO:0072301,regulation of metanephric glomerular mesangial cell proliferation,,,,1.0,False,1,0
GO:0072303,positive regulation of glomerular metanephric mesangial cell proliferation,,,,1.0,False,1,0
GO:0072318,clathrin coat disassembly,,,,1.0,False,1,0
GO:0072319,vesicle uncoating,,,,1.0,False,1,0
GO:0072329,monocarboxylic acid catabolic process,,,,1.0,False,1,0
GO:0072329,monocarboxylic acid catabolic process (GO:0072329),0.2748591829097129,0.6061284190561285,False,,,1,0
GO:0072330,monocarboxylic acid biosynthetic process,,,,1.0,False,1,0
GO:0072330,monocarboxylic acid biosynthetic process (GO:0072330),0.4721660621982099,0.7666634734237201,False,,,1,0
GO:0072331,signal transduction by p53 class mediator,,,,1.0,False,1,0
GO:0072331,signal transduction by p53 class mediator (GO:0072331),0.0019611334534019,0.0576354598194295,False,,,1,0
GO:0072332,intrinsic apoptotic signaling pathway by p53 class mediator,,,,1.0,False,1,0
GO:0072332,intrinsic apoptotic signaling pathway by p53 class mediator (GO:0072332),0.0346652180575318,0.2209834825079302,False,,,1,0
GO:0072337,modified amino acid transport,,,,1.0,False,1,0
GO:0072337,modified amino acid transport (GO:0072337),0.2514015658268368,0.583220880233145,False,,,1,0
GO:0072344,rescue of stalled cytosolic ribosome,,,,1.0,False,1,0
GO:0072347,response to anesthetic,,,,1.0,False,1,0
GO:0072348,sulfur compound transport,,,,1.0,False,1,0
GO:0072348,sulfur compound transport (GO:0072348),0.3070840105304616,0.6337158062796742,False,,,1,0
GO:0072350,tricarboxylic acid metabolic process (GO:0072350),0.0078101313518279,0.1097178822869751,False,,,1,0
GO:0072359,circulatory system development,,,,0.1123643209287037,False,1,0
GO:0072359,circulatory system development (GO:0072359),0.0091113479362461,0.1149669675729443,False,,,1,0
GO:0072384,organelle transport along microtubule,,,,1.0,False,1,0
GO:0072384,organelle transport along microtubule (GO:0072384),0.14320160271661,0.4535930840273117,False,,,1,0
GO:0072393,microtubule anchoring at microtubule organizing center (GO:0072393),0.9860230549100504,0.9967019476166986,False,,,1,0
GO:0072488,ammonium transmembrane transport,,,,1.0,False,1,0
GO:0072503,cellular divalent inorganic cation homeostasis (GO:0072503),0.2223940437743671,0.550575629392445,False,,,1,0
GO:0072507,divalent inorganic cation homeostasis (GO:0072507),0.5481176387052911,0.8197989761865808,False,,,1,0
GO:0072521,purine-containing compound metabolic process,,,,1.0,False,1,0
GO:0072522,purine-containing compound biosynthetic process,,,,1.0,False,1,0
GO:0072522,purine-containing compound biosynthetic process (GO:0072522),0.0125874158029348,0.1344903327902301,False,,,1,0
GO:0072523,purine-containing compound catabolic process,,,,1.0,False,1,0
GO:0072523,purine-containing compound catabolic process (GO:0072523),0.2416600736164807,0.571759048367539,False,,,1,0
GO:0072524,pyridine-containing compound metabolic process,,,,1.0,False,1,0
GO:0072526,pyridine-containing compound catabolic process,,,,1.0,False,1,0
GO:0072527,pyrimidine-containing compound metabolic process (GO:0072527),0.9215198867596828,0.9752451304329957,False,,,1,0
GO:0072529,pyrimidine-containing compound catabolic process (GO:0072529),0.7645887603376785,0.9238882344570928,False,,,1,0
GO:0072530,purine-containing compound transmembrane transport,,,,1.0,False,1,0
GO:0072574,hepatocyte proliferation,,,,1.0,False,1,0
GO:0072577,endothelial cell apoptotic process,,,,1.0,False,1,0
GO:0072578,neurotransmitter-gated ion channel clustering,,,,1.0,False,1,0
GO:0072583,clathrin-dependent endocytosis (GO:0072583),0.7389247496573879,0.9102765753330536,False,,,1,0
GO:0072593,reactive oxygen species metabolic process,,,,1.0,False,1,0
GO:0072594,establishment of protein localization to organelle,,,,1.0,False,1,0
GO:0072594,establishment of protein localization to organelle (GO:0072594),0.634529944843969,0.8649365061832861,False,,,1,0
GO:0072595,maintenance of protein localization in organelle,,,,1.0,False,1,0
GO:0072595,maintenance of protein localization in organelle (GO:0072595),0.9069277061028106,0.9690075462670312,False,,,1,0
GO:0072599,establishment of protein localization to endoplasmic reticulum,,,,1.0,False,1,0
GO:0072599,establishment of protein localization to endoplasmic reticulum (GO:0072599),0.0404640087345429,0.2401877701566846,False,,,1,0
GO:0072655,establishment of protein localization to mitochondrion (GO:0072655),0.3125419021449996,0.6387238334245602,False,,,1,0
GO:0072657,protein localization to membrane,,,,0.8685298796511692,False,1,0
GO:0072657,protein localization to membrane (GO:0072657),0.3236302975437002,0.6494866235890238,False,,,1,0
GO:0072659,protein localization to plasma membrane,,,,1.0,False,1,0
GO:0072659,protein localization to plasma membrane (GO:0072659),0.8474724385024904,0.9481010610292244,False,,,1,0
GO:0072665,protein localization to vacuole,,,,1.0,False,1,0
GO:0072665,protein localization to vacuole (GO:0072665),0.6552370829295686,0.8769633929258481,False,,,1,0
GO:0072666,establishment of protein localization to vacuole,,,,1.0,False,1,0
GO:0072676,lymphocyte migration,,,,1.0,False,1,0
GO:0072676,lymphocyte migration (GO:0072676),0.0179827849523422,0.1601143270521926,False,,,1,0
GO:0072677,eosinophil migration (GO:0072677),0.9200800708843528,0.9747251428303044,False,,,1,0
GO:0072678,T cell migration,,,,1.0,False,1,0
GO:0072678,T cell migration (GO:0072678),0.0846601788014681,0.3456577590893095,False,,,1,0
GO:0072695,regulation of DNA recombination at telomere (GO:0072695),0.7903439670427267,0.9332007274070524,False,,,1,0
GO:0072697,protein localization to cell cortex,,,,1.0,False,1,0
GO:0072698,protein localization to microtubule cytoskeleton,,,,1.0,False,1,0
GO:0072710,response to hydroxyurea (GO:0072710),0.4901754649704226,0.778962795513251,False,,,1,0
GO:0072711,cellular response to hydroxyurea (GO:0072711),0.3699416337692707,0.6827353785594293,False,,,1,0
GO:0075522,IRES-dependent viral translational initiation,,,,1.0,False,1,0
GO:0080009,mRNA methylation (GO:0080009),0.7026048129693481,0.8942645663663249,False,,,1,0
GO:0080090,regulation of primary metabolic process,,,,5.973431502373291e-06,True,1,1
GO:0080090,regulation of primary metabolic process (GO:0080090),0.0048120075975547,0.0865021081399293,False,,,1,0
GO:0080134,regulation of response to stress,,,,0.3777480987397898,False,1,0
GO:0080134,regulation of response to stress (GO:0080134),0.0481045066745076,0.2629112302830078,False,,,1,0
GO:0080135,regulation of cellular response to stress,,,,0.859793023853808,False,1,0
GO:0080135,regulation of cellular response to stress (GO:0080135),0.0004058670100662,0.0219921938454485,True,,,1,1
GO:0080154,regulation of fertilization,,,,1.0,False,1,0
GO:0080164,regulation of nitric oxide metabolic process,,,,1.0,False,1,0
GO:0080171,lytic vacuole organization (GO:0080171),0.9693842855513256,0.9932130186645538,False,,,1,0
GO:0080182,histone H3-K4 trimethylation (GO:0080182),0.0039109307487006,0.078487620792707,False,,,1,0
GO:0085029,extracellular matrix assembly (GO:0085029),0.6403146235719928,0.868638543350704,False,,,1,0
GO:0086001,cardiac muscle cell action potential,,,,1.0,False,1,0
GO:0086001,cardiac muscle cell action potential (GO:0086001),0.5338529307757692,0.8096378114484177,False,,,1,0
GO:0086002,cardiac muscle cell action potential involved in contraction,,,,1.0,False,1,0
GO:0086002,cardiac muscle cell action potential involved in contraction (GO:0086002),0.0478746320824272,0.2620324379345546,False,,,1,0
GO:0086003,cardiac muscle cell contraction,,,,1.0,False,1,0
GO:0086003,cardiac muscle cell contraction (GO:0086003),0.5099835902191394,0.7934240187453633,False,,,1,0
GO:0086004,regulation of cardiac muscle cell contraction,,,,1.0,False,1,0
GO:0086004,regulation of cardiac muscle cell contraction (GO:0086004),0.788776515892311,0.9326151261781596,False,,,1,0
GO:0086005,ventricular cardiac muscle cell action potential,,,,1.0,False,1,0
GO:0086005,ventricular cardiac muscle cell action potential (GO:0086005),0.1481339725971894,0.4605509492304421,False,,,1,0
GO:0086009,membrane repolarization (GO:0086009),0.6889674230180984,0.8875848734087785,False,,,1,0
GO:0086010,membrane depolarization during action potential,,,,1.0,False,1,0
GO:0086010,membrane depolarization during action potential (GO:0086010),0.5320194224655912,0.8089285506237909,False,,,1,0
GO:0086011,membrane repolarization during action potential (GO:0086011),0.8596387421097084,0.9528267849547202,False,,,1,0
GO:0086012,membrane depolarization during cardiac muscle cell action potential,,,,1.0,False,1,0
GO:0086012,membrane depolarization during cardiac muscle cell action potential (GO:0086012),0.2480069761033387,0.5800575966423529,False,,,1,0
GO:0086013,membrane repolarization during cardiac muscle cell action potential (GO:0086013),0.9365185685607826,0.9801917578783246,False,,,1,0
GO:0086014,atrial cardiac muscle cell action potential,,,,1.0,False,1,0
GO:0086014,atrial cardiac muscle cell action potential (GO:0086014),0.9492203189016756,0.986408950573714,False,,,1,0
GO:0086015,SA node cell action potential,,,,1.0,False,1,0
GO:0086016,AV node cell action potential,,,,1.0,False,1,0
GO:0086018,SA node cell to atrial cardiac muscle cell signaling,,,,1.0,False,1,0
GO:0086026,atrial cardiac muscle cell to AV node cell signaling,,,,1.0,False,1,0
GO:0086027,AV node cell to bundle of His cell signaling,,,,1.0,False,1,0
GO:0086029,Purkinje myocyte to ventricular cardiac muscle cell signaling,,,,1.0,False,1,0
GO:0086045,membrane depolarization during AV node cell action potential,,,,1.0,False,1,0
GO:0086046,membrane depolarization during SA node cell action potential,,,,1.0,False,1,0
GO:0086064,cell communication by electrical coupling involved in cardiac conduction (GO:0086064),0.2537546618889162,0.5868850198443045,False,,,1,0
GO:0086065,cell communication involved in cardiac conduction,,,,1.0,False,1,0
GO:0086066,atrial cardiac muscle cell to AV node cell communication,,,,1.0,False,1,0
GO:0086067,AV node cell to bundle of His cell communication,,,,1.0,False,1,0
GO:0086068,Purkinje myocyte to ventricular cardiac muscle cell communication,,,,1.0,False,1,0
GO:0086070,SA node cell to atrial cardiac muscle cell communication,,,,1.0,False,1,0
GO:0086091,regulation of heart rate by cardiac conduction,,,,1.0,False,1,0
GO:0086091,regulation of heart rate by cardiac conduction (GO:0086091),0.7840754714722569,0.9301702444984524,False,,,1,0
GO:0086100,endothelin receptor signaling pathway,,,,1.0,False,1,0
GO:0086101,endothelin receptor signaling pathway involved in heart process,,,,1.0,False,1,0
GO:0086103,G protein-coupled receptor signaling pathway involved in heart process,,,,1.0,False,1,0
GO:0089718,amino acid import across plasma membrane,,,,1.0,False,1,0
GO:0089718,amino acid import across plasma membrane (GO:0089718),0.6217973971068469,0.8563571203342137,False,,,1,0
GO:0090022,regulation of neutrophil chemotaxis (GO:0090022),0.8654396707666775,0.9561936123559592,False,,,1,0
GO:0090023,positive regulation of neutrophil chemotaxis (GO:0090023),0.904029410621908,0.9688574613736848,False,,,1,0
GO:0090025,regulation of monocyte chemotaxis (GO:0090025),0.0107141760511039,0.124698735778327,False,,,1,0
GO:0090026,positive regulation of monocyte chemotaxis (GO:0090026),0.0337186411369634,0.2198099147947155,False,,,1,0
GO:0090036,regulation of protein kinase C signaling (GO:0090036),0.0083759870265206,0.1118141425305107,False,,,1,0
GO:0090049,regulation of cell migration involved in sprouting angiogenesis,,,,1.0,False,1,0
GO:0090049,regulation of cell migration involved in sprouting angiogenesis (GO:0090049),0.1243653548162176,0.4223077804994748,False,,,1,0
GO:0090050,positive regulation of cell migration involved in sprouting angiogenesis,,,,1.0,False,1,0
GO:0090050,positive regulation of cell migration involved in sprouting angiogenesis (GO:0090050),0.1513716855652938,0.4651933522582716,False,,,1,0
GO:0090051,negative regulation of cell migration involved in sprouting angiogenesis,,,,1.0,False,1,0
GO:0090051,negative regulation of cell migration involved in sprouting angiogenesis (GO:0090051),0.4864575208045233,0.7757444188669227,False,,,1,0
GO:0090063,positive regulation of microtubule nucleation,,,,1.0,False,1,0
GO:0090066,regulation of anatomical structure size,,,,1.0,False,1,0
GO:0090068,positive regulation of cell cycle process,,,,1.0,False,1,0
GO:0090068,positive regulation of cell cycle process (GO:0090068),0.3321364504724945,0.6542554183042933,False,,,1,0
GO:0090075,relaxation of muscle (GO:0090075),0.141301226009928,0.4518267280053304,False,,,1,0
GO:0090083,regulation of inclusion body assembly (GO:0090083),0.001813277980164,0.0571574600085362,False,,,1,0
GO:0090084,negative regulation of inclusion body assembly (GO:0090084),0.0007422089016592,0.0335142662380168,True,,,1,1
GO:0090087,regulation of peptide transport,,,,1.0,False,1,0
GO:0090090,negative regulation of canonical Wnt signaling pathway,,,,1.0,False,1,0
GO:0090090,negative regulation of canonical Wnt signaling pathway (GO:0090090),0.3459726932883773,0.6644427471609191,False,,,1,0
GO:0090092,regulation of transmembrane receptor protein serine/threonine kinase signaling pathway,,,,1.0,False,1,0
GO:0090092,regulation of transmembrane receptor protein serine/threonine kinase signaling pathway (GO:0090092),0.6750581600996564,0.8839064112442523,False,,,1,0
GO:0090100,positive regulation of transmembrane receptor protein serine/threonine kinase signaling pathway,,,,1.0,False,1,0
GO:0090100,positive regulation of transmembrane receptor protein serine/threonine kinase signaling pathway (GO:0090100),0.5573989587885795,0.8252202383626392,False,,,1,0
GO:0090101,negative regulation of transmembrane receptor protein serine/threonine kinase signaling pathway,,,,1.0,False,1,0
GO:0090101,negative regulation of transmembrane receptor protein serine/threonine kinase signaling pathway (GO:0090101),0.0538420421840653,0.2782327874716076,False,,,1,0
GO:0090102,cochlea development,,,,1.0,False,1,0
GO:0090103,cochlea morphogenesis (GO:0090103),0.3684999127544973,0.6814673249203747,False,,,1,0
GO:0090109,regulation of cell-substrate junction assembly,,,,1.0,False,1,0
GO:0090109,regulation of cell-substrate junction assembly (GO:0090109),0.3735087266068327,0.687060426779688,False,,,1,0
GO:0090110,COPII-coated vesicle cargo loading (GO:0090110),0.983521813711648,0.9961851751432989,False,,,1,0
GO:0090114,COPII-coated vesicle budding (GO:0090114),0.0066048873970548,0.1026735159714299,False,,,1,0
GO:0090118,receptor-mediated endocytosis involved in cholesterol transport,,,,1.0,False,1,0
GO:0090128,regulation of synapse maturation,,,,1.0,False,1,0
GO:0090128,regulation of synapse maturation (GO:0090128),0.3062579268875047,0.633585858876405,False,,,1,0
GO:0090130,tissue migration,,,,1.0,False,1,0
GO:0090132,epithelium migration,,,,1.0,False,1,0
GO:0090136,epithelial cell-cell adhesion (GO:0090136),0.9185594086314444,0.9747251428303044,False,,,1,0
GO:0090140,regulation of mitochondrial fission (GO:0090140),0.1514668573791103,0.4651933522582716,False,,,1,0
GO:0090141,positive regulation of mitochondrial fission (GO:0090141),0.6188680142345384,0.8547903503113498,False,,,1,0
GO:0090150,establishment of protein localization to membrane,,,,1.0,False,1,0
GO:0090150,establishment of protein localization to membrane (GO:0090150),0.557325181544782,0.8252202383626392,False,,,1,0
GO:0090153,regulation of sphingolipid biosynthetic process,,,,1.0,False,1,0
GO:0090154,positive regulation of sphingolipid biosynthetic process (GO:0090154),0.0224616575364617,0.1812703553953179,False,,,1,0
GO:0090155,negative regulation of sphingolipid biosynthetic process,,,,1.0,False,1,0
GO:0090156,intracellular sphingolipid homeostasis,,,,1.0,False,1,0
GO:0090158,endoplasmic reticulum membrane organization,,,,1.0,False,1,0
GO:0090158,endoplasmic reticulum membrane organization (GO:0090158),0.0161911486259343,0.1531496926138876,False,,,1,0
GO:0090160,Golgi to lysosome transport (GO:0090160),0.9318778080912268,0.9785992916448376,False,,,1,0
GO:0090161,Golgi ribbon formation (GO:0090161),0.2649287219703479,0.5958925842611404,False,,,1,0
GO:0090162,establishment of epithelial cell polarity,,,,1.0,False,1,0
GO:0090162,establishment of epithelial cell polarity (GO:0090162),0.0913558121033495,0.3583083390500298,False,,,1,0
GO:0090169,regulation of spindle assembly,,,,1.0,False,1,0
GO:0090169,regulation of spindle assembly (GO:0090169),0.1860854051603028,0.5030805001946034,False,,,1,0
GO:0090175,regulation of establishment of planar polarity (GO:0090175),0.0126645598833642,0.1345565143910386,False,,,1,0
GO:0090181,regulation of cholesterol metabolic process (GO:0090181),0.5802607137558378,0.8359015903060739,False,,,1,0
GO:0090189,regulation of branching involved in ureteric bud morphogenesis (GO:0090189),0.9809734914504858,0.9955985449682774,False,,,1,0
GO:0090190,positive regulation of branching involved in ureteric bud morphogenesis (GO:0090190),0.6316042953028257,0.8629953501742139,False,,,1,0
GO:0090199,regulation of release of cytochrome c from mitochondria,,,,1.0,False,1,0
GO:0090199,regulation of release of cytochrome c from mitochondria (GO:0090199),0.1442907739163826,0.4546305106179801,False,,,1,0
GO:0090200,positive regulation of release of cytochrome c from mitochondria,,,,1.0,False,1,0
GO:0090200,positive regulation of release of cytochrome c from mitochondria (GO:0090200),0.3172007959008397,0.6450089598513076,False,,,1,0
GO:0090201,negative regulation of release of cytochrome c from mitochondria (GO:0090201),0.3523148940424233,0.6688536034495753,False,,,1,0
GO:0090208,positive regulation of triglyceride metabolic process (GO:0090208),0.2835110807872395,0.6130954500179048,False,,,1,0
GO:0090218,positive regulation of lipid kinase activity (GO:0090218),0.4358114475995899,0.7412703232041455,False,,,1,0
GO:0090224,regulation of spindle organization,,,,1.0,False,1,0
GO:0090224,regulation of spindle organization (GO:0090224),0.1525101740444558,0.4658147940071011,False,,,1,0
GO:0090235,regulation of metaphase plate congression,,,,1.0,False,1,0
GO:0090257,regulation of muscle system process,,,,1.0,False,1,0
GO:0090257,regulation of muscle system process (GO:0090257),0.2044081547744332,0.524110120982228,False,,,1,0
GO:0090263,positive regulation of canonical Wnt signaling pathway,,,,1.0,False,1,0
GO:0090263,positive regulation of canonical Wnt signaling pathway (GO:0090263),0.1605646987927909,0.4751364856629042,False,,,1,0
GO:0090266,regulation of mitotic cell cycle spindle assembly checkpoint (GO:0090266),0.9679091565504472,0.9925059288445108,False,,,1,0
GO:0090276,regulation of peptide hormone secretion,,,,1.0,False,1,0
GO:0090276,regulation of peptide hormone secretion (GO:0090276),0.0128092176080623,0.1357133027580464,False,,,1,0
GO:0090277,positive regulation of peptide hormone secretion,,,,1.0,False,1,0
GO:0090277,positive regulation of peptide hormone secretion (GO:0090277),0.1572791369956277,0.4727411226183108,False,,,1,0
GO:0090278,negative regulation of peptide hormone secretion,,,,1.0,False,1,0
GO:0090278,negative regulation of peptide hormone secretion (GO:0090278),0.8534021459015013,0.950997398680322,False,,,1,0
GO:0090279,regulation of calcium ion import,,,,1.0,False,1,0
GO:0090279,regulation of calcium ion import (GO:0090279),0.2681428410694676,0.599062527243771,False,,,1,0
GO:0090280,positive regulation of calcium ion import (GO:0090280),0.3573206634213379,0.6743437799703208,False,,,1,0
GO:0090287,regulation of cellular response to growth factor stimulus,,,,1.0,False,1,0
GO:0090287,regulation of cellular response to growth factor stimulus (GO:0090287),0.0947539992583123,0.364135683066645,False,,,1,0
GO:0090288,negative regulation of cellular response to growth factor stimulus,,,,1.0,False,1,0
GO:0090288,negative regulation of cellular response to growth factor stimulus (GO:0090288),0.1329652588892641,0.4393181419572987,False,,,1,0
GO:0090303,positive regulation of wound healing,,,,1.0,False,1,0
GO:0090303,positive regulation of wound healing (GO:0090303),0.7467740206134562,0.91457800103178,False,,,1,0
GO:0090304,nucleic acid metabolic process,,,,1.0,False,1,0
GO:0090304,nucleic acid metabolic process (GO:0090304),0.4678005229088767,0.7636003501811702,False,,,1,0
GO:0090305,nucleic acid phosphodiester bond hydrolysis (GO:0090305),0.4990500283070708,0.7851977674515281,False,,,1,0
GO:0090307,mitotic spindle assembly (GO:0090307),0.771445124631519,0.9251243330848252,False,,,1,0
GO:0090308,regulation of DNA methylation-dependent heterochromatin assembly (GO:0090308),0.1343056217155393,0.4424952181871472,False,,,1,0
GO:0090310,negative regulation of DNA methylation-dependent heterochromatin formation,,,,1.0,False,1,0
GO:0090312,positive regulation of protein deacetylation (GO:0090312),0.2359188878240751,0.5645246635397326,False,,,1,0
GO:0090313,regulation of protein targeting to membrane,,,,1.0,False,1,0
GO:0090313,regulation of protein targeting to membrane (GO:0090313),0.029203743123712,0.2078232601655529,False,,,1,0
GO:0090314,positive regulation of protein targeting to membrane,,,,1.0,False,1,0
GO:0090314,positive regulation of protein targeting to membrane (GO:0090314),0.0916903844259667,0.3589077689656264,False,,,1,0
GO:0090315,negative regulation of protein targeting to membrane,,,,1.0,False,1,0
GO:0090316,positive regulation of intracellular protein transport,,,,1.0,False,1,0
GO:0090316,positive regulation of intracellular protein transport (GO:0090316),0.95884609624411,0.9908625299218164,False,,,1,0
GO:0090317,negative regulation of intracellular protein transport (GO:0090317),0.8200959832407477,0.941187311477203,False,,,1,0
GO:0090329,regulation of DNA-dependent DNA replication (GO:0090329),0.2792506436073845,0.6104885828258267,False,,,1,0
GO:0090330,regulation of platelet aggregation (GO:0090330),0.100454846779814,0.3795072050157717,False,,,1,0
GO:0090335,regulation of brown fat cell differentiation (GO:0090335),0.8019561301849999,0.9362325644172682,False,,,1,0
GO:0090336,positive regulation of brown fat cell differentiation (GO:0090336),0.7253338006068552,0.9023257152186952,False,,,1,0
GO:0090342,regulation of cell aging (GO:0090342),0.717660456323405,0.9000010291051286,False,,,1,0
GO:0090343,positive regulation of cell aging (GO:0090343),0.3885066215912433,0.6995508709988624,False,,,1,0
GO:0090344,negative regulation of cell aging (GO:0090344),0.5564434545069481,0.8252202383626392,False,,,1,0
GO:0090370,negative regulation of cholesterol efflux,,,,1.0,False,1,0
GO:0090382,phagosome maturation,,,,1.0,False,1,0
GO:0090382,phagosome maturation (GO:0090382),0.1167025059899886,0.4072241078381111,False,,,1,0
GO:0090383,phagosome acidification (GO:0090383),0.0620577202069144,0.2968284145584193,False,,,1,0
GO:0090398,cellular senescence,,,,1.0,False,1,0
GO:0090398,cellular senescence (GO:0090398),0.0504441975398564,0.2719464283959616,False,,,1,0
GO:0090399,replicative senescence (GO:0090399),0.2113737530787374,0.5348503305054376,False,,,1,0
GO:0090407,organophosphate biosynthetic process,,,,1.0,False,1,0
GO:0090407,organophosphate biosynthetic process (GO:0090407),0.2282102532385546,0.5562991584407696,False,,,1,0
GO:0090497,mesenchymal cell migration,,,,1.0,False,1,0
GO:0090501,RNA phosphodiester bond hydrolysis (GO:0090501),0.5749220698978583,0.832002827593505,False,,,1,0
GO:0090502,"RNA phosphodiester bond hydrolysis, endonucleolytic (GO:0090502)",0.2605536394098772,0.5925142568353267,False,,,1,0
GO:0090505,epiboly involved in wound healing (GO:0090505),0.7797076489821541,0.9276760077130836,False,,,1,0
GO:0090521,podocyte cell migration,,,,1.0,False,1,0
GO:0090557,establishment of endothelial intestinal barrier,,,,1.0,False,1,0
GO:0090557,establishment of endothelial intestinal barrier (GO:0090557),0.085167571271075,0.3462385828844453,False,,,1,0
GO:0090559,regulation of membrane permeability,,,,1.0,False,1,0
GO:0090594,inflammatory response to wounding,,,,1.0,False,1,0
GO:0090596,sensory organ morphogenesis,,,,1.0,False,1,0
GO:0090625,siRNA-mediated gene silencing by mRNA destabilization,,,,1.0,False,1,0
GO:0090630,activation of GTPase activity,,,,1.0,False,1,0
GO:0090630,activation of GTPase activity (GO:0090630),0.0002976713255602,0.0171070808765161,True,,,1,1
GO:0090656,t-circle formation (GO:0090656),0.3276417261787501,0.6533885738149311,False,,,1,0
GO:0090659,walking behavior,,,,1.0,False,1,0
GO:0090737,telomere maintenance via telomere trimming (GO:0090737),0.3276417261787501,0.6533885738149311,False,,,1,0
GO:0095500,acetylcholine receptor signaling pathway,,,,1.0,False,1,0
GO:0095500,acetylcholine receptor signaling pathway (GO:0095500),0.718345324181475,0.9000907550095953,False,,,1,0
GO:0097006,regulation of plasma lipoprotein particle levels,,,,1.0,False,1,0
GO:0097009,energy homeostasis,,,,1.0,False,1,0
GO:0097028,dendritic cell differentiation (GO:0097028),0.4783382071670955,0.7700254919277794,False,,,1,0
GO:0097035,regulation of membrane lipid distribution,,,,1.0,False,1,0
GO:0097048,dendritic cell apoptotic process,,,,1.0,False,1,0
GO:0097049,motor neuron apoptotic process,,,,1.0,False,1,0
GO:0097050,type B pancreatic cell apoptotic process,,,,1.0,False,1,0
GO:0097061,dendritic spine organization,,,,6.140437929610812e-05,True,1,1
GO:0097061,dendritic spine organization (GO:0097061),0.2325002283905781,0.5612055276276591,False,,,1,0
GO:0097062,dendritic spine maintenance,,,,1.0,False,1,0
GO:0097064,ncRNA export from nucleus (GO:0097064),0.7592411190217698,0.9224220257686012,False,,,1,0
GO:0097066,response to thyroid hormone (GO:0097066),0.7490171336746598,0.916074402711335,False,,,1,0
GO:0097067,cellular response to thyroid hormone stimulus (GO:0097067),0.9201703231508492,0.9747251428303044,False,,,1,0
GO:0097090,presynaptic membrane organization,,,,1.0,False,1,0
GO:0097091,synaptic vesicle clustering,,,,1.0,False,1,0
GO:0097106,postsynaptic density organization,,,,0.0010018334359507,True,1,1
GO:0097107,postsynaptic density assembly,,,,1.0,False,1,0
GO:0097112,gamma-aminobutyric acid receptor clustering,,,,1.0,False,1,0
GO:0097113,AMPA glutamate receptor clustering,,,,1.0,False,1,0
GO:0097114,NMDA glutamate receptor clustering,,,,1.0,False,1,0
GO:0097117,guanylate kinase-associated protein clustering,,,,1.0,False,1,0
GO:0097119,postsynaptic density protein 95 clustering,,,,1.0,False,1,0
GO:0097120,receptor localization to synapse,,,,1.0,False,1,0
GO:0097154,GABAergic neuron differentiation,,,,1.0,False,1,0
GO:0097178,ruffle assembly,,,,1.0,False,1,0
GO:0097190,apoptotic signaling pathway,,,,1.0,False,1,0
GO:0097191,extrinsic apoptotic signaling pathway,,,,1.0,False,1,0
GO:0097191,extrinsic apoptotic signaling pathway (GO:0097191),0.0194310197227322,0.1675042222916442,False,,,1,0
GO:0097192,extrinsic apoptotic signaling pathway in absence of ligand,,,,1.0,False,1,0
GO:0097192,extrinsic apoptotic signaling pathway in absence of ligand (GO:0097192),0.3062677377992925,0.633585858876405,False,,,1,0
GO:0097193,intrinsic apoptotic signaling pathway,,,,1.0,False,1,0
GO:0097193,intrinsic apoptotic signaling pathway (GO:0097193),0.1753597877812404,0.4925305407694151,False,,,1,0
GO:0097194,execution phase of apoptosis,,,,1.0,False,1,0
GO:0097201,negative regulation of transcription from RNA polymerase II promoter in response to stress (GO:0097201),0.0067431062387344,0.1034465171065725,False,,,1,0
GO:0097202,activation of cysteine-type endopeptidase activity (GO:0097202),0.1793771087100902,0.4944603003905322,False,,,1,0
GO:0097205,renal filtration,,,,1.0,False,1,0
GO:0097205,renal filtration (GO:0097205),0.9862116232109804,0.9967019476166986,False,,,1,0
GO:0097213,regulation of lysosomal membrane permeability,,,,1.0,False,1,0
GO:0097214,positive regulation of lysosomal membrane permeability,,,,1.0,False,1,0
GO:0097254,renal tubular secretion,,,,1.0,False,1,0
GO:0097300,programmed necrotic cell death,,,,1.0,False,1,0
GO:0097300,programmed necrotic cell death (GO:0097300),0.9527482721097636,0.9884502724596098,False,,,1,0
GO:0097305,response to alcohol,,,,1.0,False,1,0
GO:0097305,response to alcohol (GO:0097305),0.7002577791109237,0.8932100249826661,False,,,1,0
GO:0097306,cellular response to alcohol,,,,1.0,False,1,0
GO:0097306,cellular response to alcohol (GO:0097306),0.0562476667666981,0.2859884719116434,False,,,1,0
GO:0097320,plasma membrane tubulation,,,,1.0,False,1,0
GO:0097320,plasma membrane tubulation (GO:0097320),0.0333997720167695,0.2194426190447227,False,,,1,0
GO:0097345,mitochondrial outer membrane permeabilization (GO:0097345),0.1817102186830156,0.4976367216351468,False,,,1,0
GO:0097350,neutrophil clearance,,,,1.0,False,1,0
GO:0097352,autophagosome maturation (GO:0097352),0.1235449239745809,0.420958282759785,False,,,1,0
GO:0097396,response to interleukin-17,,,,1.0,False,1,0
GO:0097428,protein maturation by iron-sulfur cluster transfer (GO:0097428),0.5991289326847008,0.8464951426314902,False,,,1,0
GO:0097435,supramolecular fiber organization,,,,1.4493587344253112e-08,True,1,1
GO:0097435,supramolecular fiber organization (GO:0097435),0.0001711313478331,0.0110017152937492,True,,,1,1
GO:0097468,programmed cell death in response to reactive oxygen species,,,,1.0,False,1,0
GO:0097475,motor neuron migration,,,,1.0,False,1,0
GO:0097479,synaptic vesicle localization,,,,1.0,False,1,0
GO:0097479,synaptic vesicle localization (GO:0097479),0.1409306616015458,0.4518267280053304,False,,,1,0
GO:0097484,dendrite extension,,,,1.0,False,1,0
GO:0097485,neuron projection guidance,,,,1.0,False,1,0
GO:0097499,protein localization to non-motile cilium,,,,1.0,False,1,0
GO:0097500,receptor localization to non-motile cilium,,,,1.0,False,1,0
GO:0097529,myeloid leukocyte migration,,,,1.0,False,1,0
GO:0097530,granulocyte migration,,,,1.0,False,1,0
GO:0097553,calcium ion transmembrane import into cytosol,,,,1.0,False,1,0
GO:0097553,calcium ion transmembrane import into cytosol (GO:0097553),0.3755224644999366,0.6874308435561098,False,,,1,0
GO:0097581,lamellipodium organization,,,,1.0,False,1,0
GO:0097581,lamellipodium organization (GO:0097581),0.6241133135893981,0.8583255251793283,False,,,1,0
GO:0097623,potassium ion export across plasma membrane,,,,1.0,False,1,0
GO:0097623,potassium ion export across plasma membrane (GO:0097623),0.9053929604306584,0.9688574613736848,False,,,1,0
GO:0097659,nucleic acid-templated transcription (GO:0097659),0.7094537248816173,0.896835696203672,False,,,1,0
GO:0097688,glutamate receptor clustering,,,,1.0,False,1,0
GO:0097696,cell surface receptor signaling pathway via STAT,,,,1.0,False,1,0
GO:0097696,receptor signaling pathway via STAT (GO:0097696),0.6104423121318884,0.8504895159687053,False,,,1,0
GO:0097711,ciliary basal body-plasma membrane docking (GO:0097711),0.714477314014539,0.8984475223005142,False,,,1,0
GO:0097720,calcineurin-mediated signaling,,,,1.0,False,1,0
GO:0097720,calcineurin-mediated signaling (GO:0097720),0.7287406978480099,0.9041915168261372,False,,,1,0
GO:0097722,sperm motility,,,,1.0,False,1,0
GO:0097746,blood vessel diameter maintenance,,,,1.0,False,1,0
GO:0097746,blood vessel diameter maintenance (GO:0097746),0.7304190028205603,0.905089603952429,False,,,1,0
GO:0098534,centriole assembly,,,,1.0,False,1,0
GO:0098542,defense response to other organism,,,,1.0,False,1,0
GO:0098581,detection of external biotic stimulus,,,,1.0,False,1,0
GO:0098586,cellular response to virus,,,,1.0,False,1,0
GO:0098586,cellular response to virus (GO:0098586),0.6729796880019606,0.8831359991106892,False,,,1,0
GO:0098609,cell-cell adhesion,,,,0.8201964179991525,False,1,0
GO:0098655,cation transmembrane transport (GO:0098655),0.5958802718970955,0.8439782939901729,False,,,1,0
GO:0098655,monoatomic cation transmembrane transport,,,,0.0018572340851454,True,1,1
GO:0098656,anion transmembrane transport (GO:0098656),0.237372050182822,0.565546415244642,False,,,1,0
GO:0098656,monoatomic anion transmembrane transport,,,,0.0675110837848073,False,1,0
GO:0098657,import into cell,,,,0.0212641347841111,True,1,1
GO:0098657,import into cell (GO:0098657),0.0748333139442561,0.3270077877771468,False,,,1,0
GO:0098659,inorganic cation import across plasma membrane (GO:0098659),0.97741652229474,0.9947252130571368,False,,,1,0
GO:0098660,inorganic ion transmembrane transport (GO:0098660),0.1043973719871717,0.3862262053109351,False,,,1,0
GO:0098661,inorganic anion transmembrane transport (GO:0098661),0.0024037307691999,0.0624476082710638,False,,,1,0
GO:0098662,inorganic cation transmembrane transport (GO:0098662),0.6521344414107109,0.875170836201874,False,,,1,0
GO:0098693,regulation of synaptic vesicle cycle,,,,1.0,False,1,0
GO:0098696,regulation of neurotransmitter receptor localization to postsynaptic specialization membrane,,,,1.0,False,1,0
GO:0098698,postsynaptic specialization assembly,,,,1.0,False,1,0
GO:0098703,calcium ion import across plasma membrane (GO:0098703),0.7879425209644544,0.932501086433128,False,,,1,0
GO:0098704,carbohydrate import across plasma membrane,,,,1.0,False,1,0
GO:0098708,D-glucose import across plasma membrane,,,,1.0,False,1,0
GO:0098719,sodium ion import across plasma membrane (GO:0098719),0.9623729172075336,0.991385245781688,False,,,1,0
GO:0098727,maintenance of cell number,,,,1.0,False,1,0
GO:0098735,positive regulation of the force of heart contraction,,,,1.0,False,1,0
GO:0098736,negative regulation of the force of heart contraction,,,,1.0,False,1,0
GO:0098739,import across plasma membrane,,,,1.0,False,1,0
GO:0098742,cell-cell adhesion via plasma-membrane adhesion molecules (GO:0098742),0.6079261156342979,0.8504895159687053,False,,,1,0
GO:0098743,cell aggregation,,,,1.0,False,1,0
GO:0098758,response to interleukin-8,,,,1.0,False,1,0
GO:0098759,cellular response to interleukin-8,,,,1.0,False,1,0
GO:0098760,response to interleukin-7,,,,1.0,False,1,0
GO:0098761,cellular response to interleukin-7,,,,1.0,False,1,0
GO:0098761,cellular response to interleukin-7 (GO:0098761),0.2898032950609156,0.6182721098392651,False,,,1,0
GO:0098771,inorganic ion homeostasis,,,,1.0,False,1,0
GO:0098773,skin epidermis development,,,,1.0,False,1,0
GO:0098781,ncRNA transcription (GO:0098781),0.4804186593963295,0.7711502222134058,False,,,1,0
GO:0098787,mRNA cleavage involved in mRNA processing (GO:0098787),0.7589364221963582,0.9223472763187396,False,,,1,0
GO:0098789,pre-mRNA cleavage required for polyadenylation (GO:0098789),0.5672451214565442,0.8314233713582724,False,,,1,0
GO:0098801,regulation of renal system process,,,,1.0,False,1,0
GO:0098813,nuclear chromosome segregation,,,,1.0,False,1,0
GO:0098815,modulation of excitatory postsynaptic potential,,,,0.995260261334478,False,1,0
GO:0098815,modulation of excitatory postsynaptic potential (GO:0098815),0.1528563749776937,0.4658147940071011,False,,,1,0
GO:0098838,folate transmembrane transport,,,,1.0,False,1,0
GO:0098840,protein transport along microtubule,,,,1.0,False,1,0
GO:0098856,intestinal lipid absorption (GO:0098856),0.0914427820196226,0.3583083390500298,False,,,1,0
GO:0098870,action potential propagation,,,,1.0,False,1,0
GO:0098876,vesicle-mediated transport to the plasma membrane,,,,1.0,False,1,0
GO:0098880,maintenance of postsynaptic specialization structure,,,,0.001212265970166,True,1,1
GO:0098884,postsynaptic neurotransmitter receptor internalization,,,,1.0,False,1,0
GO:0098885,modification of postsynaptic actin cytoskeleton,,,,1.0,False,1,0
GO:0098900,regulation of action potential,,,,1.0,False,1,0
GO:0098901,regulation of cardiac muscle cell action potential,,,,1.0,False,1,0
GO:0098901,regulation of cardiac muscle cell action potential (GO:0098901),0.2831160388165958,0.6130954500179048,False,,,1,0
GO:0098904,regulation of AV node cell action potential,,,,1.0,False,1,0
GO:0098907,regulation of SA node cell action potential,,,,1.0,False,1,0
GO:0098910,regulation of atrial cardiac muscle cell action potential,,,,1.0,False,1,0
GO:0098911,regulation of ventricular cardiac muscle cell action potential,,,,1.0,False,1,0
GO:0098911,regulation of ventricular cardiac muscle cell action potential (GO:0098911),0.449271939100626,0.7523569381936752,False,,,1,0
GO:0098916,anterograde trans-synaptic signaling,,,,2.2896700567892656e-18,True,1,1
GO:0098916,anterograde trans-synaptic signaling (GO:0098916),0.3480040782508554,0.666993162610154,False,,,1,0
GO:0098926,postsynaptic signal transduction,,,,1.0,False,1,0
GO:0098930,axonal transport,,,,1.0,False,1,0
GO:0098930,axonal transport (GO:0098930),0.9574968055253944,0.9908625299218164,False,,,1,0
GO:0098935,dendritic transport,,,,1.0,False,1,0
GO:0098953,receptor diffusion trapping,,,,1.0,False,1,0
GO:0098962,regulation of postsynaptic neurotransmitter receptor activity (GO:0098962),0.0209011088788692,0.175393597295467,False,,,1,0
GO:0098963,dendritic transport of messenger ribonucleoprotein complex,,,,1.0,False,1,0
GO:0098970,postsynaptic neurotransmitter receptor diffusion trapping,,,,1.0,False,1,0
GO:0098974,postsynaptic actin cytoskeleton organization,,,,1.0,False,1,0
GO:0099003,vesicle-mediated transport in synapse,,,,0.0052066029322604,True,1,1
GO:0099010,modification of postsynaptic structure,,,,0.4792631178317187,False,1,0
GO:0099011,neuronal dense core vesicle exocytosis,,,,1.0,False,1,0
GO:0099024,plasma membrane invagination,,,,1.0,False,1,0
GO:0099024,plasma membrane invagination (GO:0099024),0.161262400943546,0.4758694209748908,False,,,1,0
GO:0099039,sphingolipid translocation,,,,1.0,False,1,0
GO:0099040,ceramide translocation,,,,1.0,False,1,0
GO:0099054,presynapse assembly (GO:0099054),0.4416196420302666,0.745585751313747,False,,,1,0
GO:0099068,postsynapse assembly,,,,0.2826232678580495,False,1,0
GO:0099072,regulation of postsynaptic membrane neurotransmitter receptor levels,,,,1.0,False,1,0
GO:0099084,postsynaptic specialization organization,,,,1.1311945374322048e-05,True,1,1
GO:0099111,microtubule-based transport,,,,1.0,False,1,0
GO:0099111,microtubule-based transport (GO:0099111),0.0607659869363382,0.2968284145584193,False,,,1,0
GO:0099116,tRNA 5'-end processing (GO:0099116),0.844269771538098,0.9476095421772875,False,,,1,0
GO:0099118,microtubule-based protein transport,,,,1.0,False,1,0
GO:0099140,presynaptic actin cytoskeleton organization,,,,1.0,False,1,0
GO:0099149,regulation of postsynaptic neurotransmitter receptor internalization,,,,1.0,False,1,0
GO:0099150,regulation of postsynaptic specialization assembly,,,,1.0,False,1,0
GO:0099151,regulation of postsynaptic density assembly,,,,1.0,False,1,0
GO:0099159,regulation of modification of postsynaptic structure,,,,1.0,False,1,0
GO:0099170,postsynaptic modulation of chemical synaptic transmission,,,,1.0,False,1,0
GO:0099171,presynaptic modulation of chemical synaptic transmission,,,,1.0,False,1,0
GO:0099172,presynapse organization,,,,1.0,False,1,0
GO:0099172,presynapse organization (GO:0099172),0.3615152891881136,0.6758957767306415,False,,,1,0
GO:0099173,postsynapse organization,,,,2.0588103609931047e-11,True,1,1
GO:0099174,regulation of presynapse organization (GO:0099174),0.0253645722221451,0.1916490486824629,False,,,1,0
GO:0099175,regulation of postsynapse organization,,,,2.2251097336752137e-06,True,1,1
GO:0099175,regulation of postsynapse organization (GO:0099175),0.6102209534697112,0.8504895159687053,False,,,1,0
GO:0099177,regulation of trans-synaptic signaling,,,,2.1113813674411555e-12,True,1,1
GO:0099177,regulation of trans-synaptic signaling (GO:0099177),0.2590842369158034,0.5917054564946521,False,,,1,0
GO:0099183,"trans-synaptic signaling by BDNF, modulating synaptic transmission",,,,1.0,False,1,0
GO:0099187,presynaptic cytoskeleton organization,,,,1.0,False,1,0
GO:0099188,postsynaptic cytoskeleton organization,,,,1.0,False,1,0
GO:0099191,trans-synaptic signaling by BDNF,,,,1.0,False,1,0
GO:0099504,synaptic vesicle cycle,,,,0.00508219431817,True,1,1
GO:0099504,synaptic vesicle cycle (GO:0099504),0.4292715808784892,0.7365778506032669,False,,,1,0
GO:0099505,regulation of presynaptic membrane potential,,,,1.0,False,1,0
GO:0099509,regulation of presynaptic cytosolic calcium ion concentration,,,,1.0,False,1,0
GO:0099515,actin filament-based transport (GO:0099515),0.0142876140487189,0.1452893299913963,False,,,1,0
GO:0099517,synaptic vesicle transport along microtubule (GO:0099517),0.6654500811378233,0.8816317376126855,False,,,1,0
GO:0099518,vesicle cytoskeletal trafficking,,,,1.0,False,1,0
GO:0099518,vesicle cytoskeletal trafficking (GO:0099518),0.0114516183140533,0.1299509051571383,False,,,1,0
GO:0099527,postsynapse to nucleus signaling pathway,,,,1.0,False,1,0
GO:0099536,synaptic signaling,,,,2.4155026521145553e-19,True,1,1
GO:0099537,trans-synaptic signaling,,,,3.5743453362982285e-18,True,1,1
GO:0099550,"trans-synaptic signaling, modulating synaptic transmission",,,,1.0,False,1,0
GO:0099558,maintenance of synapse structure,,,,0.0026346890572622,True,1,1
GO:0099560,synaptic membrane adhesion,,,,1.0,False,1,0
GO:0099560,synaptic membrane adhesion (GO:0099560),0.0197913857270864,0.1690737073487358,False,,,1,0
GO:0099562,maintenance of postsynaptic density structure,,,,0.2929408878227569,False,1,0
GO:0099563,modification of synaptic structure,,,,0.9046272116890294,False,1,0
GO:0099565,"chemical synaptic transmission, postsynaptic",,,,0.7085853727698569,False,1,0
GO:0099565,"chemical synaptic transmission, postsynaptic (GO:0099565)",0.0531396503593792,0.2780119914663797,False,,,1,0
GO:0099566,regulation of postsynaptic cytosolic calcium ion concentration,,,,1.0,False,1,0
GO:0099590,neurotransmitter receptor internalization,,,,1.0,False,1,0
GO:0099601,regulation of neurotransmitter receptor activity,,,,1.0,False,1,0
GO:0099601,regulation of neurotransmitter receptor activity (GO:0099601),0.0304746792268291,0.2107950976159226,False,,,1,0
GO:0099612,protein localization to axon,,,,1.0,False,1,0
GO:0099622,cardiac muscle cell membrane repolarization (GO:0099622),0.5427528718992807,0.8174141791134549,False,,,1,0
GO:0099623,regulation of cardiac muscle cell membrane repolarization (GO:0099623),0.0574640693957016,0.2883084857379583,False,,,1,0
GO:0099628,neurotransmitter receptor diffusion trapping,,,,1.0,False,1,0
GO:0099633,protein localization to postsynaptic specialization membrane,,,,1.0,False,1,0
GO:0099640,axo-dendritic protein transport,,,,1.0,False,1,0
GO:0099641,anterograde axonal protein transport,,,,1.0,False,1,0
GO:0099643,signal release from synapse,,,,0.4346960004576404,False,1,0
GO:0099643,signal release from synapse (GO:0099643),0.1738672360644616,0.4914146247336088,False,,,1,0
GO:0099645,neurotransmitter receptor localization to postsynaptic specialization membrane,,,,1.0,False,1,0
GO:0101024,mitotic nuclear membrane organization (GO:0101024),0.989107338403337,0.9970589596642688,False,,,1,0
GO:0104004,cellular response to environmental stimulus,,,,1.0,False,1,0
GO:0106014,regulation of inflammatory response to wounding,,,,1.0,False,1,0
GO:0106015,negative regulation of inflammatory response to wounding,,,,1.0,False,1,0
GO:0106027,neuron projection organization,,,,0.0001488958138229,True,1,1
GO:0106027,neuron projection organization (GO:0106027),0.8281283044714112,0.9446492591396682,False,,,1,0
GO:0106030,neuron projection fasciculation,,,,1.0,False,1,0
GO:0106030,neuron projection fasciculation (GO:0106030),0.7582455994642535,0.9223472763187396,False,,,1,0
GO:0106040,regulation of GABA-A receptor activity,,,,1.0,False,1,0
GO:0106056,regulation of calcineurin-mediated signaling,,,,1.0,False,1,0
GO:0106057,negative regulation of calcineurin-mediated signaling,,,,1.0,False,1,0
GO:0106057,negative regulation of calcineurin-mediated signaling (GO:0106057),0.2731314565347609,0.6040744108666752,False,,,1,0
GO:0106058,positive regulation of calcineurin-mediated signaling (GO:0106058),0.330363750265502,0.653861071747995,False,,,1,0
GO:0106070,regulation of adenylate cyclase-activating G protein-coupled receptor signaling pathway,,,,1.0,False,1,0
GO:0106072,negative regulation of adenylate cyclase-activating G protein-coupled receptor signaling pathway,,,,1.0,False,1,0
GO:0106074,aminoacyl-tRNA metabolism involved in translational fidelity,,,,1.0,False,1,0
GO:0106104,regulation of glutamate receptor clustering,,,,1.0,False,1,0
GO:0106106,cold-induced thermogenesis,,,,1.0,False,1,0
GO:0110020,regulation of actomyosin structure organization,,,,1.0,False,1,0
GO:0110020,regulation of actomyosin structure organization (GO:0110020),0.6819351886378759,0.8857886079933793,False,,,1,0
GO:0110053,regulation of actin filament organization,,,,0.0003019221889419,True,1,1
GO:0110077,vesicle-mediated intercellular transport,,,,1.0,False,1,0
GO:0110088,hippocampal neuron apoptotic process,,,,1.0,False,1,0
GO:0110089,regulation of hippocampal neuron apoptotic process,,,,1.0,False,1,0
GO:0110091,negative regulation of hippocampal neuron apoptotic process,,,,1.0,False,1,0
GO:0110156,methylguanosine-cap decapping (GO:0110156),0.4639951252081157,0.7618759783179146,False,,,1,0
GO:0120031,plasma membrane bounded cell projection assembly,,,,0.30105427928675,False,1,0
GO:0120031,plasma membrane bounded cell projection assembly (GO:0120031),0.499844892443348,0.7851977674515281,False,,,1,0
GO:0120032,regulation of plasma membrane bounded cell projection assembly,,,,1.0,False,1,0
GO:0120032,regulation of plasma membrane bounded cell projection assembly (GO:0120032),0.2569285697575717,0.5906989934059799,False,,,1,0
GO:0120033,negative regulation of plasma membrane bounded cell projection assembly,,,,1.0,False,1,0
GO:0120033,negative regulation of plasma membrane bounded cell projection assembly (GO:0120033),0.0079150807403411,0.109970334242176,False,,,1,0
GO:0120034,positive regulation of plasma membrane bounded cell projection assembly,,,,1.0,False,1,0
GO:0120034,positive regulation of plasma membrane bounded cell projection assembly (GO:0120034),0.6816346628559291,0.8857886079933793,False,,,1,0
GO:0120035,regulation of plasma membrane bounded cell projection organization,,,,5.1159285792128186e-05,True,1,1
GO:0120035,regulation of plasma membrane bounded cell projection organization (GO:0120035),0.4489847293982997,0.7523569381936752,False,,,1,0
GO:0120036,plasma membrane bounded cell projection organization,,,,1.5062624826974942e-10,True,1,1
GO:0120036,plasma membrane bounded cell projection organization (GO:0120036),0.0108426628759286,0.1257682577626833,False,,,1,0
GO:0120039,plasma membrane bounded cell projection morphogenesis,,,,1.5661525001042442e-08,True,1,1
GO:0120039,plasma membrane bounded cell projection morphogenesis (GO:0120039),0.0035684857923112,0.0769049239217991,False,,,1,0
GO:0120161,regulation of cold-induced thermogenesis,,,,1.0,False,1,0
GO:0120162,positive regulation of cold-induced thermogenesis,,,,1.0,False,1,0
GO:0120162,positive regulation of cold-induced thermogenesis (GO:0120162),0.3422474073976422,0.6611710730005117,False,,,1,0
GO:0120163,negative regulation of cold-induced thermogenesis (GO:0120163),0.5638928080277918,0.8292780245099893,False,,,1,0
GO:0120178,steroid hormone biosynthetic process,,,,1.0,False,1,0
GO:0120178,steroid hormone biosynthetic process (GO:0120178),0.38428925864199,0.6940995990614611,False,,,1,0
GO:0120192,tight junction assembly,,,,1.0,False,1,0
GO:0120192,tight junction assembly (GO:0120192),0.603131330980585,0.848544932644421,False,,,1,0
GO:0120193,tight junction organization,,,,1.0,False,1,0
GO:0120254,olefinic compound metabolic process,,,,1.0,False,1,0
GO:0120255,olefinic compound biosynthetic process,,,,1.0,False,1,0
GO:0120261,regulation of heterochromatin organization,,,,1.0,False,1,0
GO:0120262,negative regulation of heterochromatin organization,,,,1.0,False,1,0
GO:0140013,meiotic nuclear division,,,,1.0,False,1,0
GO:0140014,mitotic nuclear division,,,,1.0,False,1,0
GO:0140014,mitotic nuclear division (GO:0140014),0.2854103944884703,0.6154415158014598,False,,,1,0
GO:0140021,mitochondrial ADP transmembrane transport,,,,1.0,False,1,0
GO:0140029,exocytic process,,,,1.0,False,1,0
GO:0140042,lipid droplet formation (GO:0140042),0.0294702702727211,0.2085461476575212,False,,,1,0
GO:0140052,cellular response to oxidised low-density lipoprotein particle stimulus (GO:0140052),0.2169350997175042,0.5424092506450189,False,,,1,0
GO:0140053,mitochondrial gene expression (GO:0140053),0.6857629871040598,0.886839076060586,False,,,1,0
GO:0140056,organelle localization by membrane tethering,,,,1.0,False,1,0
GO:0140075,regulation of lipoprotein transport,,,,1.0,False,1,0
GO:0140077,positive regulation of lipoprotein transport,,,,1.0,False,1,0
GO:0140115,export across plasma membrane,,,,1.0,False,1,0
GO:0140131,positive regulation of lymphocyte chemotaxis (GO:0140131),0.5048177029369306,0.7885560990393584,False,,,1,0
GO:0140212,regulation of long-chain fatty acid import into cell,,,,1.0,False,1,0
GO:0140213,negative regulation of long-chain fatty acid import into cell,,,,1.0,False,1,0
GO:0140238,presynaptic endocytosis,,,,1.0,False,1,0
GO:0140238,presynaptic endocytosis (GO:0140238),0.4131890237237092,0.7210828335377534,False,,,1,0
GO:0140239,postsynaptic endocytosis,,,,1.0,False,1,0
GO:0140253,cell-cell fusion,,,,1.0,False,1,0
GO:0140271,hexose import across plasma membrane,,,,1.0,False,1,0
GO:0140289,protein mono-ADP-ribosylation (GO:0140289),0.461513975282445,0.7597753942041293,False,,,1,0
GO:0140352,export from cell,,,,0.0042264353566173,True,1,1
GO:0140354,lipid import into cell,,,,1.0,False,1,0
GO:0140374,antiviral innate immune response (GO:0140374),0.981417524254032,0.9955985449682774,False,,,1,0
GO:0140448,signaling receptor ligand precursor processing,,,,1.0,False,1,0
GO:0140462,pericentric heterochromatin organization,,,,1.0,False,1,0
GO:0140467,integrated stress response signaling,,,,1.0,False,1,0
GO:0140467,integrated stress response signaling (GO:0140467),0.0792438676056901,0.3355334133611102,False,,,1,0
GO:0140469,GCN2-mediated signaling,,,,1.0,False,1,0
GO:0140495,migracytosis,,,,1.0,False,1,0
GO:0140546,defense response to symbiont,,,,1.0,False,1,0
GO:0140546,defense response to symbiont (GO:0140546),0.8650980263962204,0.9560946428091096,False,,,1,0
GO:0140632,canonical inflammasome complex assembly,,,,1.0,False,1,0
GO:0140694,membraneless organelle assembly,,,,0.255796165833059,False,1,0
GO:0140719,constitutive heterochromatin formation,,,,1.0,False,1,0
GO:0140766,siRNA-mediated post-transcriptional gene silencing,,,,1.0,False,1,0
GO:0140894,endolysosomal toll-like receptor signaling pathway,,,,1.0,False,1,0
GO:0140895,cell surface toll-like receptor signaling pathway,,,,1.0,False,1,0
GO:0140928,inhibition of non-skeletal tissue mineralization,,,,1.0,False,1,0
GO:0140962,multicellular organismal-level chemical homeostasis,,,,1.0,False,1,0
GO:0141084,inflammasome-mediated signaling pathway,,,,1.0,False,1,0
GO:0141085,regulation of inflammasome-mediated signaling pathway,,,,1.0,False,1,0
GO:0141087,positive regulation of inflammasome-mediated signaling pathway,,,,1.0,False,1,0
GO:0141091,transforming growth factor beta receptor superfamily signaling pathway,,,,1.0,False,1,0
GO:0141124,intracellular signaling cassette,,,,0.0099199119823864,True,1,1
GO:0141137,"positive regulation of gene expression, epigenetic",,,,1.0,False,1,0
GO:0141187,nucleic acid biosynthetic process,,,,1.0,False,1,0
GO:0141188,nucleic acid catabolic process,,,,1.0,False,1,0
GO:0141193,nuclear receptor-mediated signaling pathway,,,,1.0,False,1,0
GO:0141198,protein branched polyubiquitination,,,,1.0,False,1,0
GO:0150011,regulation of neuron projection arborization (GO:0150011),0.0019905734870406,0.0576354598194295,False,,,1,0
GO:0150052,regulation of postsynapse assembly,,,,1.0,False,1,0
GO:0150063,visual system development,,,,1.0,False,1,0
GO:0150063,visual system development (GO:0150063),0.7705448583270338,0.9251243330848252,False,,,1,0
GO:0150076,neuroinflammatory response,,,,1.0,False,1,0
GO:0150077,regulation of neuroinflammatory response,,,,1.0,False,1,0
GO:0150077,regulation of neuroinflammatory response (GO:0150077),0.1037690745116763,0.3859012486357332,False,,,1,0
GO:0150078,positive regulation of neuroinflammatory response,,,,1.0,False,1,0
GO:0150078,positive regulation of neuroinflammatory response (GO:0150078),0.0145184934520034,0.1460706781523843,False,,,1,0
GO:0150079,negative regulation of neuroinflammatory response (GO:0150079),0.1460867682513248,0.4557599131604889,False,,,1,0
GO:0150104,transport across blood-brain barrier,,,,1.0,False,1,0
GO:0150104,transport across blood-brain barrier (GO:0150104),0.1687375959689102,0.4852035817035725,False,,,1,0
GO:0150105,protein localization to cell-cell junction,,,,1.0,False,1,0
GO:0150105,protein localization to cell-cell junction (GO:0150105),0.9412487672791122,0.9829726250797556,False,,,1,0
GO:0150111,regulation of transepithelial transport,,,,1.0,False,1,0
GO:0150115,cell-substrate junction organization,,,,1.0,False,1,0
GO:0150116,regulation of cell-substrate junction organization,,,,1.0,False,1,0
GO:0150117,positive regulation of cell-substrate junction organization (GO:0150117),0.0270291814692711,0.1979183114149525,False,,,1,0
GO:0150118,negative regulation of cell-substrate junction organization,,,,1.0,False,1,0
GO:0150118,negative regulation of cell-substrate junction organization (GO:0150118),0.0303582617607927,0.2107950976159226,False,,,1,0
GO:0160040,mitocytosis,,,,1.0,False,1,0
GO:0160075,non-canonical inflammasome complex assembly,,,,1.0,False,1,0
GO:0160127,protein-RNA covalent cross-linking repair,,,,1.0,False,1,0
GO:0160307,protein biosynthetic process,,,,1.0,False,1,0
GO:0170033,L-amino acid metabolic process,,,,1.0,False,1,0
GO:0170035,L-amino acid catabolic process,,,,1.0,False,1,0
GO:0170039,proteinogenic amino acid metabolic process,,,,1.0,False,1,0
GO:0170040,proteinogenic amino acid catabolic process,,,,1.0,False,1,0
GO:0170041,non-proteinogenic amino acid metabolic process,,,,1.0,False,1,0
GO:0170043,non-proteinogenic amino acid biosynthetic process,,,,1.0,False,1,0
GO:1900006,positive regulation of dendrite development (GO:1900006),0.941863467051911,0.9830340255095832,False,,,1,0
GO:1900015,regulation of cytokine production involved in inflammatory response,,,,1.0,False,1,0
GO:1900015,regulation of cytokine production involved in inflammatory response (GO:1900015),0.2315035586043498,0.560723497947828,False,,,1,0
GO:1900016,negative regulation of cytokine production involved in inflammatory response (GO:1900016),0.1507920162838788,0.4650602078076737,False,,,1,0
GO:1900017,positive regulation of cytokine production involved in inflammatory response (GO:1900017),0.0306528438890081,0.2107950976159226,False,,,1,0
GO:1900024,regulation of substrate adhesion-dependent cell spreading,,,,1.0,False,1,0
GO:1900024,regulation of substrate adhesion-dependent cell spreading (GO:1900024),0.0654451623447769,0.3060832315335869,False,,,1,0
GO:1900025,negative regulation of substrate adhesion-dependent cell spreading,,,,1.0,False,1,0
GO:1900025,negative regulation of substrate adhesion-dependent cell spreading (GO:1900025),0.2262052673505203,0.5543390683083346,False,,,1,0
GO:1900026,positive regulation of substrate adhesion-dependent cell spreading,,,,1.0,False,1,0
GO:1900026,positive regulation of substrate adhesion-dependent cell spreading (GO:1900026),0.110754369954394,0.3978265387185519,False,,,1,0
GO:1900027,regulation of ruffle assembly,,,,1.0,False,1,0
GO:1900027,regulation of ruffle assembly (GO:1900027),0.2375205482427405,0.565546415244642,False,,,1,0
GO:1900028,negative regulation of ruffle assembly,,,,1.0,False,1,0
GO:1900029,positive regulation of ruffle assembly (GO:1900029),0.2619162851402555,0.5927496834946238,False,,,1,0
GO:1900034,regulation of cellular response to heat,,,,1.0,False,1,0
GO:1900034,regulation of cellular response to heat (GO:1900034),0.0217642215359472,0.1794602006214088,False,,,1,0
GO:1900037,regulation of cellular response to hypoxia,,,,1.0,False,1,0
GO:1900038,negative regulation of cellular response to hypoxia,,,,1.0,False,1,0
GO:1900044,regulation of protein K63-linked ubiquitination,,,,1.0,False,1,0
GO:1900047,negative regulation of hemostasis (GO:1900047),0.5053900206836355,0.7885560990393584,False,,,1,0
GO:1900048,positive regulation of hemostasis (GO:1900048),0.3386002378879413,0.6588985493668363,False,,,1,0
GO:1900076,regulation of cellular response to insulin stimulus,,,,1.0,False,1,0
GO:1900077,negative regulation of cellular response to insulin stimulus (GO:1900077),0.0051641370953915,0.0894489780434989,False,,,1,0
GO:1900078,positive regulation of cellular response to insulin stimulus,,,,1.0,False,1,0
GO:1900078,positive regulation of cellular response to insulin stimulus (GO:1900078),0.0150428342887567,0.1497571403077541,False,,,1,0
GO:1900081,regulation of arginine catabolic process,,,,1.0,False,1,0
GO:1900082,negative regulation of arginine catabolic process,,,,1.0,False,1,0
GO:1900087,positive regulation of G1/S transition of mitotic cell cycle,,,,1.0,False,1,0
GO:1900087,positive regulation of G1/S transition of mitotic cell cycle (GO:1900087),0.0709955445783272,0.3198172215980939,False,,,1,0
GO:1900098,regulation of plasma cell differentiation,,,,1.0,False,1,0
GO:1900100,positive regulation of plasma cell differentiation,,,,1.0,False,1,0
GO:1900101,regulation of endoplasmic reticulum unfolded protein response,,,,1.0,False,1,0
GO:1900101,regulation of endoplasmic reticulum unfolded protein response (GO:1900101),0.3671475462605083,0.6803080815662471,False,,,1,0
GO:1900102,negative regulation of endoplasmic reticulum unfolded protein response,,,,1.0,False,1,0
GO:1900102,negative regulation of endoplasmic reticulum unfolded protein response (GO:1900102),0.1271782003170938,0.4291698521376661,False,,,1,0
GO:1900103,positive regulation of endoplasmic reticulum unfolded protein response (GO:1900103),0.1759505579949666,0.4925305407694151,False,,,1,0
GO:1900117,regulation of execution phase of apoptosis (GO:1900117),0.2201085402728028,0.547098095186593,False,,,1,0
GO:1900120,regulation of receptor binding (GO:1900120),0.3083219985799665,0.6348216792270597,False,,,1,0
GO:1900121,negative regulation of receptor binding (GO:1900121),0.1787506576090681,0.4944603003905322,False,,,1,0
GO:1900151,"regulation of nuclear-transcribed mRNA catabolic process, deadenylation-dependent decay",,,,1.0,False,1,0
GO:1900151,"regulation of nuclear-transcribed mRNA catabolic process, deadenylation-dependent decay (GO:1900151)",0.0288330252032245,0.2067366060412677,False,,,1,0
GO:1900152,"negative regulation of nuclear-transcribed mRNA catabolic process, deadenylation-dependent decay",,,,1.0,False,1,0
GO:1900153,"positive regulation of nuclear-transcribed mRNA catabolic process, deadenylation-dependent decay",,,,1.0,False,1,0
GO:1900153,"positive regulation of nuclear-transcribed mRNA catabolic process, deadenylation-dependent decay (GO:1900153)",0.0288330252032245,0.2067366060412677,False,,,1,0
GO:1900180,regulation of protein localization to nucleus,,,,1.0,False,1,0
GO:1900180,regulation of protein localization to nucleus (GO:1900180),0.0067592084839561,0.1034465171065725,False,,,1,0
GO:1900181,negative regulation of protein localization to nucleus,,,,1.0,False,1,0
GO:1900181,negative regulation of protein localization to nucleus (GO:1900181),0.0309675971758783,0.2117380225434941,False,,,1,0
GO:1900182,positive regulation of protein localization to nucleus,,,,1.0,False,1,0
GO:1900182,positive regulation of protein localization to nucleus (GO:1900182),0.6722535900044602,0.8829147738528108,False,,,1,0
GO:1900221,regulation of amyloid-beta clearance (GO:1900221),0.0161572361357032,0.1531496926138876,False,,,1,0
GO:1900225,regulation of NLRP3 inflammasome complex assembly,,,,1.0,False,1,0
GO:1900225,regulation of NLRP3 inflammasome complex assembly (GO:1900225),0.7622731821544586,0.9229136788783996,False,,,1,0
GO:1900227,positive regulation of NLRP3 inflammasome complex assembly,,,,1.0,False,1,0
GO:1900242,regulation of synaptic vesicle endocytosis,,,,1.0,False,1,0
GO:1900271,regulation of long-term synaptic potentiation,,,,0.0035757753594124,True,1,1
GO:1900271,regulation of long-term synaptic potentiation (GO:1900271),0.897992715184794,0.9656727509925032,False,,,1,0
GO:1900272,negative regulation of long-term synaptic potentiation,,,,1.0,False,1,0
GO:1900273,positive regulation of long-term synaptic potentiation,,,,1.0,False,1,0
GO:1900273,positive regulation of long-term synaptic potentiation (GO:1900273),0.6021782148369945,0.848130549659681,False,,,1,0
GO:1900274,regulation of phospholipase C activity (GO:1900274),0.8320356150440518,0.94715218723352,False,,,1,0
GO:1900363,regulation of mRNA polyadenylation (GO:1900363),0.0489439759807045,0.2663479209394724,False,,,1,0
GO:1900373,positive regulation of purine nucleotide biosynthetic process (GO:1900373),0.7189834215842591,0.9003315015084499,False,,,1,0
GO:1900449,regulation of glutamate receptor signaling pathway,,,,1.0,False,1,0
GO:1900451,positive regulation of glutamate receptor signaling pathway,,,,1.0,False,1,0
GO:1900452,regulation of long-term synaptic depression,,,,0.0059946353812546,True,1,1
GO:1900453,negative regulation of long-term synaptic depression,,,,1.0,False,1,0
GO:1900454,positive regulation of long-term synaptic depression,,,,1.0,False,1,0
GO:1900542,regulation of purine nucleotide metabolic process,,,,1.0,False,1,0
GO:1900542,regulation of purine nucleotide metabolic process (GO:1900542),0.8819974667785317,0.9616535053095128,False,,,1,0
GO:1900543,negative regulation of purine nucleotide metabolic process,,,,1.0,False,1,0
GO:1900543,negative regulation of purine nucleotide metabolic process (GO:1900543),0.196736458313994,0.5149906048205516,False,,,1,0
GO:1900544,positive regulation of purine nucleotide metabolic process (GO:1900544),0.3749512026092544,0.6873803342179323,False,,,1,0
GO:1900623,regulation of monocyte aggregation,,,,1.0,False,1,0
GO:1900625,positive regulation of monocyte aggregation,,,,1.0,False,1,0
GO:1900739,regulation of protein insertion into mitochondrial membrane involved in apoptotic signaling pathway (GO:1900739),0.0133498064709058,0.138728262860674,False,,,1,0
GO:1900740,positive regulation of protein insertion into mitochondrial membrane involved in apoptotic signaling pathway (GO:1900740),0.0133498064709058,0.138728262860674,False,,,1,0
GO:1900744,regulation of p38MAPK cascade,,,,1.0,False,1,0
GO:1900744,regulation of p38MAPK cascade (GO:1900744),0.0013279739435364,0.0483877402048115,True,,,1,1
GO:1900745,positive regulation of p38MAPK cascade (GO:1900745),0.0102602292659192,0.1216015485085249,False,,,1,0
GO:1900746,regulation of vascular endothelial growth factor signaling pathway,,,,1.0,False,1,0
GO:1900746,regulation of vascular endothelial growth factor signaling pathway (GO:1900746),0.5284978153660268,0.8067658585965531,False,,,1,0
GO:1900747,negative regulation of vascular endothelial growth factor signaling pathway (GO:1900747),0.14999205713025,0.4644243858735007,False,,,1,0
GO:1900748,positive regulation of vascular endothelial growth factor signaling pathway,,,,1.0,False,1,0
GO:1900756,protein processing in phagocytic vesicle,,,,1.0,False,1,0
GO:1901016,regulation of potassium ion transmembrane transporter activity (GO:1901016),0.1508104549442232,0.4650602078076737,False,,,1,0
GO:1901018,positive regulation of potassium ion transmembrane transporter activity (GO:1901018),0.5211775356872921,0.8029351717554423,False,,,1,0
GO:1901019,regulation of calcium ion transmembrane transporter activity (GO:1901019),0.260381620044575,0.5925142568353267,False,,,1,0
GO:1901020,negative regulation of calcium ion transmembrane transporter activity (GO:1901020),0.937400225206898,0.9805733740236529,False,,,1,0
GO:1901021,positive regulation of calcium ion transmembrane transporter activity (GO:1901021),0.7783452689952819,0.9276760077130836,False,,,1,0
GO:1901028,regulation of mitochondrial outer membrane permeabilization involved in apoptotic signaling pathway (GO:1901028),0.2947468414679415,0.6231743420779833,False,,,1,0
GO:1901030,positive regulation of mitochondrial outer membrane permeabilization involved in apoptotic signaling pathway (GO:1901030),0.0189732355308683,0.1659992032720859,False,,,1,0
GO:1901071,glucosamine-containing compound metabolic process (GO:1901071),0.9138830923810554,0.9736400869021145,False,,,1,0
GO:1901096,regulation of autophagosome maturation (GO:1901096),0.0018788742208042,0.0571574600085362,False,,,1,0
GO:1901099,negative regulation of signal transduction in absence of ligand,,,,1.0,False,1,0
GO:1901099,negative regulation of signal transduction in absence of ligand (GO:1901099),0.0076123583466621,0.1093102392075158,False,,,1,0
GO:1901135,carbohydrate derivative metabolic process,,,,1.0,False,1,0
GO:1901136,carbohydrate derivative catabolic process,,,,1.0,False,1,0
GO:1901136,carbohydrate derivative catabolic process (GO:1901136),0.812208129547374,0.9381126296262408,False,,,1,0
GO:1901137,carbohydrate derivative biosynthetic process,,,,1.0,False,1,0
GO:1901137,carbohydrate derivative biosynthetic process (GO:1901137),0.2922277354262499,0.619838283400871,False,,,1,0
GO:1901142,insulin metabolic process,,,,1.0,False,1,0
GO:1901163,regulation of trophoblast cell migration,,,,1.0,False,1,0
GO:1901163,regulation of trophoblast cell migration (GO:1901163),0.4325051361119389,0.738510439918725,False,,,1,0
GO:1901164,negative regulation of trophoblast cell migration,,,,1.0,False,1,0
GO:1901165,positive regulation of trophoblast cell migration,,,,1.0,False,1,0
GO:1901184,regulation of ERBB signaling pathway (GO:1901184),0.6212407258066845,0.8559496090761944,False,,,1,0
GO:1901185,negative regulation of ERBB signaling pathway (GO:1901185),0.2509595143762996,0.5827619395863622,False,,,1,0
GO:1901186,positive regulation of ERBB signaling pathway (GO:1901186),0.0294015167717286,0.2085461476575212,False,,,1,0
GO:1901214,regulation of neuron death (GO:1901214),0.6036180315806634,0.8489147919115522,False,,,1,0
GO:1901215,negative regulation of neuron death (GO:1901215),0.7568315706528397,0.9212651307722148,False,,,1,0
GO:1901216,positive regulation of neuron death (GO:1901216),0.0810874745910811,0.3377375838140357,False,,,1,0
GO:1901222,regulation of NIK/NF-kappaB signaling (GO:1901222),0.413982779179972,0.7216161219805303,False,,,1,0
GO:1901222,regulation of non-canonical NF-kappaB signal transduction,,,,1.0,False,1,0
GO:1901223,negative regulation of NIK/NF-kappaB signaling (GO:1901223),0.8639719648467546,0.955475081446613,False,,,1,0
GO:1901223,negative regulation of non-canonical NF-kappaB signal transduction,,,,1.0,False,1,0
GO:1901224,positive regulation of NIK/NF-kappaB signaling (GO:1901224),0.4798188304458656,0.7705134732773786,False,,,1,0
GO:1901224,positive regulation of non-canonical NF-kappaB signal transduction,,,,1.0,False,1,0
GO:1901264,carbohydrate derivative transport,,,,1.0,False,1,0
GO:1901264,carbohydrate derivative transport (GO:1901264),0.196707165539906,0.5149906048205516,False,,,1,0
GO:1901292,nucleoside phosphate catabolic process,,,,1.0,False,1,0
GO:1901292,nucleoside phosphate catabolic process (GO:1901292),0.3707184405790218,0.6832531803285858,False,,,1,0
GO:1901293,nucleoside phosphate biosynthetic process,,,,1.0,False,1,0
GO:1901293,nucleoside phosphate biosynthetic process (GO:1901293),0.0015890455584825,0.0542995477776975,False,,,1,0
GO:1901298,regulation of hydrogen peroxide-mediated programmed cell death,,,,1.0,False,1,0
GO:1901299,negative regulation of hydrogen peroxide-mediated programmed cell death,,,,1.0,False,1,0
GO:1901317,regulation of flagellated sperm motility (GO:1901317),0.46574890419874,0.7631006590271617,False,,,1,0
GO:1901342,regulation of vasculature development,,,,0.1398450388090753,False,1,0
GO:1901342,regulation of vasculature development (GO:1901342),0.8947089408971938,0.9655355225163764,False,,,1,0
GO:1901343,negative regulation of vasculature development,,,,1.0,False,1,0
GO:1901362,organic cyclic compound biosynthetic process (GO:1901362),0.9060430823877078,0.9688574613736848,False,,,1,0
GO:1901379,regulation of potassium ion transmembrane transport (GO:1901379),0.622004710393029,0.8563571203342137,False,,,1,0
GO:1901380,negative regulation of potassium ion transmembrane transport (GO:1901380),0.1693347446219599,0.4854606378954302,False,,,1,0
GO:1901381,positive regulation of potassium ion transmembrane transport (GO:1901381),0.4206819729583265,0.7295762695787957,False,,,1,0
GO:1901385,regulation of voltage-gated calcium channel activity (GO:1901385),0.9745903453716176,0.9935030022595036,False,,,1,0
GO:1901386,negative regulation of voltage-gated calcium channel activity (GO:1901386),0.0550078967991571,0.2811926584355836,False,,,1,0
GO:1901522,positive regulation of transcription from RNA polymerase II promoter involved in cellular response to chemical stimulus (GO:1901522),0.0290132685647357,0.2068558790715089,False,,,1,0
GO:1901524,regulation of mitophagy,,,,1.0,False,1,0
GO:1901526,positive regulation of mitophagy,,,,1.0,False,1,0
GO:1901532,regulation of hematopoietic progenitor cell differentiation,,,,1.0,False,1,0
GO:1901532,regulation of hematopoietic progenitor cell differentiation (GO:1901532),0.0178008184333197,0.1592944734610154,False,,,1,0
GO:1901534,positive regulation of hematopoietic progenitor cell differentiation,,,,1.0,False,1,0
GO:1901565,organonitrogen compound catabolic process (GO:1901565),0.0622407771299385,0.297329052460777,False,,,1,0
GO:1901566,organonitrogen compound biosynthetic process (GO:1901566),0.8150795316202089,0.938838950329624,False,,,1,0
GO:1901570,fatty acid derivative biosynthetic process (GO:1901570),0.5248545557041696,0.8038365585126551,False,,,1,0
GO:1901605,alpha-amino acid metabolic process,,,,1.0,False,1,0
GO:1901605,alpha-amino acid metabolic process (GO:1901605),0.2134080544011828,0.5381506980872844,False,,,1,0
GO:1901606,alpha-amino acid catabolic process,,,,1.0,False,1,0
GO:1901606,alpha-amino acid catabolic process (GO:1901606),0.5734070931720248,0.8316135936020211,False,,,1,0
GO:1901607,alpha-amino acid biosynthetic process,,,,1.0,False,1,0
GO:1901617,organic hydroxy compound biosynthetic process (GO:1901617),0.8586414976821866,0.9528267849547202,False,,,1,0
GO:1901652,response to peptide,,,,1.0,False,1,0
GO:1901652,response to peptide (GO:1901652),0.3172049158597955,0.6450089598513076,False,,,1,0
GO:1901653,cellular response to peptide,,,,1.0,False,1,0
GO:1901653,cellular response to peptide (GO:1901653),0.52341022827399,0.8038365585126551,False,,,1,0
GO:1901654,response to ketone,,,,1.0,False,1,0
GO:1901654,response to ketone (GO:1901654),0.6591459983187191,0.8800213909267517,False,,,1,0
GO:1901655,cellular response to ketone,,,,1.0,False,1,0
GO:1901655,cellular response to ketone (GO:1901655),0.0924569574885568,0.3605806737963755,False,,,1,0
GO:1901660,calcium ion export,,,,1.0,False,1,0
GO:1901663,quinone biosynthetic process (GO:1901663),0.1155177699075915,0.4049527738072962,False,,,1,0
GO:1901673,regulation of mitotic spindle assembly (GO:1901673),0.8579377571423545,0.9528267849547202,False,,,1,0
GO:1901678,iron coordination entity transport,,,,1.0,False,1,0
GO:1901679,nucleotide transmembrane transport,,,,1.0,False,1,0
GO:1901685,glutathione derivative metabolic process (GO:1901685),0.0022867679224295,0.0615156789345755,False,,,1,0
GO:1901687,glutathione derivative biosynthetic process (GO:1901687),0.0022867679224295,0.0615156789345755,False,,,1,0
GO:1901698,response to nitrogen compound,,,,0.0017753882260791,True,1,1
GO:1901699,cellular response to nitrogen compound,,,,0.0136014686843704,True,1,1
GO:1901699,cellular response to nitrogen compound (GO:1901699),0.2458334636073222,0.5770088660040678,False,,,1,0
GO:1901700,response to oxygen-containing compound,,,,0.0007221898754742,True,1,1
GO:1901701,cellular response to oxygen-containing compound,,,,0.024249790703462,True,1,1
GO:1901701,cellular response to oxygen-containing compound (GO:1901701),0.1060599568449332,0.3894340912999341,False,,,1,0
GO:1901724,positive regulation of cell proliferation involved in kidney development,,,,1.0,False,1,0
GO:1901739,regulation of myoblast fusion,,,,1.0,False,1,0
GO:1901739,regulation of myoblast fusion (GO:1901739),0.0431445125014056,0.2483264581454199,False,,,1,0
GO:1901741,positive regulation of myoblast fusion,,,,1.0,False,1,0
GO:1901741,positive regulation of myoblast fusion (GO:1901741),0.015947297056767,0.1530018965409745,False,,,1,0
GO:1901796,regulation of signal transduction by p53 class mediator,,,,1.0,False,1,0
GO:1901796,regulation of signal transduction by p53 class mediator (GO:1901796),0.0688261309894049,0.3144901067057247,False,,,1,0
GO:1901797,negative regulation of signal transduction by p53 class mediator (GO:1901797),0.3166303830865278,0.6446479028702093,False,,,1,0
GO:1901798,positive regulation of signal transduction by p53 class mediator,,,,1.0,False,1,0
GO:1901798,positive regulation of signal transduction by p53 class mediator (GO:1901798),0.8978973763604213,0.9656727509925032,False,,,1,0
GO:1901799,negative regulation of proteasomal protein catabolic process,,,,1.0,False,1,0
GO:1901799,negative regulation of proteasomal protein catabolic process (GO:1901799),0.2780102424146615,0.6084782743674617,False,,,1,0
GO:1901800,positive regulation of proteasomal protein catabolic process,,,,1.0,False,1,0
GO:1901800,positive regulation of proteasomal protein catabolic process (GO:1901800),0.0603508770528538,0.2965166796133088,False,,,1,0
GO:1901836,regulation of transcription of nucleolar large rRNA by RNA polymerase I (GO:1901836),0.6139037125740889,0.8517596686731141,False,,,1,0
GO:1901841,regulation of high voltage-gated calcium channel activity (GO:1901841),0.4219918493663348,0.7307495963402912,False,,,1,0
GO:1901844,regulation of cell communication by electrical coupling involved in cardiac conduction (GO:1901844),0.2663671019848865,0.5971219963526446,False,,,1,0
GO:1901857,positive regulation of cellular respiration (GO:1901857),0.1158053638317379,0.4055860988123564,False,,,1,0
GO:1901861,regulation of muscle tissue development,,,,1.0,False,1,0
GO:1901862,negative regulation of muscle tissue development,,,,1.0,False,1,0
GO:1901873,regulation of post-translational protein modification,,,,0.2553411948268568,False,1,0
GO:1901874,negative regulation of post-translational protein modification,,,,1.0,False,1,0
GO:1901875,positive regulation of post-translational protein modification,,,,1.0,False,1,0
GO:1901879,regulation of protein depolymerization,,,,0.2035805487334722,False,1,0
GO:1901880,negative regulation of protein depolymerization,,,,0.0650515052135349,False,1,0
GO:1901880,negative regulation of protein depolymerization (GO:1901880),0.2814771560218642,0.611829715066436,False,,,1,0
GO:1901881,positive regulation of protein depolymerization,,,,1.0,False,1,0
GO:1901881,positive regulation of protein depolymerization (GO:1901881),0.585084383110806,0.8375986376444956,False,,,1,0
GO:1901888,regulation of cell junction assembly,,,,1.0,False,1,0
GO:1901888,regulation of cell junction assembly (GO:1901888),0.462183871624041,0.7598887841655777,False,,,1,0
GO:1901889,negative regulation of cell junction assembly,,,,1.0,False,1,0
GO:1901889,negative regulation of cell junction assembly (GO:1901889),0.0860995874610911,0.3479052115431446,False,,,1,0
GO:1901890,positive regulation of cell junction assembly,,,,1.0,False,1,0
GO:1901890,positive regulation of cell junction assembly (GO:1901890),0.0451220104661028,0.2537158315164901,False,,,1,0
GO:1901970,positive regulation of mitotic sister chromatid separation (GO:1901970),0.3643943977671229,0.6767650070072623,False,,,1,0
GO:1901983,regulation of protein acetylation,,,,1.0,False,1,0
GO:1901983,regulation of protein acetylation (GO:1901983),0.0734100405996807,0.3243289806874079,False,,,1,0
GO:1901985,positive regulation of protein acetylation,,,,1.0,False,1,0
GO:1901985,positive regulation of protein acetylation (GO:1901985),0.2331394615787203,0.5612055276276591,False,,,1,0
GO:1901987,regulation of cell cycle phase transition,,,,1.0,False,1,0
GO:1901987,regulation of cell cycle phase transition (GO:1901987),0.0025431179222924,0.0631591118407924,False,,,1,0
GO:1901988,negative regulation of cell cycle phase transition,,,,1.0,False,1,0
GO:1901989,positive regulation of cell cycle phase transition,,,,1.0,False,1,0
GO:1901989,positive regulation of cell cycle phase transition (GO:1901989),0.8779235534247702,0.9607052823042715,False,,,1,0
GO:1901990,regulation of mitotic cell cycle phase transition,,,,1.0,False,1,0
GO:1901990,regulation of mitotic cell cycle phase transition (GO:1901990),0.0050571377955446,0.088804276196764,False,,,1,0
GO:1901991,negative regulation of mitotic cell cycle phase transition,,,,1.0,False,1,0
GO:1901991,negative regulation of mitotic cell cycle phase transition (GO:1901991),0.2010644412572801,0.5195200252623673,False,,,1,0
GO:1901992,positive regulation of mitotic cell cycle phase transition,,,,1.0,False,1,0
GO:1901992,positive regulation of mitotic cell cycle phase transition (GO:1901992),0.4603202693242452,0.7587982536057636,False,,,1,0
GO:1902001,fatty acid transmembrane transport,,,,1.0,False,1,0
GO:1902001,fatty acid transmembrane transport (GO:1902001),0.4586948679711499,0.7578446097357143,False,,,1,0
GO:1902003,regulation of amyloid-beta formation,,,,1.0,False,1,0
GO:1902003,regulation of amyloid-beta formation (GO:1902003),0.5529951933960235,0.823465356395324,False,,,1,0
GO:1902004,positive regulation of amyloid-beta formation,,,,1.0,False,1,0
GO:1902004,positive regulation of amyloid-beta formation (GO:1902004),0.8054581870464218,0.9366853555931376,False,,,1,0
GO:1902017,regulation of cilium assembly (GO:1902017),0.0416653482617048,0.2442606892683872,False,,,1,0
GO:1902018,negative regulation of cilium assembly (GO:1902018),0.0656599414249369,0.3066856013686715,False,,,1,0
GO:1902036,regulation of hematopoietic stem cell differentiation (GO:1902036),0.0803757479643201,0.336495819016188,False,,,1,0
GO:1902041,regulation of extrinsic apoptotic signaling pathway via death domain receptors,,,,1.0,False,1,0
GO:1902041,regulation of extrinsic apoptotic signaling pathway via death domain receptors (GO:1902041),0.1192294816077263,0.4126253866223593,False,,,1,0
GO:1902042,negative regulation of extrinsic apoptotic signaling pathway via death domain receptors,,,,1.0,False,1,0
GO:1902042,negative regulation of extrinsic apoptotic signaling pathway via death domain receptors (GO:1902042),0.2384737596089349,0.5667487281934148,False,,,1,0
GO:1902065,response to L-glutamate,,,,1.0,False,1,0
GO:1902074,response to salt,,,,1.0,False,1,0
GO:1902075,cellular response to salt,,,,1.0,False,1,0
GO:1902101,positive regulation of metaphase/anaphase transition of cell cycle (GO:1902101),0.3643943977671229,0.6767650070072623,False,,,1,0
GO:1902105,regulation of leukocyte differentiation,,,,1.0,False,1,0
GO:1902107,positive regulation of leukocyte differentiation,,,,1.0,False,1,0
GO:1902115,regulation of organelle assembly,,,,1.0,False,1,0
GO:1902115,regulation of organelle assembly (GO:1902115),0.3606575253587086,0.6758957767306415,False,,,1,0
GO:1902116,negative regulation of organelle assembly (GO:1902116),0.0036601842908685,0.0771282167514692,False,,,1,0
GO:1902117,positive regulation of organelle assembly,,,,1.0,False,1,0
GO:1902117,positive regulation of organelle assembly (GO:1902117),0.0001800505288457,0.0113821942651999,True,,,1,1
GO:1902165,regulation of intrinsic apoptotic signaling pathway in response to DNA damage by p53 class mediator,,,,1.0,False,1,0
GO:1902165,regulation of intrinsic apoptotic signaling pathway in response to DNA damage by p53 class mediator (GO:1902165),0.1652911848855918,0.4820957830438235,False,,,1,0
GO:1902166,negative regulation of intrinsic apoptotic signaling pathway in response to DNA damage by p53 class mediator (GO:1902166),0.2361684275125591,0.5645246635397326,False,,,1,0
GO:1902175,regulation of oxidative stress-induced intrinsic apoptotic signaling pathway,,,,1.0,False,1,0
GO:1902175,regulation of oxidative stress-induced intrinsic apoptotic signaling pathway (GO:1902175),0.5056072852263959,0.7885560990393584,False,,,1,0
GO:1902176,negative regulation of oxidative stress-induced intrinsic apoptotic signaling pathway,,,,1.0,False,1,0
GO:1902176,negative regulation of oxidative stress-induced intrinsic apoptotic signaling pathway (GO:1902176),0.4637525641639457,0.7618545025264238,False,,,1,0
GO:1902186,regulation of viral release from host cell (GO:1902186),0.3495020791569746,0.668261777297474,False,,,1,0
GO:1902187,negative regulation of viral release from host cell (GO:1902187),0.5691548777671995,0.8314233713582724,False,,,1,0
GO:1902224,ketone body metabolic process (GO:1902224),0.1799866960404365,0.4950613039023753,False,,,1,0
GO:1902229,regulation of intrinsic apoptotic signaling pathway in response to DNA damage,,,,1.0,False,1,0
GO:1902229,regulation of intrinsic apoptotic signaling pathway in response to DNA damage (GO:1902229),0.5686969372642325,0.8314233713582724,False,,,1,0
GO:1902230,negative regulation of intrinsic apoptotic signaling pathway in response to DNA damage (GO:1902230),0.4521425443328598,0.7547532920184608,False,,,1,0
GO:1902235,regulation of endoplasmic reticulum stress-induced intrinsic apoptotic signaling pathway,,,,1.0,False,1,0
GO:1902235,regulation of endoplasmic reticulum stress-induced intrinsic apoptotic signaling pathway (GO:1902235),0.0434944071475837,0.2488299944355736,False,,,1,0
GO:1902236,negative regulation of endoplasmic reticulum stress-induced intrinsic apoptotic signaling pathway,,,,1.0,False,1,0
GO:1902236,negative regulation of endoplasmic reticulum stress-induced intrinsic apoptotic signaling pathway (GO:1902236),0.0681725375283493,0.3119160854584185,False,,,1,0
GO:1902253,regulation of intrinsic apoptotic signaling pathway by p53 class mediator,,,,1.0,False,1,0
GO:1902254,negative regulation of intrinsic apoptotic signaling pathway by p53 class mediator (GO:1902254),0.4661492820896213,0.7631006590271617,False,,,1,0
GO:1902259,regulation of delayed rectifier potassium channel activity (GO:1902259),0.1739972342455141,0.4914158670835705,False,,,1,0
GO:1902275,regulation of chromatin organization,,,,1.0,False,1,0
GO:1902275,regulation of chromatin organization (GO:1902275),0.2546597373924203,0.5879028508395924,False,,,1,0
GO:1902285,semaphorin-plexin signaling pathway involved in neuron projection guidance (GO:1902285),0.0171910889376943,0.1569926602537463,False,,,1,0
GO:1902305,regulation of sodium ion transmembrane transport,,,,1.0,False,1,0
GO:1902305,regulation of sodium ion transmembrane transport (GO:1902305),0.2336260290335021,0.5612055276276591,False,,,1,0
GO:1902306,negative regulation of sodium ion transmembrane transport (GO:1902306),0.9197734603065928,0.9747251428303044,False,,,1,0
GO:1902307,positive regulation of sodium ion transmembrane transport (GO:1902307),0.7038658671954114,0.8942645663663249,False,,,1,0
GO:1902340,negative regulation of chromosome condensation,,,,1.0,False,1,0
GO:1902363,regulation of protein localization to spindle pole body,,,,1.0,False,1,0
GO:1902365,positive regulation of protein localization to spindle pole body,,,,1.0,False,1,0
GO:1902369,negative regulation of RNA catabolic process,,,,1.0,False,1,0
GO:1902373,negative regulation of mRNA catabolic process,,,,1.0,False,1,0
GO:1902373,negative regulation of mRNA catabolic process (GO:1902373),0.3525872600461479,0.6688536034495753,False,,,1,0
GO:1902396,protein localization to bicellular tight junction,,,,1.0,False,1,0
GO:1902410,mitotic cytokinetic process,,,,1.0,False,1,0
GO:1902410,mitotic cytokinetic process (GO:1902410),0.358569561941531,0.6752295634105377,False,,,1,0
GO:1902414,protein localization to cell junction,,,,1.0,False,1,0
GO:1902414,protein localization to cell junction (GO:1902414),0.0433998305628668,0.248663983874553,False,,,1,0
GO:1902430,negative regulation of amyloid-beta formation,,,,1.0,False,1,0
GO:1902430,negative regulation of amyloid-beta formation (GO:1902430),0.2910532624154885,0.6184678007517916,False,,,1,0
GO:1902455,negative regulation of stem cell population maintenance,,,,1.0,False,1,0
GO:1902459,positive regulation of stem cell population maintenance,,,,1.0,False,1,0
GO:1902473,regulation of protein localization to synapse,,,,1.0,False,1,0
GO:1902475,L-alpha-amino acid transmembrane transport,,,,1.0,False,1,0
GO:1902475,L-alpha-amino acid transmembrane transport (GO:1902475),0.6343939234875235,0.8649365061832861,False,,,1,0
GO:1902476,chloride transmembrane transport,,,,0.1328427530413853,False,1,0
GO:1902476,chloride transmembrane transport (GO:1902476),0.0057555480305187,0.0953309767675002,False,,,1,0
GO:1902514,regulation of calcium ion transmembrane transport via high voltage-gated calcium channel,,,,1.0,False,1,0
GO:1902514,regulation of calcium ion transmembrane transport via high voltage-gated calcium channel (GO:1902514),0.2894600369435004,0.6182721098392651,False,,,1,0
GO:1902523,positive regulation of protein K63-linked ubiquitination,,,,1.0,False,1,0
GO:1902531,regulation of intracellular signal transduction,,,,0.0024256222439863,True,1,1
GO:1902531,regulation of intracellular signal transduction (GO:1902531),1.9789114653575978e-07,6.255009323417806e-05,True,,,1,1
GO:1902532,negative regulation of intracellular signal transduction,,,,0.1117783687606629,False,1,0
GO:1902532,negative regulation of intracellular signal transduction (GO:1902532),2.0571200196126085e-08,1.0148204063315762e-05,True,,,1,1
GO:1902533,positive regulation of intracellular signal transduction,,,,0.4274336347995462,False,1,0
GO:1902547,regulation of cellular response to vascular endothelial growth factor stimulus,,,,1.0,False,1,0
GO:1902548,negative regulation of cellular response to vascular endothelial growth factor stimulus,,,,1.0,False,1,0
GO:1902548,negative regulation of cellular response to vascular endothelial growth factor stimulus (GO:1902548),0.052536946859245,0.2760484766432907,False,,,1,0
GO:1902570,protein localization to nucleolus,,,,1.0,False,1,0
GO:1902600,proton transmembrane transport,,,,1.0,False,1,0
GO:1902600,proton transmembrane transport (GO:1902600),0.1413968695339644,0.4518267280053304,False,,,1,0
GO:1902622,regulation of neutrophil migration (GO:1902622),0.8772994513697142,0.9607052823042715,False,,,1,0
GO:1902624,positive regulation of neutrophil migration (GO:1902624),0.7903405738819533,0.9332007274070524,False,,,1,0
GO:1902652,secondary alcohol metabolic process (GO:1902652),0.6315761683545739,0.8629953501742139,False,,,1,0
GO:1902653,secondary alcohol biosynthetic process (GO:1902653),0.1430930376451756,0.4535930840273117,False,,,1,0
GO:1902656,calcium ion import into cytosol (GO:1902656),0.4854580279482698,0.7756924499777961,False,,,1,0
GO:1902667,regulation of axon guidance (GO:1902667),0.0578236553767713,0.2895447823513059,False,,,1,0
GO:1902679,negative regulation of RNA biosynthetic process,,,,1.0,False,1,0
GO:1902680,positive regulation of RNA biosynthetic process,,,,1.2715157149519857e-06,True,1,1
GO:1902683,regulation of receptor localization to synapse,,,,1.0,False,1,0
GO:1902685,positive regulation of receptor localization to synapse,,,,1.0,False,1,0
GO:1902692,regulation of neuroblast proliferation (GO:1902692),0.1432650974597203,0.4535930840273117,False,,,1,0
GO:1902743,regulation of lamellipodium organization,,,,1.0,False,1,0
GO:1902743,regulation of lamellipodium organization (GO:1902743),0.626355496014358,0.8589177138042156,False,,,1,0
GO:1902745,positive regulation of lamellipodium organization,,,,1.0,False,1,0
GO:1902745,positive regulation of lamellipodium organization (GO:1902745),0.8264276145298596,0.9441686572023366,False,,,1,0
GO:1902746,regulation of lens fiber cell differentiation,,,,1.0,False,1,0
GO:1902747,negative regulation of lens fiber cell differentiation,,,,1.0,False,1,0
GO:1902749,regulation of cell cycle G2/M phase transition,,,,1.0,False,1,0
GO:1902749,regulation of cell cycle G2/M phase transition (GO:1902749),0.399650299840254,0.7098464432712569,False,,,1,0
GO:1902750,negative regulation of cell cycle G2/M phase transition (GO:1902750),0.000110003452703,0.00818123717848,True,,,1,1
GO:1902751,positive regulation of cell cycle G2/M phase transition,,,,1.0,False,1,0
GO:1902751,positive regulation of cell cycle G2/M phase transition (GO:1902751),0.9046541552150392,0.9688574613736848,False,,,1,0
GO:1902806,regulation of cell cycle G1/S phase transition,,,,1.0,False,1,0
GO:1902806,regulation of cell cycle G1/S phase transition (GO:1902806),0.8012902512508502,0.9362325644172682,False,,,1,0
GO:1902807,negative regulation of cell cycle G1/S phase transition,,,,1.0,False,1,0
GO:1902807,negative regulation of cell cycle G1/S phase transition (GO:1902807),0.0026281593554101,0.0634272164552891,False,,,1,0
GO:1902808,positive regulation of cell cycle G1/S phase transition,,,,1.0,False,1,0
GO:1902808,positive regulation of cell cycle G1/S phase transition (GO:1902808),0.0788544953808322,0.3355334133611102,False,,,1,0
GO:1902846,positive regulation of mitotic spindle elongation,,,,1.0,False,1,0
GO:1902850,microtubule cytoskeleton organization involved in mitosis,,,,1.0,False,1,0
GO:1902850,microtubule cytoskeleton organization involved in mitosis (GO:1902850),0.6002731658299173,0.8473524815753167,False,,,1,0
GO:1902882,regulation of response to oxidative stress (GO:1902882),0.0574466102379703,0.2883084857379583,False,,,1,0
GO:1902893,regulation of miRNA transcription,,,,1.0,False,1,0
GO:1902893,regulation of pri-miRNA transcription by RNA polymerase II (GO:1902893),0.0123200375419117,0.1327833984573189,False,,,1,0
GO:1902894,negative regulation of miRNA transcription,,,,1.0,False,1,0
GO:1902894,negative regulation of pri-miRNA transcription by RNA polymerase II (GO:1902894),0.4058719515229896,0.7137099268088547,False,,,1,0
GO:1902895,positive regulation of miRNA transcription,,,,1.0,False,1,0
GO:1902895,positive regulation of pri-miRNA transcription by RNA polymerase II (GO:1902895),0.0023841041107545,0.0624476082710638,False,,,1,0
GO:1902897,regulation of postsynaptic density protein 95 clustering,,,,1.0,False,1,0
GO:1902902,negative regulation of autophagosome assembly (GO:1902902),0.255096551776142,0.5885530540674614,False,,,1,0
GO:1902903,regulation of supramolecular fiber organization,,,,8.263580362941988e-05,True,1,1
GO:1902903,regulation of supramolecular fiber organization (GO:1902903),0.226983621805493,0.5543778992326047,False,,,1,0
GO:1902904,negative regulation of supramolecular fiber organization,,,,0.0168840573838531,True,1,1
GO:1902904,negative regulation of supramolecular fiber organization (GO:1902904),0.2990571810840471,0.625836752824302,False,,,1,0
GO:1902905,positive regulation of supramolecular fiber organization,,,,0.4983104156347563,False,1,0
GO:1902905,positive regulation of supramolecular fiber organization (GO:1902905),0.8730460720319951,0.9598025864360974,False,,,1,0
GO:1902914,regulation of protein polyubiquitination,,,,1.0,False,1,0
GO:1902916,positive regulation of protein polyubiquitination,,,,1.0,False,1,0
GO:1902930,regulation of alcohol biosynthetic process (GO:1902930),0.8100462498787104,0.9378832191056008,False,,,1,0
GO:1902931,negative regulation of alcohol biosynthetic process (GO:1902931),0.6107918379907074,0.8504895159687053,False,,,1,0
GO:1902947,regulation of tau-protein kinase activity (GO:1902947),0.0001225905633804,0.0086108519796668,True,,,1,1
GO:1902950,regulation of dendritic spine maintenance,,,,1.0,False,1,0
GO:1902952,positive regulation of dendritic spine maintenance,,,,1.0,False,1,0
GO:1902969,mitotic DNA replication (GO:1902969),0.5724221017687056,0.8316135936020211,False,,,1,0
GO:1902991,regulation of amyloid precursor protein catabolic process,,,,1.0,False,1,0
GO:1902991,regulation of amyloid precursor protein catabolic process (GO:1902991),0.6982502872923406,0.8922584328981606,False,,,1,0
GO:1902992,negative regulation of amyloid precursor protein catabolic process,,,,1.0,False,1,0
GO:1902992,negative regulation of amyloid precursor protein catabolic process (GO:1902992),0.5126542398399268,0.7946454972263352,False,,,1,0
GO:1902993,positive regulation of amyloid precursor protein catabolic process,,,,1.0,False,1,0
GO:1902993,positive regulation of amyloid precursor protein catabolic process (GO:1902993),0.5040614332939903,0.788437059906873,False,,,1,0
GO:1903008,organelle disassembly,,,,1.0,False,1,0
GO:1903008,organelle disassembly (GO:1903008),0.8513474031500196,0.95031215425192,False,,,1,0
GO:1903018,regulation of glycoprotein metabolic process,,,,1.0,False,1,0
GO:1903020,positive regulation of glycoprotein metabolic process,,,,1.0,False,1,0
GO:1903034,regulation of response to wounding,,,,1.0,False,1,0
GO:1903035,negative regulation of response to wounding,,,,1.0,False,1,0
GO:1903035,negative regulation of response to wounding (GO:1903035),0.975691717220314,0.9935030022595036,False,,,1,0
GO:1903036,positive regulation of response to wounding,,,,1.0,False,1,0
GO:1903036,positive regulation of response to wounding (GO:1903036),0.1218592545656784,0.4190500023278498,False,,,1,0
GO:1903037,regulation of leukocyte cell-cell adhesion,,,,1.0,False,1,0
GO:1903037,regulation of leukocyte cell-cell adhesion (GO:1903037),0.9363171286144194,0.9801917578783246,False,,,1,0
GO:1903038,negative regulation of leukocyte cell-cell adhesion (GO:1903038),0.5141593771036689,0.7963250241500013,False,,,1,0
GO:1903039,positive regulation of leukocyte cell-cell adhesion,,,,1.0,False,1,0
GO:1903039,positive regulation of leukocyte cell-cell adhesion (GO:1903039),0.3031861263695667,0.630800436527617,False,,,1,0
GO:1903046,meiotic cell cycle process,,,,1.0,False,1,0
GO:1903047,mitotic cell cycle process,,,,1.0,False,1,0
GO:1903050,regulation of proteolysis involved in cellular protein catabolic process (GO:1903050),0.0018928385617318,0.0571574600085362,False,,,1,0
GO:1903051,negative regulation of proteolysis involved in cellular protein catabolic process (GO:1903051),0.1248469096893657,0.4235638000463006,False,,,1,0
GO:1903052,positive regulation of proteolysis involved in cellular protein catabolic process (GO:1903052),0.5169965260367202,0.7981431848664072,False,,,1,0
GO:1903053,regulation of extracellular matrix organization (GO:1903053),0.7920841187524146,0.9332007274070524,False,,,1,0
GO:1903054,negative regulation of extracellular matrix organization (GO:1903054),0.8700844166188123,0.9587678247851484,False,,,1,0
GO:1903055,positive regulation of extracellular matrix organization (GO:1903055),0.4681164994123484,0.7636003501811702,False,,,1,0
GO:1903076,regulation of protein localization to plasma membrane,,,,1.0,False,1,0
GO:1903076,regulation of protein localization to plasma membrane (GO:1903076),0.6643604465998405,0.8816317376126855,False,,,1,0
GO:1903077,negative regulation of protein localization to plasma membrane (GO:1903077),0.73946374403365,0.9103067836083196,False,,,1,0
GO:1903078,positive regulation of protein localization to plasma membrane,,,,1.0,False,1,0
GO:1903078,positive regulation of protein localization to plasma membrane (GO:1903078),0.0801940962623304,0.3362949922218526,False,,,1,0
GO:1903083,protein localization to condensed chromosome (GO:1903083),0.6348492573725991,0.8649365061832861,False,,,1,0
GO:1903115,regulation of actin filament-based movement,,,,1.0,False,1,0
GO:1903115,regulation of actin filament-based movement (GO:1903115),0.3754493951329085,0.6874308435561098,False,,,1,0
GO:1903131,mononuclear cell differentiation,,,,1.0,False,1,0
GO:1903131,mononuclear cell differentiation (GO:1903131),0.0601719383458152,0.2960209625754569,False,,,1,0
GO:1903140,regulation of establishment of endothelial barrier (GO:1903140),0.0030714909116591,0.0706070607752913,False,,,1,0
GO:1903146,regulation of autophagy of mitochondrion,,,,1.0,False,1,0
GO:1903146,regulation of autophagy of mitochondrion (GO:1903146),0.6334178762284421,0.8645507291622528,False,,,1,0
GO:1903169,regulation of calcium ion transmembrane transport,,,,1.0,False,1,0
GO:1903169,regulation of calcium ion transmembrane transport (GO:1903169),0.434049448840333,0.7398710557227633,False,,,1,0
GO:1903170,negative regulation of calcium ion transmembrane transport,,,,1.0,False,1,0
GO:1903170,negative regulation of calcium ion transmembrane transport (GO:1903170),0.5246166981531856,0.8038365585126551,False,,,1,0
GO:1903201,regulation of oxidative stress-induced cell death (GO:1903201),0.6096907031774494,0.8504895159687053,False,,,1,0
GO:1903202,negative regulation of oxidative stress-induced cell death (GO:1903202),0.8774588044782161,0.9607052823042715,False,,,1,0
GO:1903204,negative regulation of oxidative stress-induced neuron death (GO:1903204),0.880597272308882,0.9609049061759464,False,,,1,0
GO:1903206,negative regulation of hydrogen peroxide-induced cell death (GO:1903206),0.3186186553768679,0.6460294141990028,False,,,1,0
GO:1903214,regulation of protein targeting to mitochondrion (GO:1903214),0.2356274632049165,0.564226621171874,False,,,1,0
GO:1903242,regulation of cardiac muscle hypertrophy in response to stress,,,,1.0,False,1,0
GO:1903243,negative regulation of cardiac muscle hypertrophy in response to stress,,,,1.0,False,1,0
GO:1903248,regulation of citrulline biosynthetic process,,,,1.0,False,1,0
GO:1903249,negative regulation of citrulline biosynthetic process,,,,1.0,False,1,0
GO:1903251,multi-ciliated epithelial cell differentiation,,,,1.0,False,1,0
GO:1903297,regulation of hypoxia-induced intrinsic apoptotic signaling pathway,,,,1.0,False,1,0
GO:1903298,negative regulation of hypoxia-induced intrinsic apoptotic signaling pathway,,,,1.0,False,1,0
GO:1903305,regulation of regulated secretory pathway,,,,0.868830691449359,False,1,0
GO:1903305,regulation of regulated secretory pathway (GO:1903305),0.3192692328237279,0.6462050160621131,False,,,1,0
GO:1903307,positive regulation of regulated secretory pathway,,,,1.0,False,1,0
GO:1903307,positive regulation of regulated secretory pathway (GO:1903307),0.0511928162958778,0.2734850031130487,False,,,1,0
GO:1903311,regulation of mRNA metabolic process,,,,0.2458402181004335,False,1,0
GO:1903311,regulation of mRNA metabolic process (GO:1903311),0.0834717480568954,0.3433929939043431,False,,,1,0
GO:1903312,negative regulation of mRNA metabolic process,,,,1.0,False,1,0
GO:1903313,positive regulation of mRNA metabolic process,,,,1.0,False,1,0
GO:1903313,positive regulation of mRNA metabolic process (GO:1903313),0.7308220389015638,0.9052932702657188,False,,,1,0
GO:1903317,regulation of protein maturation,,,,1.0,False,1,0
GO:1903319,positive regulation of protein maturation,,,,1.0,False,1,0
GO:1903319,positive regulation of protein maturation (GO:1903319),0.9606096599819044,0.9908625299218164,False,,,1,0
GO:1903320,regulation of protein modification by small protein conjugation or removal,,,,1.0,False,1,0
GO:1903320,regulation of protein modification by small protein conjugation or removal (GO:1903320),0.0001152229473854,0.0084046276814069,True,,,1,1
GO:1903321,negative regulation of protein modification by small protein conjugation or removal,,,,1.0,False,1,0
GO:1903321,negative regulation of protein modification by small protein conjugation or removal (GO:1903321),0.0060673698633872,0.0975149741179145,False,,,1,0
GO:1903322,positive regulation of protein modification by small protein conjugation or removal,,,,1.0,False,1,0
GO:1903322,positive regulation of protein modification by small protein conjugation or removal (GO:1903322),0.4619369242320557,0.7598121221215035,False,,,1,0
GO:1903332,regulation of protein folding,,,,1.0,False,1,0
GO:1903334,positive regulation of protein folding,,,,1.0,False,1,0
GO:1903358,regulation of Golgi organization (GO:1903358),0.1931791222750601,0.5116886420510096,False,,,1,0
GO:1903362,regulation of cellular protein catabolic process (GO:1903362),0.9891729146366052,0.9970589596642688,False,,,1,0
GO:1903363,negative regulation of cellular protein catabolic process (GO:1903363),0.5890409557046232,0.8421531643375937,False,,,1,0
GO:1903364,positive regulation of cellular protein catabolic process (GO:1903364),0.4606205797243066,0.7589634486943071,False,,,1,0
GO:1903365,regulation of fear response,,,,1.0,False,1,0
GO:1903381,regulation of endoplasmic reticulum stress-induced neuron intrinsic apoptotic signaling pathway,,,,1.0,False,1,0
GO:1903382,negative regulation of endoplasmic reticulum stress-induced neuron intrinsic apoptotic signaling pathway,,,,1.0,False,1,0
GO:1903409,reactive oxygen species biosynthetic process,,,,1.0,False,1,0
GO:1903416,response to glycoside,,,,1.0,False,1,0
GO:1903421,regulation of synaptic vesicle recycling,,,,1.0,False,1,0
GO:1903426,regulation of reactive oxygen species biosynthetic process,,,,1.0,False,1,0
GO:1903426,regulation of reactive oxygen species biosynthetic process (GO:1903426),0.7835048177767527,0.930151415908364,False,,,1,0
GO:1903427,negative regulation of reactive oxygen species biosynthetic process (GO:1903427),0.1806221829655752,0.4953723354941625,False,,,1,0
GO:1903428,positive regulation of reactive oxygen species biosynthetic process,,,,1.0,False,1,0
GO:1903428,positive regulation of reactive oxygen species biosynthetic process (GO:1903428),0.0829537557035549,0.3420609997593549,False,,,1,0
GO:1903432,regulation of TORC1 signaling,,,,1.0,False,1,0
GO:1903432,regulation of TORC1 signaling (GO:1903432),0.2384393533299833,0.5667487281934148,False,,,1,0
GO:1903441,protein localization to ciliary membrane,,,,1.0,False,1,0
GO:1903487,regulation of lactation,,,,1.0,False,1,0
GO:1903489,positive regulation of lactation,,,,1.0,False,1,0
GO:1903506,regulation of nucleic acid-templated transcription (GO:1903506),0.1280725554609023,0.4294091418293746,False,,,1,0
GO:1903507,negative regulation of nucleic acid-templated transcription (GO:1903507),0.0223920370178659,0.1812703553953179,False,,,1,0
GO:1903508,positive regulation of nucleic acid-templated transcription (GO:1903508),0.0016748638665948,0.0550828069960964,False,,,1,0
GO:1903513,endoplasmic reticulum to cytosol transport,,,,1.0,False,1,0
GO:1903513,endoplasmic reticulum to cytosol transport (GO:1903513),0.5716133822612302,0.8316135936020211,False,,,1,0
GO:1903514,release of sequestered calcium ion into cytosol by endoplasmic reticulum,,,,1.0,False,1,0
GO:1903522,regulation of blood circulation,,,,1.0,False,1,0
GO:1903522,regulation of blood circulation (GO:1903522),0.7272352521784413,0.90316408000447,False,,,1,0
GO:1903523,negative regulation of blood circulation,,,,1.0,False,1,0
GO:1903524,positive regulation of blood circulation,,,,1.0,False,1,0
GO:1903530,regulation of secretion by cell,,,,1.0,False,1,0
GO:1903530,regulation of secretion by cell (GO:1903530),0.5477126523466,0.8197989761865808,False,,,1,0
GO:1903531,negative regulation of secretion by cell,,,,1.0,False,1,0
GO:1903531,negative regulation of secretion by cell (GO:1903531),0.3888778829059039,0.6995508709988624,False,,,1,0
GO:1903532,positive regulation of secretion by cell,,,,1.0,False,1,0
GO:1903532,positive regulation of secretion by cell (GO:1903532),0.6635309524962012,0.8816317376126855,False,,,1,0
GO:1903533,regulation of protein targeting,,,,1.0,False,1,0
GO:1903539,protein localization to postsynaptic membrane,,,,1.0,False,1,0
GO:1903541,regulation of exosomal secretion (GO:1903541),0.4011551079123014,0.7098464432712569,False,,,1,0
GO:1903543,positive regulation of exosomal secretion (GO:1903543),0.5125222776036813,0.7946454972263352,False,,,1,0
GO:1903546,protein localization to photoreceptor outer segment,,,,1.0,False,1,0
GO:1903555,regulation of tumor necrosis factor superfamily cytokine production,,,,1.0,False,1,0
GO:1903556,negative regulation of tumor necrosis factor superfamily cytokine production,,,,1.0,False,1,0
GO:1903556,negative regulation of tumor necrosis factor superfamily cytokine production (GO:1903556),0.801284015263167,0.9362325644172682,False,,,1,0
GO:1903557,positive regulation of tumor necrosis factor superfamily cytokine production,,,,1.0,False,1,0
GO:1903557,positive regulation of tumor necrosis factor superfamily cytokine production (GO:1903557),0.0618559934322766,0.2968284145584193,False,,,1,0
GO:1903573,negative regulation of response to endoplasmic reticulum stress,,,,1.0,False,1,0
GO:1903573,negative regulation of response to endoplasmic reticulum stress (GO:1903573),0.164248736188533,0.4810766690965317,False,,,1,0
GO:1903578,regulation of ATP metabolic process,,,,1.0,False,1,0
GO:1903578,regulation of ATP metabolic process (GO:1903578),0.7114298742936696,0.8976891261463369,False,,,1,0
GO:1903579,negative regulation of ATP metabolic process,,,,1.0,False,1,0
GO:1903579,negative regulation of ATP metabolic process (GO:1903579),0.1561671010661796,0.4716097247961938,False,,,1,0
GO:1903580,positive regulation of ATP metabolic process (GO:1903580),0.1509940293642327,0.4651933522582716,False,,,1,0
GO:1903587,regulation of blood vessel endothelial cell proliferation involved in sprouting angiogenesis,,,,1.0,False,1,0
GO:1903587,regulation of blood vessel endothelial cell proliferation involved in sprouting angiogenesis (GO:1903587),0.0648296401215717,0.3048307503391517,False,,,1,0
GO:1903589,positive regulation of blood vessel endothelial cell proliferation involved in sprouting angiogenesis,,,,1.0,False,1,0
GO:1903599,positive regulation of autophagy of mitochondrion,,,,1.0,False,1,0
GO:1903649,regulation of cytoplasmic transport (GO:1903649),0.8730204926099723,0.9598025864360974,False,,,1,0
GO:1903651,positive regulation of cytoplasmic transport (GO:1903651),0.8002281491854792,0.9362325644172682,False,,,1,0
GO:1903670,regulation of sprouting angiogenesis,,,,1.0,False,1,0
GO:1903670,regulation of sprouting angiogenesis (GO:1903670),0.008540860168338,0.1119457097333135,False,,,1,0
GO:1903671,negative regulation of sprouting angiogenesis (GO:1903671),0.0144643002618511,0.1459124757797905,False,,,1,0
GO:1903672,positive regulation of sprouting angiogenesis,,,,1.0,False,1,0
GO:1903672,positive regulation of sprouting angiogenesis (GO:1903672),0.609426854603696,0.8504895159687053,False,,,1,0
GO:1903706,regulation of hemopoiesis,,,,1.0,False,1,0
GO:1903706,regulation of hemopoiesis (GO:1903706),0.330363750265502,0.653861071747995,False,,,1,0
GO:1903708,positive regulation of hemopoiesis,,,,1.0,False,1,0
GO:1903715,regulation of aerobic respiration (GO:1903715),0.6621514712225428,0.8816317376126855,False,,,1,0
GO:1903725,regulation of phospholipid metabolic process,,,,1.0,False,1,0
GO:1903725,regulation of phospholipid metabolic process (GO:1903725),0.4156789908355405,0.7235752236067945,False,,,1,0
GO:1903726,negative regulation of phospholipid metabolic process,,,,1.0,False,1,0
GO:1903729,regulation of plasma membrane organization,,,,1.0,False,1,0
GO:1903747,regulation of protein localization to mitochondrion,,,,1.0,False,1,0
GO:1903748,negative regulation of protein localization to mitochondrion,,,,1.0,False,1,0
GO:1903749,positive regulation of establishment of protein localization to mitochondrion (GO:1903749),0.6438347851299904,0.8696083512199467,False,,,1,0
GO:1903750,regulation of intrinsic apoptotic signaling pathway in response to hydrogen peroxide,,,,1.0,False,1,0
GO:1903751,negative regulation of intrinsic apoptotic signaling pathway in response to hydrogen peroxide,,,,1.0,False,1,0
GO:1903753,negative regulation of p38MAPK cascade,,,,1.0,False,1,0
GO:1903779,regulation of cardiac conduction,,,,1.0,False,1,0
GO:1903779,regulation of cardiac conduction (GO:1903779),0.1113155540073967,0.3986967859773898,False,,,1,0
GO:1903798,regulation of production of miRNAs involved in gene silencing by miRNA (GO:1903798),0.0966679331741152,0.3698919911492587,False,,,1,0
GO:1903799,negative regulation of production of miRNAs involved in gene silencing by miRNA (GO:1903799),0.0144253007216739,0.1459071083661577,False,,,1,0
GO:1903800,positive regulation of production of miRNAs involved in gene silencing by miRNA (GO:1903800),0.3638792477074406,0.6767650070072623,False,,,1,0
GO:1903817,negative regulation of voltage-gated potassium channel activity (GO:1903817),0.7685019054757256,0.9251243330848252,False,,,1,0
GO:1903818,positive regulation of voltage-gated potassium channel activity (GO:1903818),0.05333474357592,0.2782327874716076,False,,,1,0
GO:1903827,regulation of cellular protein localization (GO:1903827),0.0058928452420326,0.0959294506567801,False,,,1,0
GO:1903828,negative regulation of cellular protein localization (GO:1903828),0.0026470284899342,0.0634272164552891,False,,,1,0
GO:1903828,negative regulation of protein localization,,,,1.0,False,1,0
GO:1903829,positive regulation of cellular protein localization (GO:1903829),0.303163219279785,0.630800436527617,False,,,1,0
GO:1903829,positive regulation of protein localization,,,,1.0,False,1,0
GO:1903830,magnesium ion transmembrane transport,,,,1.0,False,1,0
GO:1903844,regulation of cellular response to transforming growth factor beta stimulus,,,,1.0,False,1,0
GO:1903844,regulation of cellular response to transforming growth factor beta stimulus (GO:1903844),0.3752661576812961,0.6874308435561098,False,,,1,0
GO:1903846,positive regulation of cellular response to transforming growth factor beta stimulus (GO:1903846),0.0721109642911554,0.3217845735957088,False,,,1,0
GO:1903859,regulation of dendrite extension,,,,1.0,False,1,0
GO:1903859,regulation of dendrite extension (GO:1903859),0.2686097153665823,0.599668422828397,False,,,1,0
GO:1903861,positive regulation of dendrite extension,,,,1.0,False,1,0
GO:1903861,positive regulation of dendrite extension (GO:1903861),0.3862976919670781,0.6967318809468033,False,,,1,0
GO:1903867,extraembryonic membrane development,,,,1.0,False,1,0
GO:1903894,regulation of IRE1-mediated unfolded protein response,,,,1.0,False,1,0
GO:1903894,regulation of IRE1-mediated unfolded protein response (GO:1903894),0.260921793352501,0.5926205761593032,False,,,1,0
GO:1903895,negative regulation of IRE1-mediated unfolded protein response,,,,1.0,False,1,0
GO:1903897,regulation of PERK-mediated unfolded protein response,,,,1.0,False,1,0
GO:1903898,negative regulation of PERK-mediated unfolded protein response,,,,1.0,False,1,0
GO:1903900,regulation of viral life cycle,,,,1.0,False,1,0
GO:1903900,regulation of viral life cycle (GO:1903900),0.5948452845550836,0.8437726867305281,False,,,1,0
GO:1903901,negative regulation of viral life cycle (GO:1903901),0.807996522251629,0.9374838039884996,False,,,1,0
GO:1903902,positive regulation of viral life cycle,,,,1.0,False,1,0
GO:1903902,positive regulation of viral life cycle (GO:1903902),0.1659293765883189,0.4833871930871689,False,,,1,0
GO:1903909,regulation of receptor clustering,,,,1.0,False,1,0
GO:1903918,regulation of actin filament severing,,,,1.0,False,1,0
GO:1903919,negative regulation of actin filament severing,,,,1.0,False,1,0
GO:1903921,regulation of protein processing in phagocytic vesicle,,,,1.0,False,1,0
GO:1903923,positive regulation of protein processing in phagocytic vesicle,,,,1.0,False,1,0
GO:1903935,response to sodium arsenite,,,,1.0,False,1,0
GO:1903936,cellular response to sodium arsenite,,,,1.0,False,1,0
GO:1903955,positive regulation of protein targeting to mitochondrion (GO:1903955),0.1096938720173596,0.3975733686613402,False,,,1,0
GO:1903963,arachidonate transport (GO:1903963),0.0064989893115277,0.101443071846192,False,,,1,0
GO:1903975,regulation of glial cell migration,,,,1.0,False,1,0
GO:1903977,positive regulation of glial cell migration,,,,1.0,False,1,0
GO:1903978,regulation of microglial cell activation,,,,1.0,False,1,0
GO:1903978,regulation of microglial cell activation (GO:1903978),0.0189938450356143,0.1659992032720859,False,,,1,0
GO:1903980,positive regulation of microglial cell activation,,,,1.0,False,1,0
GO:1904016,response to Thyroglobulin triiodothyronine,,,,1.0,False,1,0
GO:1904018,positive regulation of vasculature development,,,,1.0,False,1,0
GO:1904018,positive regulation of vasculature development (GO:1904018),0.0811159867336609,0.3377375838140357,False,,,1,0
GO:1904019,epithelial cell apoptotic process,,,,1.0,False,1,0
GO:1904029,regulation of cyclin-dependent protein kinase activity (GO:1904029),0.0580921643473091,0.2895447823513059,False,,,1,0
GO:1904030,negative regulation of cyclin-dependent protein kinase activity (GO:1904030),0.4467988235310961,0.7498707688732069,False,,,1,0
GO:1904031,positive regulation of cyclin-dependent protein kinase activity (GO:1904031),0.002449982894512,0.0627890886411107,False,,,1,0
GO:1904036,negative regulation of epithelial cell apoptotic process (GO:1904036),0.5632953246761307,0.8292780245099893,False,,,1,0
GO:1904037,positive regulation of epithelial cell apoptotic process (GO:1904037),0.0731522515472646,0.3241405566091447,False,,,1,0
GO:1904062,regulation of cation transmembrane transport (GO:1904062),0.8862987900105717,0.962970870956774,False,,,1,0
GO:1904062,regulation of monoatomic cation transmembrane transport,,,,1.0,False,1,0
GO:1904063,negative regulation of cation transmembrane transport,,,,1.0,False,1,0
GO:1904063,negative regulation of cation transmembrane transport (GO:1904063),0.2081108476564366,0.5307826745799399,False,,,1,0
GO:1904064,positive regulation of cation transmembrane transport,,,,1.0,False,1,0
GO:1904064,positive regulation of cation transmembrane transport (GO:1904064),0.2998236080670386,0.6262284941620472,False,,,1,0
GO:1904124,microglial cell migration,,,,1.0,False,1,0
GO:1904139,regulation of microglial cell migration,,,,1.0,False,1,0
GO:1904141,positive regulation of microglial cell migration,,,,1.0,False,1,0
GO:1904152,"regulation of retrograde protein transport, ER to cytosol (GO:1904152)",0.5386049185670476,0.813305056298843,False,,,1,0
GO:1904181,positive regulation of membrane depolarization,,,,1.0,False,1,0
GO:1904262,negative regulation of TORC1 signaling,,,,1.0,False,1,0
GO:1904262,negative regulation of TORC1 signaling (GO:1904262),0.0058257425660856,0.0956850311649066,False,,,1,0
GO:1904263,positive regulation of TORC1 signaling,,,,1.0,False,1,0
GO:1904263,positive regulation of TORC1 signaling (GO:1904263),0.1582757443862192,0.4727411226183108,False,,,1,0
GO:1904292,regulation of ERAD pathway,,,,1.0,False,1,0
GO:1904292,regulation of ERAD pathway (GO:1904292),0.3505065790045688,0.6687482163804475,False,,,1,0
GO:1904294,positive regulation of ERAD pathway (GO:1904294),0.0901327255628923,0.3554210303122367,False,,,1,0
GO:1904321,response to forskolin,,,,1.0,False,1,0
GO:1904322,cellular response to forskolin,,,,1.0,False,1,0
GO:1904353,regulation of telomere capping (GO:1904353),0.626234002397446,0.8589177138042156,False,,,1,0
GO:1904355,positive regulation of telomere capping (GO:1904355),0.2383461899848864,0.5667487281934148,False,,,1,0
GO:1904356,regulation of telomere maintenance via telomere lengthening (GO:1904356),0.2228928922148394,0.550575629392445,False,,,1,0
GO:1904357,negative regulation of telomere maintenance via telomere lengthening (GO:1904357),0.2392258789994314,0.5681801872541288,False,,,1,0
GO:1904358,positive regulation of telomere maintenance via telomere lengthening (GO:1904358),0.291653542172467,0.6190497400448614,False,,,1,0
GO:1904375,regulation of protein localization to cell periphery,,,,1.0,False,1,0
GO:1904375,regulation of protein localization to cell periphery (GO:1904375),0.722222032729278,0.901786483766216,False,,,1,0
GO:1904376,negative regulation of protein localization to cell periphery (GO:1904376),0.3425920906055587,0.6612986257846739,False,,,1,0
GO:1904377,positive regulation of protein localization to cell periphery,,,,1.0,False,1,0
GO:1904377,positive regulation of protein localization to cell periphery (GO:1904377),0.1324590480474066,0.4380271745804823,False,,,1,0
GO:1904380,endoplasmic reticulum mannose trimming (GO:1904380),0.3498211047995118,0.6684490934531729,False,,,1,0
GO:1904407,positive regulation of nitric oxide metabolic process (GO:1904407),0.0089442616388739,0.1142275568897267,False,,,1,0
GO:1904427,positive regulation of calcium ion transmembrane transport,,,,1.0,False,1,0
GO:1904427,positive regulation of calcium ion transmembrane transport (GO:1904427),0.4526992436339563,0.7547532920184608,False,,,1,0
GO:1904591,positive regulation of protein import (GO:1904591),0.9651756295045442,0.9923686975230194,False,,,1,0
GO:1904592,positive regulation of protein refolding,,,,1.0,False,1,0
GO:1904614,response to biphenyl,,,,1.0,False,1,0
GO:1904640,response to methionine,,,,1.0,False,1,0
GO:1904645,response to amyloid-beta (GO:1904645),0.5658369905019913,0.830580381181909,False,,,1,0
GO:1904646,cellular response to amyloid-beta (GO:1904646),0.6144141975377244,0.8517596686731141,False,,,1,0
GO:1904659,D-glucose transmembrane transport,,,,1.0,False,1,0
GO:1904659,glucose transmembrane transport (GO:1904659),0.235408631809437,0.5641639701843735,False,,,1,0
GO:1904666,regulation of ubiquitin protein ligase activity (GO:1904666),0.1456308453774886,0.4554795731574688,False,,,1,0
GO:1904668,positive regulation of ubiquitin protein ligase activity (GO:1904668),0.951542286255872,0.9879225714633576,False,,,1,0
GO:1904692,positive regulation of type B pancreatic cell proliferation,,,,1.0,False,1,0
GO:1904705,regulation of vascular associated smooth muscle cell proliferation (GO:1904705),0.188591723780734,0.5056924304103195,False,,,1,0
GO:1904706,negative regulation of vascular associated smooth muscle cell proliferation (GO:1904706),0.3311066231072485,0.653861071747995,False,,,1,0
GO:1904707,positive regulation of vascular associated smooth muscle cell proliferation (GO:1904707),0.0091892428915844,0.115074038479985,False,,,1,0
GO:1904714,regulation of chaperone-mediated autophagy,,,,1.0,False,1,0
GO:1904717,regulation of AMPA glutamate receptor clustering,,,,1.0,False,1,0
GO:1904749,regulation of protein localization to nucleolus,,,,1.0,False,1,0
GO:1904751,positive regulation of protein localization to nucleolus,,,,1.0,False,1,0
GO:1904752,regulation of vascular associated smooth muscle cell migration (GO:1904752),0.6829304695202024,0.8857886079933793,False,,,1,0
GO:1904764,chaperone-mediated autophagy translocation complex disassembly,,,,1.0,False,1,0
GO:1904776,regulation of protein localization to cell cortex,,,,1.0,False,1,0
GO:1904778,positive regulation of protein localization to cell cortex,,,,1.0,False,1,0
GO:1904779,regulation of protein localization to centrosome (GO:1904779),0.2841440463289694,0.613408291249733,False,,,1,0
GO:1904816,"positive regulation of protein localization to chromosome, telomeric region (GO:1904816)",0.2291700694745532,0.557563870119936,False,,,1,0
GO:1904837,beta-catenin-TCF complex assembly (GO:1904837),0.0003599399449609,0.0202937520494173,True,,,1,1
GO:1904851,positive regulation of establishment of protein localization to telomere (GO:1904851),0.7253271118681305,0.9023257152186952,False,,,1,0
GO:1904861,excitatory synapse assembly,,,,1.0,False,1,0
GO:1904862,inhibitory synapse assembly,,,,1.0,False,1,0
GO:1904862,inhibitory synapse assembly (GO:1904862),0.0471561724955324,0.2607337642500794,False,,,1,0
GO:1904869,regulation of protein localization to Cajal body (GO:1904869),0.5837831084601202,0.8368440402075721,False,,,1,0
GO:1904871,positive regulation of protein localization to Cajal body (GO:1904871),0.5837831084601202,0.8368440402075721,False,,,1,0
GO:1904872,regulation of telomerase RNA localization to Cajal body (GO:1904872),0.7212102712313112,0.901577150646912,False,,,1,0
GO:1904874,positive regulation of telomerase RNA localization to Cajal body (GO:1904874),0.8405325011641422,0.9476095421772875,False,,,1,0
GO:1904878,negative regulation of calcium ion transmembrane transport via high voltage-gated calcium channel,,,,1.0,False,1,0
GO:1904886,beta-catenin destruction complex disassembly (GO:1904886),0.7772912984005327,0.9276147993966184,False,,,1,0
GO:1904889,regulation of excitatory synapse assembly,,,,1.0,False,1,0
GO:1904892,regulation of receptor signaling pathway via STAT,,,,1.0,False,1,0
GO:1904892,regulation of receptor signaling pathway via STAT (GO:1904892),0.1788807110524309,0.4944603003905322,False,,,1,0
GO:1904893,negative regulation of receptor signaling pathway via STAT (GO:1904893),0.1265432022743221,0.4277882051929623,False,,,1,0
GO:1904894,positive regulation of receptor signaling pathway via STAT (GO:1904894),0.0387187045861632,0.2365257197463446,False,,,1,0
GO:1904896,ESCRT complex disassembly (GO:1904896),0.0329871434136899,0.2187416695246959,False,,,1,0
GO:1904903,ESCRT III complex disassembly (GO:1904903),0.0329871434136899,0.2187416695246959,False,,,1,0
GO:1904936,interneuron migration,,,,1.0,False,1,0
GO:1904948,midbrain dopaminergic neuron differentiation,,,,1.0,False,1,0
GO:1904948,midbrain dopaminergic neuron differentiation (GO:1904948),0.1616513926074524,0.4764131563015283,False,,,1,0
GO:1904950,negative regulation of establishment of protein localization,,,,1.0,False,1,0
GO:1904950,negative regulation of establishment of protein localization (GO:1904950),0.4007575540335873,0.7098464432712569,False,,,1,0
GO:1904951,positive regulation of establishment of protein localization,,,,1.0,False,1,0
GO:1904951,positive regulation of establishment of protein localization (GO:1904951),0.6941873059885374,0.8883442819212288,False,,,1,0
GO:1904953,Wnt signaling pathway involved in midbrain dopaminergic neuron differentiation (GO:1904953),0.3814225164914399,0.6922635276889937,False,,,1,0
GO:1904994,regulation of leukocyte adhesion to vascular endothelial cell (GO:1904994),0.5050432961384387,0.7885560990393584,False,,,1,0
GO:1904996,positive regulation of leukocyte adhesion to vascular endothelial cell (GO:1904996),0.0075816406718585,0.1093102392075158,False,,,1,0
GO:1905037,autophagosome organization (GO:1905037),0.3950347954037851,0.7064436487348218,False,,,1,0
GO:1905039,carboxylic acid transmembrane transport,,,,1.0,False,1,0
GO:1905039,carboxylic acid transmembrane transport (GO:1905039),0.9245192438579114,0.97625319931878,False,,,1,0
GO:1905089,regulation of type 2 mitophagy,,,,1.0,False,1,0
GO:1905091,positive regulation of type 2 mitophagy,,,,1.0,False,1,0
GO:1905144,response to acetylcholine,,,,1.0,False,1,0
GO:1905145,cellular response to acetylcholine,,,,1.0,False,1,0
GO:1905145,cellular response to acetylcholine (GO:1905145),0.3792986023812411,0.6904306875313894,False,,,1,0
GO:1905168,positive regulation of double-strand break repair via homologous recombination,,,,1.0,False,1,0
GO:1905168,positive regulation of double-strand break repair via homologous recombination (GO:1905168),0.9202453826721118,0.9747251428303044,False,,,1,0
GO:1905209,positive regulation of cardiocyte differentiation (GO:1905209),0.9359708269066072,0.9801917578783246,False,,,1,0
GO:1905232,cellular response to L-glutamate,,,,1.0,False,1,0
GO:1905244,regulation of modification of synaptic structure,,,,1.0,False,1,0
GO:1905268,negative regulation of chromatin organization,,,,1.0,False,1,0
GO:1905269,positive regulation of chromatin organization (GO:1905269),0.9548966362224952,0.989866887453382,False,,,1,0
GO:1905274,regulation of modification of postsynaptic actin cytoskeleton,,,,1.0,False,1,0
GO:1905330,regulation of morphogenesis of an epithelium,,,,1.0,False,1,0
GO:1905332,positive regulation of morphogenesis of an epithelium (GO:1905332),0.2571634285992767,0.5906989934059799,False,,,1,0
GO:1905355,spine apparatus assembly,,,,1.0,False,1,0
GO:1905383,protein localization to presynapse,,,,1.0,False,1,0
GO:1905453,regulation of myeloid progenitor cell differentiation,,,,1.0,False,1,0
GO:1905455,positive regulation of myeloid progenitor cell differentiation,,,,1.0,False,1,0
GO:1905475,regulation of protein localization to membrane,,,,1.0,False,1,0
GO:1905475,regulation of protein localization to membrane (GO:1905475),0.5255772910918494,0.8038365585126551,False,,,1,0
GO:1905476,negative regulation of protein localization to membrane (GO:1905476),0.803996759929842,0.9366853555931376,False,,,1,0
GO:1905477,positive regulation of protein localization to membrane,,,,1.0,False,1,0
GO:1905477,positive regulation of protein localization to membrane (GO:1905477),0.5428089675095855,0.8174141791134549,False,,,1,0
GO:1905508,protein localization to microtubule organizing center,,,,1.0,False,1,0
GO:1905508,protein localization to microtubule organizing center (GO:1905508),0.2034501166640226,0.5238875033989396,False,,,1,0
GO:1905515,non-motile cilium assembly,,,,1.0,False,1,0
GO:1905515,non-motile cilium assembly (GO:1905515),0.2136534875599718,0.5381506980872844,False,,,1,0
GO:1905517,macrophage migration,,,,1.0,False,1,0
GO:1905517,macrophage migration (GO:1905517),0.4750188056039425,0.7693195258991263,False,,,1,0
GO:1905521,regulation of macrophage migration,,,,1.0,False,1,0
GO:1905521,regulation of macrophage migration (GO:1905521),0.230079167430012,0.5586299141255907,False,,,1,0
GO:1905523,positive regulation of macrophage migration,,,,1.0,False,1,0
GO:1905523,positive regulation of macrophage migration (GO:1905523),0.4719922826331058,0.7666634734237201,False,,,1,0
GO:1905562,regulation of vascular endothelial cell proliferation (GO:1905562),0.7070622990350522,0.8957539412959096,False,,,1,0
GO:1905564,positive regulation of vascular endothelial cell proliferation (GO:1905564),0.7440538965893218,0.9121513994063664,False,,,1,0
GO:1905601,negative regulation of receptor-mediated endocytosis involved in cholesterol transport,,,,1.0,False,1,0
GO:1905606,regulation of presynapse assembly (GO:1905606),0.0253645722221451,0.1916490486824629,False,,,1,0
GO:1905684,regulation of plasma membrane repair,,,,1.0,False,1,0
GO:1905710,positive regulation of membrane permeability,,,,1.0,False,1,0
GO:1905818,regulation of chromosome separation,,,,1.0,False,1,0
GO:1905820,positive regulation of chromosome separation,,,,1.0,False,1,0
GO:1905832,positive regulation of spindle assembly,,,,1.0,False,1,0
GO:1905874,regulation of postsynaptic density organization,,,,1.0,False,1,0
GO:1905897,regulation of response to endoplasmic reticulum stress,,,,1.0,False,1,0
GO:1905897,regulation of response to endoplasmic reticulum stress (GO:1905897),0.6582113824318746,0.8793926641648822,False,,,1,0
GO:1905898,positive regulation of response to endoplasmic reticulum stress (GO:1905898),0.2531328403912318,0.5865197700696044,False,,,1,0
GO:1905906,regulation of amyloid fibril formation (GO:1905906),0.8762927141383114,0.9606295562793686,False,,,1,0
GO:1905907,negative regulation of amyloid fibril formation (GO:1905907),0.8469647104240515,0.9481010610292244,False,,,1,0
GO:1905936,regulation of germ cell proliferation,,,,1.0,False,1,0
GO:1905937,negative regulation of germ cell proliferation,,,,1.0,False,1,0
GO:1905952,regulation of lipid localization,,,,1.0,False,1,0
GO:1905953,negative regulation of lipid localization,,,,1.0,False,1,0
GO:1905954,positive regulation of lipid localization (GO:1905954),0.843002488881966,0.9476095421772875,False,,,1,0
GO:1990000,amyloid fibril formation (GO:1990000),0.8298495199711079,0.9460833270966073,False,,,1,0
GO:1990089,response to nerve growth factor,,,,1.0,False,1,0
GO:1990090,cellular response to nerve growth factor stimulus,,,,1.0,False,1,0
GO:1990090,cellular response to nerve growth factor stimulus (GO:1990090),0.5678499911060121,0.8314233713582724,False,,,1,0
GO:1990116,ribosome-associated ubiquitin-dependent protein catabolic process,,,,1.0,False,1,0
GO:1990138,neuron projection extension,,,,1.0,False,1,0
GO:1990138,neuron projection extension (GO:1990138),0.1062460955966898,0.3894592062179453,False,,,1,0
GO:1990144,intrinsic apoptotic signaling pathway in response to hypoxia,,,,1.0,False,1,0
GO:1990253,cellular response to leucine starvation (GO:1990253),0.4022207656964048,0.7102529628894151,False,,,1,0
GO:1990266,neutrophil migration,,,,1.0,False,1,0
GO:1990266,neutrophil migration (GO:1990266),0.2152199287639049,0.5399002578052192,False,,,1,0
GO:1990403,embryonic brain development,,,,1.0,False,1,0
GO:1990418,response to insulin-like growth factor stimulus,,,,1.0,False,1,0
GO:1990440,positive regulation of transcription from RNA polymerase II promoter in response to endoplasmic reticulum stress (GO:1990440),0.1720551350358296,0.4884768916099563,False,,,1,0
GO:1990504,dense core granule exocytosis,,,,1.0,False,1,0
GO:1990544,mitochondrial ATP transmembrane transport,,,,1.0,False,1,0
GO:1990573,potassium ion import across plasma membrane (GO:1990573),0.6701144639587193,0.8820433427783411,False,,,1,0
GO:1990709,presynaptic active zone organization,,,,1.0,False,1,0
GO:1990778,protein localization to cell periphery,,,,1.0,False,1,0
GO:1990778,protein localization to cell periphery (GO:1990778),0.8781645615411374,0.9607052823042715,False,,,1,0
GO:1990806,ligand-gated ion channel signaling pathway,,,,1.0,False,1,0
GO:1990809,endoplasmic reticulum tubular network membrane organization,,,,1.0,False,1,0
GO:1990823,response to leukemia inhibitory factor,,,,1.0,False,1,0
GO:1990830,cellular response to leukemia inhibitory factor,,,,1.0,False,1,0
GO:1990832,slow axonal transport,,,,1.0,False,1,0
GO:1990834,response to odorant,,,,1.0,False,1,0
GO:1990845,adaptive thermogenesis,,,,1.0,False,1,0
GO:1990849,vacuolar localization,,,,1.0,False,1,0
GO:1990858,cellular response to lectin (GO:1990858),0.0050456132953036,0.088804276196764,False,,,1,0
GO:1990868,response to chemokine,,,,1.0,False,1,0
GO:1990868,response to chemokine (GO:1990868),0.1869370876732232,0.5040009662650662,False,,,1,0
GO:1990869,cellular response to chemokine,,,,1.0,False,1,0
GO:1990869,cellular response to chemokine (GO:1990869),0.6303053917233856,0.8624556832969642,False,,,1,0
GO:1990928,response to amino acid starvation,,,,1.0,False,1,0
GO:1990928,response to amino acid starvation (GO:1990928),0.2004985630851181,0.5190163943115846,False,,,1,0
GO:2000001,regulation of DNA damage checkpoint (GO:2000001),0.1934812525200258,0.5121244876541925,False,,,1,0
GO:2000008,regulation of protein localization to cell surface (GO:2000008),0.2659911908762185,0.5966319260753972,False,,,1,0
GO:2000009,negative regulation of protein localization to cell surface (GO:2000009),0.7736880898666822,0.9260907468278736,False,,,1,0
GO:2000010,positive regulation of protein localization to cell surface (GO:2000010),0.2408046292178068,0.5701447931480284,False,,,1,0
GO:2000026,regulation of multicellular organismal development,,,,0.0139391994498932,True,1,1
GO:2000026,regulation of multicellular organismal development (GO:2000026),0.434403596386658,0.7398710557227633,False,,,1,0
GO:2000027,regulation of animal organ morphogenesis,,,,1.0,False,1,0
GO:2000036,regulation of stem cell population maintenance,,,,1.0,False,1,0
GO:2000036,regulation of stem cell population maintenance (GO:2000036),0.754846128671613,0.920325093555586,False,,,1,0
GO:2000042,negative regulation of double-strand break repair via homologous recombination (GO:2000042),0.9111131005741926,0.971836892710324,False,,,1,0
GO:2000045,regulation of G1/S transition of mitotic cell cycle,,,,1.0,False,1,0
GO:2000045,regulation of G1/S transition of mitotic cell cycle (GO:2000045),0.0035100635979674,0.0760781212976603,False,,,1,0
GO:2000047,regulation of cell-cell adhesion mediated by cadherin (GO:2000047),0.0017462714711023,0.0556605688226153,False,,,1,0
GO:2000048,negative regulation of cell-cell adhesion mediated by cadherin (GO:2000048),0.1107579290500371,0.3978265387185519,False,,,1,0
GO:2000050,regulation of non-canonical Wnt signaling pathway,,,,1.0,False,1,0
GO:2000050,regulation of non-canonical Wnt signaling pathway (GO:2000050),0.1773446841574435,0.4944603003905322,False,,,1,0
GO:2000052,positive regulation of non-canonical Wnt signaling pathway,,,,1.0,False,1,0
GO:2000052,positive regulation of non-canonical Wnt signaling pathway (GO:2000052),0.1988253083233931,0.5168912916179783,False,,,1,0
GO:2000058,regulation of ubiquitin-dependent protein catabolic process,,,,1.0,False,1,0
GO:2000058,regulation of ubiquitin-dependent protein catabolic process (GO:2000058),0.9223338273504342,0.9753030964985216,False,,,1,0
GO:2000059,negative regulation of ubiquitin-dependent protein catabolic process (GO:2000059),0.6529748131957035,0.875170836201874,False,,,1,0
GO:2000060,positive regulation of ubiquitin-dependent protein catabolic process,,,,1.0,False,1,0
GO:2000060,positive regulation of ubiquitin-dependent protein catabolic process (GO:2000060),0.0182885156305626,0.1616977617406158,False,,,1,0
GO:2000104,negative regulation of DNA-dependent DNA replication (GO:2000104),0.8361769183893508,0.9474416955400868,False,,,1,0
GO:2000105,positive regulation of DNA-dependent DNA replication (GO:2000105),0.2333302771918691,0.5612055276276591,False,,,1,0
GO:2000106,regulation of leukocyte apoptotic process,,,,1.0,False,1,0
GO:2000107,negative regulation of leukocyte apoptotic process,,,,1.0,False,1,0
GO:2000107,negative regulation of leukocyte apoptotic process (GO:2000107),0.6925331053513549,0.8880576284924797,False,,,1,0
GO:2000108,positive regulation of leukocyte apoptotic process,,,,1.0,False,1,0
GO:2000108,positive regulation of leukocyte apoptotic process (GO:2000108),0.8586405447617962,0.9528267849547202,False,,,1,0
GO:2000112,regulation of cellular macromolecule biosynthetic process (GO:2000112),0.4533670457543906,0.7548820037517135,False,,,1,0
GO:2000114,regulation of establishment of cell polarity (GO:2000114),0.5732242075073402,0.8316135936020211,False,,,1,0
GO:2000116,regulation of cysteine-type endopeptidase activity (GO:2000116),0.4547417987893862,0.755843839968511,False,,,1,0
GO:2000117,negative regulation of cysteine-type endopeptidase activity (GO:2000117),0.3042963622229335,0.6317438981453678,False,,,1,0
GO:2000134,negative regulation of G1/S transition of mitotic cell cycle,,,,1.0,False,1,0
GO:2000134,negative regulation of G1/S transition of mitotic cell cycle (GO:2000134),0.0004569479363244,0.0237691460920808,True,,,1,1
GO:2000142,"regulation of DNA-templated transcription, initiation (GO:2000142)",0.2295692401625708,0.5581770050875842,False,,,1,0
GO:2000144,"positive regulation of DNA-templated transcription, initiation (GO:2000144)",0.7920103987123027,0.9332007274070524,False,,,1,0
GO:2000145,regulation of cell motility,,,,0.0107775477720674,True,1,1
GO:2000145,regulation of cell motility (GO:2000145),0.0115652015207919,0.1299509051571383,False,,,1,0
GO:2000146,negative regulation of cell motility,,,,1.0,False,1,0
GO:2000146,negative regulation of cell motility (GO:2000146),0.1798258086878547,0.4950613039023753,False,,,1,0
GO:2000147,positive regulation of cell motility,,,,0.0903536348040278,False,1,0
GO:2000147,positive regulation of cell motility (GO:2000147),6.490747761326112e-05,0.0063224551260786,True,,,1,1
GO:2000177,regulation of neural precursor cell proliferation (GO:2000177),0.9581134422085478,0.9908625299218164,False,,,1,0
GO:2000179,positive regulation of neural precursor cell proliferation (GO:2000179),0.0361070531368605,0.2271211485043318,False,,,1,0
GO:2000181,negative regulation of blood vessel morphogenesis,,,,1.0,False,1,0
GO:2000181,negative regulation of blood vessel morphogenesis (GO:2000181),0.0093303784820602,0.1158109852891132,False,,,1,0
GO:2000182,regulation of progesterone biosynthetic process,,,,1.0,False,1,0
GO:2000191,regulation of fatty acid transport,,,,1.0,False,1,0
GO:2000192,negative regulation of fatty acid transport,,,,1.0,False,1,0
GO:2000197,regulation of ribonucleoprotein complex localization,,,,1.0,False,1,0
GO:2000209,regulation of anoikis,,,,1.0,False,1,0
GO:2000209,regulation of anoikis (GO:2000209),0.0079486166168183,0.1100332219985113,False,,,1,0
GO:2000232,regulation of rRNA processing (GO:2000232),0.0565022397912386,0.2860961556831345,False,,,1,0
GO:2000234,positive regulation of rRNA processing (GO:2000234),0.0153459374093107,0.1511873781649759,False,,,1,0
GO:2000241,regulation of reproductive process,,,,1.0,False,1,0
GO:2000242,negative regulation of reproductive process,,,,1.0,False,1,0
GO:2000242,negative regulation of reproductive process (GO:2000242),0.6733533639409737,0.8831359991106892,False,,,1,0
GO:2000243,positive regulation of reproductive process,,,,1.0,False,1,0
GO:2000243,positive regulation of reproductive process (GO:2000243),0.4911675700639857,0.779074204613017,False,,,1,0
GO:2000249,regulation of actin cytoskeleton reorganization (GO:2000249),0.010646338745102,0.1246344532721363,False,,,1,0
GO:2000251,positive regulation of actin cytoskeleton reorganization (GO:2000251),0.1117102972523079,0.398731002981777,False,,,1,0
GO:2000253,positive regulation of feeding behavior,,,,1.0,False,1,0
GO:2000254,regulation of male germ cell proliferation,,,,1.0,False,1,0
GO:2000255,negative regulation of male germ cell proliferation,,,,1.0,False,1,0
GO:2000272,negative regulation of signaling receptor activity (GO:2000272),0.580049120689414,0.8359015903060739,False,,,1,0
GO:2000273,positive regulation of signaling receptor activity (GO:2000273),0.3740187973826829,0.6873803342179323,False,,,1,0
GO:2000278,regulation of DNA biosynthetic process (GO:2000278),0.024299196767587,0.1885322680554627,False,,,1,0
GO:2000279,negative regulation of DNA biosynthetic process (GO:2000279),0.3958911501056864,0.7076414384311351,False,,,1,0
GO:2000282,regulation of amino acid biosynthetic process,,,,1.0,False,1,0
GO:2000283,negative regulation of amino acid biosynthetic process,,,,1.0,False,1,0
GO:2000300,regulation of synaptic vesicle exocytosis,,,,0.9046272116890294,False,1,0
GO:2000300,regulation of synaptic vesicle exocytosis (GO:2000300),0.9869582559929732,0.9967019476166986,False,,,1,0
GO:2000303,regulation of ceramide biosynthetic process (GO:2000303),0.0094056906987768,0.1162077681448224,False,,,1,0
GO:2000304,positive regulation of ceramide biosynthetic process (GO:2000304),0.0224616575364617,0.1812703553953179,False,,,1,0
GO:2000310,regulation of NMDA receptor activity (GO:2000310),0.8382610807245773,0.9476095421772875,False,,,1,0
GO:2000311,regulation of AMPA receptor activity,,,,1.0,False,1,0
GO:2000311,regulation of AMPA receptor activity (GO:2000311),0.0256809065465334,0.192886492140597,False,,,1,0
GO:2000318,positive regulation of T-helper 17 type immune response (GO:2000318),0.3145846032252898,0.6423970644225221,False,,,1,0
GO:2000319,regulation of T-helper 17 cell differentiation (GO:2000319),0.226005888441486,0.5543390683083346,False,,,1,0
GO:2000322,regulation of nuclear receptor-mediated glucocorticoid signaling pathway,,,,1.0,False,1,0
GO:2000323,negative regulation of nuclear receptor-mediated glucocorticoid signaling pathway,,,,1.0,False,1,0
GO:2000324,positive regulation of nuclear receptor-mediated glucocorticoid signaling pathway,,,,1.0,False,1,0
GO:2000341,regulation of chemokine (C-X-C motif) ligand 2 production (GO:2000341),0.9382335473898152,0.9811744817340968,False,,,1,0
GO:2000345,regulation of hepatocyte proliferation,,,,1.0,False,1,0
GO:2000347,positive regulation of hepatocyte proliferation,,,,1.0,False,1,0
GO:2000351,regulation of endothelial cell apoptotic process,,,,1.0,False,1,0
GO:2000351,regulation of endothelial cell apoptotic process (GO:2000351),0.0159738336488863,0.1530018965409745,False,,,1,0
GO:2000352,negative regulation of endothelial cell apoptotic process (GO:2000352),0.2156893711103175,0.5407202806486677,False,,,1,0
GO:2000353,positive regulation of endothelial cell apoptotic process,,,,1.0,False,1,0
GO:2000353,positive regulation of endothelial cell apoptotic process (GO:2000353),0.0319904873022881,0.2159073280028093,False,,,1,0
GO:2000369,regulation of clathrin-dependent endocytosis (GO:2000369),0.3322161707498204,0.6542554183042933,False,,,1,0
GO:2000377,regulation of reactive oxygen species metabolic process,,,,1.0,False,1,0
GO:2000377,regulation of reactive oxygen species metabolic process (GO:2000377),0.7205793800603975,0.9012330565795528,False,,,1,0
GO:2000378,negative regulation of reactive oxygen species metabolic process (GO:2000378),0.2348025937460102,0.5633183036550391,False,,,1,0
GO:2000379,positive regulation of reactive oxygen species metabolic process,,,,1.0,False,1,0
GO:2000379,positive regulation of reactive oxygen species metabolic process (GO:2000379),0.0089409140678815,0.1142275568897267,False,,,1,0
GO:2000392,regulation of lamellipodium morphogenesis (GO:2000392),0.1132015939996301,0.4003999491545427,False,,,1,0
GO:2000401,regulation of lymphocyte migration (GO:2000401),0.7743380711190248,0.9260907468278736,False,,,1,0
GO:2000402,negative regulation of lymphocyte migration (GO:2000402),0.6116244418263714,0.8510623591142629,False,,,1,0
GO:2000403,positive regulation of lymphocyte migration (GO:2000403),0.1504492968790424,0.4650602078076737,False,,,1,0
GO:2000404,regulation of T cell migration (GO:2000404),0.7989568302585613,0.9362325644172682,False,,,1,0
GO:2000406,positive regulation of T cell migration (GO:2000406),0.1188488653169758,0.4116837864358805,False,,,1,0
GO:2000434,regulation of protein neddylation (GO:2000434),0.3186411932533265,0.6460294141990028,False,,,1,0
GO:2000463,positive regulation of excitatory postsynaptic potential,,,,1.0,False,1,0
GO:2000463,positive regulation of excitatory postsynaptic potential (GO:2000463),0.0745631661353034,0.326278072440219,False,,,1,0
GO:2000479,regulation of cAMP-dependent protein kinase activity (GO:2000479),0.9903184808328754,0.9974184805626916,False,,,1,0
GO:2000508,regulation of dendritic cell chemotaxis,,,,1.0,False,1,0
GO:2000510,positive regulation of dendritic cell chemotaxis,,,,1.0,False,1,0
GO:2000515,"negative regulation of CD4-positive, alpha-beta T cell activation (GO:2000515)",0.2970486170787522,0.6246027934312549,False,,,1,0
GO:2000516,"positive regulation of CD4-positive, alpha-beta T cell activation (GO:2000516)",0.9509256796611008,0.9876399515209628,False,,,1,0
GO:2000551,regulation of T-helper 2 cell cytokine production (GO:2000551),0.0612374346520389,0.2968284145584193,False,,,1,0
GO:2000573,positive regulation of DNA biosynthetic process (GO:2000573),0.9994661955114564,0.9995687277764532,False,,,1,0
GO:2000615,regulation of histone H3-K9 acetylation (GO:2000615),0.0103799778853834,0.1222709817368302,False,,,1,0
GO:2000628,regulation of miRNA metabolic process,,,,1.0,False,1,0
GO:2000629,negative regulation of miRNA metabolic process,,,,1.0,False,1,0
GO:2000630,positive regulation of miRNA metabolic process,,,,1.0,False,1,0
GO:2000637,positive regulation of gene silencing by miRNA (GO:2000637),0.0580588750964345,0.2895447823513059,False,,,1,0
GO:2000641,regulation of early endosome to late endosome transport (GO:2000641),0.2675649554556659,0.5983926155915925,False,,,1,0
GO:2000644,regulation of receptor catabolic process,,,,1.0,False,1,0
GO:2000646,positive regulation of receptor catabolic process,,,,1.0,False,1,0
GO:2000647,negative regulation of stem cell proliferation,,,,1.0,False,1,0
GO:2000648,positive regulation of stem cell proliferation (GO:2000648),0.1001797532761142,0.3790324164989948,False,,,1,0
GO:2000649,regulation of sodium ion transmembrane transporter activity (GO:2000649),0.6870416844363598,0.8871208829623082,False,,,1,0
GO:2000650,negative regulation of sodium ion transmembrane transporter activity (GO:2000650),0.932100937422108,0.9785992916448376,False,,,1,0
GO:2000651,positive regulation of sodium ion transmembrane transporter activity (GO:2000651),0.8177259951610623,0.9406030126299082,False,,,1,0
GO:2000668,regulation of dendritic cell apoptotic process,,,,1.0,False,1,0
GO:2000670,positive regulation of dendritic cell apoptotic process,,,,1.0,False,1,0
GO:2000671,regulation of motor neuron apoptotic process,,,,1.0,False,1,0
GO:2000677,regulation of transcription regulatory region DNA binding (GO:2000677),0.1475249875636758,0.4590338620418561,False,,,1,0
GO:2000678,negative regulation of transcription regulatory region DNA binding (GO:2000678),0.1758305543192702,0.4925305407694151,False,,,1,0
GO:2000679,positive regulation of transcription regulatory region DNA binding (GO:2000679),0.3777173051837552,0.6889461897229118,False,,,1,0
GO:2000689,actomyosin contractile ring assembly actin filament organization,,,,1.0,False,1,0
GO:2000725,regulation of cardiac muscle cell differentiation (GO:2000725),0.3401085800304716,0.6598628358340557,False,,,1,0
GO:2000736,regulation of stem cell differentiation,,,,1.0,False,1,0
GO:2000736,regulation of stem cell differentiation (GO:2000736),0.0351716626089216,0.2234608312824788,False,,,1,0
GO:2000737,negative regulation of stem cell differentiation (GO:2000737),0.7545275014680213,0.9202324157775578,False,,,1,0
GO:2000738,positive regulation of stem cell differentiation (GO:2000738),0.6739252206855424,0.883275176938584,False,,,1,0
GO:2000756,regulation of peptidyl-lysine acetylation (GO:2000756),0.2798486726411253,0.6105960049346812,False,,,1,0
GO:2000757,negative regulation of peptidyl-lysine acetylation (GO:2000757),0.8784277377176156,0.9607052823042715,False,,,1,0
GO:2000758,positive regulation of peptidyl-lysine acetylation (GO:2000758),0.4012592702743879,0.7098464432712569,False,,,1,0
GO:2000765,regulation of cytoplasmic translation,,,,1.0,False,1,0
GO:2000765,regulation of cytoplasmic translation (GO:2000765),0.1368638888182053,0.4482942403173168,False,,,1,0
GO:2000767,positive regulation of cytoplasmic translation,,,,1.0,False,1,0
GO:2000772,regulation of cellular senescence,,,,1.0,False,1,0
GO:2000772,regulation of cellular senescence (GO:2000772),0.1100585386486705,0.3975733686613402,False,,,1,0
GO:2000773,negative regulation of cellular senescence (GO:2000773),0.188282058966299,0.5056924304103195,False,,,1,0
GO:2000774,positive regulation of cellular senescence (GO:2000774),0.2908591533904069,0.6184678007517916,False,,,1,0
GO:2000779,regulation of double-strand break repair,,,,1.0,False,1,0
GO:2000779,regulation of double-strand break repair (GO:2000779),0.8866971896904364,0.963127846648289,False,,,1,0
GO:2000780,negative regulation of double-strand break repair (GO:2000780),0.3042691992902909,0.6317438981453678,False,,,1,0
GO:2000781,positive regulation of double-strand break repair,,,,1.0,False,1,0
GO:2000781,positive regulation of double-strand break repair (GO:2000781),0.805801295887268,0.9366853555931376,False,,,1,0
GO:2000785,regulation of autophagosome assembly (GO:2000785),0.3033917615653337,0.630800436527617,False,,,1,0
GO:2000791,negative regulation of mesenchymal cell proliferation involved in lung development,,,,1.0,False,1,0
GO:2000794,regulation of epithelial cell proliferation involved in lung morphogenesis,,,,1.0,False,1,0
GO:2000795,negative regulation of epithelial cell proliferation involved in lung morphogenesis,,,,1.0,False,1,0
GO:2000810,regulation of bicellular tight junction assembly (GO:2000810),0.0393793572570509,0.2365257197463446,False,,,1,0
GO:2000811,negative regulation of anoikis,,,,1.0,False,1,0
GO:2000811,negative regulation of anoikis (GO:2000811),0.0227646398214576,0.1820147710932415,False,,,1,0
GO:2000812,regulation of barbed-end actin filament capping,,,,1.0,False,1,0
GO:2000819,regulation of nucleotide-excision repair,,,,1.0,False,1,0
GO:2000821,regulation of grooming behavior,,,,1.0,False,1,0
GO:2000822,regulation of behavioral fear response,,,,1.0,False,1,0
GO:2000969,positive regulation of AMPA receptor activity,,,,1.0,False,1,0
GO:2001014,regulation of skeletal muscle cell differentiation,,,,1.0,False,1,0
GO:2001020,regulation of response to DNA damage stimulus (GO:2001020),0.1996209113379171,0.5175407496272862,False,,,1,0
GO:2001021,negative regulation of response to DNA damage stimulus (GO:2001021),0.6615668796432115,0.8813920528579913,False,,,1,0
GO:2001022,positive regulation of response to DNA damage stimulus (GO:2001022),0.5104072789865002,0.7937576093463695,False,,,1,0
GO:2001026,regulation of endothelial cell chemotaxis (GO:2001026),0.9754856138145626,0.9935030022595036,False,,,1,0
GO:2001028,positive regulation of endothelial cell chemotaxis (GO:2001028),0.6889483011342914,0.8875848734087785,False,,,1,0
GO:2001032,regulation of double-strand break repair via nonhomologous end joining (GO:2001032),0.8951988603930399,0.9655355225163764,False,,,1,0
GO:2001034,positive regulation of double-strand break repair via nonhomologous end joining (GO:2001034),0.573556857596332,0.8316135936020211,False,,,1,0
GO:2001044,regulation of integrin-mediated signaling pathway (GO:2001044),0.4380568147219825,0.7439858728199744,False,,,1,0
GO:2001056,positive regulation of cysteine-type endopeptidase activity (GO:2001056),0.6185228741370392,0.8546656690716902,False,,,1,0
GO:2001057,reactive nitrogen species metabolic process,,,,1.0,False,1,0
GO:2001135,regulation of endocytic recycling,,,,1.0,False,1,0
GO:2001135,regulation of endocytic recycling (GO:2001135),0.8240024915355169,0.942724047593701,False,,,1,0
GO:2001136,negative regulation of endocytic recycling,,,,1.0,False,1,0
GO:2001141,regulation of RNA biosynthetic process,,,,0.028766289901703,True,1,1
GO:2001169,regulation of ATP biosynthetic process (GO:2001169),0.3408390714477988,0.6602136678679622,False,,,1,0
GO:2001212,regulation of vasculogenesis (GO:2001212),0.1050850059228135,0.3877309605692914,False,,,1,0
GO:2001214,positive regulation of vasculogenesis (GO:2001214),0.3300042128185962,0.653861071747995,False,,,1,0
GO:2001222,regulation of neuron migration,,,,1.0,False,1,0
GO:2001222,regulation of neuron migration (GO:2001222),0.2173484991014546,0.5430848860947413,False,,,1,0
GO:2001224,positive regulation of neuron migration,,,,1.0,False,1,0
GO:2001224,positive regulation of neuron migration (GO:2001224),0.116121799227087,0.4059446861459367,False,,,1,0
GO:2001233,regulation of apoptotic signaling pathway,,,,1.0,False,1,0
GO:2001233,regulation of apoptotic signaling pathway (GO:2001233),0.0119862261095393,0.1316694890958851,False,,,1,0
GO:2001234,negative regulation of apoptotic signaling pathway,,,,1.0,False,1,0
GO:2001234,negative regulation of apoptotic signaling pathway (GO:2001234),0.0081614956591896,0.1109553872233196,False,,,1,0
GO:2001235,positive regulation of apoptotic signaling pathway,,,,1.0,False,1,0
GO:2001235,positive regulation of apoptotic signaling pathway (GO:2001235),0.607540050640941,0.8504895159687053,False,,,1,0
GO:2001236,regulation of extrinsic apoptotic signaling pathway,,,,1.0,False,1,0
GO:2001236,regulation of extrinsic apoptotic signaling pathway (GO:2001236),0.0104122321549011,0.1222711967911451,False,,,1,0
GO:2001237,negative regulation of extrinsic apoptotic signaling pathway,,,,1.0,False,1,0
GO:2001237,negative regulation of extrinsic apoptotic signaling pathway (GO:2001237),0.0010159910668917,0.0401422303825027,True,,,1,1
GO:2001238,positive regulation of extrinsic apoptotic signaling pathway,,,,1.0,False,1,0
GO:2001238,positive regulation of extrinsic apoptotic signaling pathway (GO:2001238),0.1106784705182903,0.3978265387185519,False,,,1,0
GO:2001239,regulation of extrinsic apoptotic signaling pathway in absence of ligand,,,,1.0,False,1,0
GO:2001239,regulation of extrinsic apoptotic signaling pathway in absence of ligand (GO:2001239),0.0018624801310475,0.0571574600085362,False,,,1,0
GO:2001240,negative regulation of extrinsic apoptotic signaling pathway in absence of ligand,,,,1.0,False,1,0
GO:2001240,negative regulation of extrinsic apoptotic signaling pathway in absence of ligand (GO:2001240),0.0076123583466621,0.1093102392075158,False,,,1,0
GO:2001242,regulation of intrinsic apoptotic signaling pathway,,,,1.0,False,1,0
GO:2001242,regulation of intrinsic apoptotic signaling pathway (GO:2001242),0.0664709940021957,0.307816063151639,False,,,1,0
GO:2001243,negative regulation of intrinsic apoptotic signaling pathway,,,,1.0,False,1,0
GO:2001243,negative regulation of intrinsic apoptotic signaling pathway (GO:2001243),0.0122497688992894,0.1327524955285859,False,,,1,0
GO:2001244,positive regulation of intrinsic apoptotic signaling pathway (GO:2001244),0.4111740427255049,0.7187654335289155,False,,,1,0
GO:2001251,negative regulation of chromosome organization,,,,1.0,False,1,0
GO:2001252,positive regulation of chromosome organization,,,,1.0,False,1,0
GO:2001252,positive regulation of chromosome organization (GO:2001252),0.077693610458192,0.3327403144530449,False,,,1,0
GO:2001256,regulation of store-operated calcium entry,,,,1.0,False,1,0
GO:2001256,regulation of store-operated calcium entry (GO:2001256),0.8999850376231455,0.9670367150424892,False,,,1,0
GO:2001257,regulation of cation channel activity (GO:2001257),0.9688845937768832,0.9932130186645538,False,,,1,0
GO:2001258,negative regulation of cation channel activity (GO:2001258),0.5007118919496758,0.7851977674515281,False,,,1,0
GO:2001259,positive regulation of cation channel activity (GO:2001259),0.0905976826822186,0.3564699278149949,False,,,1,0
GO:2001267,regulation of cysteine-type endopeptidase activity involved in apoptotic signaling pathway (GO:2001267),0.7673591522687407,0.9251243330848252,False,,,1,0
