GO_ID,Term,Set_size,AUC,Direction,P-value,FDR,Significant
GO:0002181,cytoplasmic translation (GO:0002181),91,0.7257540794672677,up,9.322108535355711e-14,3.535875767460421e-10,True
GO:0006613,cotranslational protein targeting to membrane (GO:0006613),91,0.7083799683031438,up,6.121169904676592e-12,1.1608798724219155e-08,True
GO:0006614,SRP-dependent cotranslational protein targeting to membrane (GO:0006614),87,0.6994698356129198,up,1.2199648676201907e-10,1.5424422476277943e-07,True
GO:0018105,peptidyl-serine phosphorylation (GO:0018105),152,0.355595528701648,down,7.576266952329461e-10,7.184195137546411e-07,True
GO:0006468,protein phosphorylation (GO:0006468),483,0.4205540477982233,down,1.9050260832412203e-09,1.4451527867467896e-06,True
GO:0045047,protein targeting to ER (GO:0045047),98,0.6723369209138381,up,3.6037632704070827e-09,2.2781790141090106e-06,True
GO:0018209,peptidyl-serine modification (GO:0018209),165,0.37383935593909345,down,2.140406868086636e-08,1.0148204063315762e-05,True
GO:1902532,negative regulation of intracellular signal transduction (GO:1902532),189,0.38193535356904296,down,2.0571200196126085e-08,1.0148204063315762e-05,True
GO:0000184,"nuclear-transcribed mRNA catabolic process, nonsense-mediated decay (GO:0000184)",110,0.6506711311690202,up,4.620586959939558e-08,1.9473207043389714e-05,True
GO:0006986,response to unfolded protein (GO:0006986),48,0.27568639133509654,down,7.461393712107953e-08,2.8301066350025462e-05,True
GO:0000956,nuclear-transcribed mRNA catabolic process (GO:0000956),166,0.6195783747431032,up,1.0148266998536593e-07,3.4993069750408454e-05,True
GO:1902531,regulation of intracellular signal transduction (GO:1902531),413,0.4256686619704786,down,1.9789114653575976e-07,6.255009323417806e-05,True
GO:0006521,regulation of cellular amino acid metabolic process (GO:0006521),53,0.7007381097851924,up,4.2268317147134137e-07,0.00012332594379929214,True
GO:0006412,translation (GO:0006412),208,0.599373948532269,up,7.435172141985468e-07,0.00020144005667536343,True
GO:0016310,phosphorylation (GO:0016310),388,0.4281619543537462,down,1.0930003368332722e-06,0.00027638335184057344,True
GO:0046777,protein autophosphorylation (GO:0046777),158,0.3902963428546542,down,1.881080031457998e-06,0.00044593353495751164,True
GO:0033238,regulation of cellular amine metabolic process (GO:0033238),50,0.6936108123819212,up,2.1481858531490412e-06,0.0004792981729996655,True
GO:0030334,regulation of cell migration (GO:0030334),387,0.43298340240024585,down,5.593896834411091e-06,0.0011787583718289594,True
GO:0043687,post-translational protein modification (GO:0043687),337,0.5714405302734462,up,6.162428248367532e-06,0.0012302152813714765,True
GO:0051493,regulation of cytoskeleton organization (GO:0051493),108,0.3749339529356707,down,6.948949519282632e-06,0.001317868276331951,True
GO:0051932,"synaptic transmission, GABAergic (GO:0051932)",11,0.8812697289935706,up,1.1885469932210692e-05,0.002146742259660722,True
GO:0046626,regulation of insulin receptor signaling pathway (GO:0046626),44,0.31102303438910917,down,1.4279655443365722e-05,0.0024619424134857356,True
GO:0043043,peptide biosynthetic process (GO:0043043),153,0.6007912036989401,up,1.639251657301151e-05,0.0024870726144573065,True
GO:0030516,regulation of axon extension (GO:0030516),37,0.29530666700171027,down,1.6268752530816098e-05,0.0024870726144573065,True
GO:0071345,cellular response to cytokine stimulus (GO:0071345),427,0.4392273108053459,down,1.5382888833829586e-05,0.0024870726144573065,True
GO:0051056,regulation of small GTPase mediated signal transduction (GO:0051056),140,0.39546678878457986,down,1.9044590452901642e-05,0.002675412281031701,True
GO:0046328,regulation of JNK cascade (GO:0046328),101,0.3768869493341603,down,1.8716325125820718e-05,0.002675412281031701,True
GO:0009065,glutamine family amino acid catabolic process (GO:0009065),14,0.1722967227598336,down,2.1705602961415233e-05,0.0028389431735395855,True
GO:0018107,peptidyl-threonine phosphorylation (GO:0018107),59,0.34012872998634053,down,2.135926945622376e-05,0.0028389431735395855,True
GO:0036388,pre-replicative complex assembly (GO:0036388),64,0.6512096187956151,up,2.833093200109453e-05,0.0035819741693383852,True
GO:0031646,positive regulation of nervous system process (GO:0031646),18,0.2173824665330894,down,3.2892634045238224e-05,0.004024572933341567,True
GO:0001933,negative regulation of protein phosphorylation (GO:0001933),148,0.40143253405852874,down,3.3996806017490616e-05,0.004029683913260684,True
GO:0035335,peptidyl-tyrosine dephosphorylation (GO:0035335),34,0.29553265192076655,down,3.6604080560495365e-05,0.004083508163704674,True
GO:0043547,positive regulation of GTPase activity (GO:0043547),188,0.4127184270705207,down,3.561059942044654e-05,0.004083508163704674,True
GO:0007044,cell-substrate junction assembly (GO:0007044),34,0.29755433157255234,down,4.367678116639131e-05,0.0047333151704034935,True
GO:0035330,regulation of hippo signaling (GO:0035330),17,0.21471664337957727,down,4.6294907808210854e-05,0.00487768292545955,True
GO:0032956,regulation of actin cytoskeleton organization (GO:0032956),88,0.3764963813065917,down,6.118303261732724e-05,0.006272087641014114,True
GO:2000147,positive regulation of cell motility (GO:2000147),208,0.4198079674581266,down,6.490747761326112e-05,0.006322455126078669,True
GO:0007010,cytoskeleton organization (GO:0007010),118,0.3936806814608741,down,6.500810701741842e-05,0.006322455126078669,True
GO:0051568,histone H3-K4 methylation (GO:0051568),26,0.275386134676268,down,7.311714761555289e-05,0.006692846477440543,True
GO:0006090,pyruvate metabolic process (GO:0006090),52,0.6586612527082835,up,7.485536981891453e-05,0.006692846477440543,True
GO:0016242,negative regulation of macroautophagy (GO:0016242),25,0.2714516410107464,down,7.587461073818702e-05,0.006692846477440543,True
GO:0045637,regulation of myeloid cell differentiation (GO:0045637),65,0.35807412709419106,down,7.495916458667134e-05,0.006692846477440543,True
GO:0009968,negative regulation of signal transduction (GO:0009968),251,0.42805552436494226,down,8.355544164663872e-05,0.007094205916183265,True
GO:0065004,protein-DNA complex assembly (GO:0065004),129,0.6001321347932974,up,8.416537469766594e-05,0.007094205916183265,True
GO:0031146,SCF-dependent proteasomal ubiquitin-dependent protein catabolic process (GO:0031146),89,0.6201412815253121,up,8.814074197086271e-05,0.007267779006423527,True
GO:0008593,regulation of Notch signaling pathway (GO:0008593),77,0.3711456964700318,down,9.138695549164001e-05,0.0073751217485061825,True
GO:0030335,positive regulation of cell migration (GO:0030335),256,0.429377161064651,down,9.631711816202932e-05,0.007587896047092006,True
GO:0007015,actin filament organization (GO:0007015),151,0.40828575201393696,down,9.802449414909261e-05,0.007587896047092006,True
GO:1902750,negative regulation of cell cycle G2/M phase transition (GO:1902750),56,0.6493118570722571,up,0.00011000345270300072,0.008181237178480034,True
GO:0019395,fatty acid oxidation (GO:0019395),56,0.6493866100758743,up,0.00010913359098189058,0.008181237178480034,True
GO:1903320,regulation of protein modification by small protein conjugation or removal (GO:1903320),20,0.25101495571366345,down,0.00011522294738548988,0.008404627681406984,True
GO:0006635,fatty acid beta-oxidation (GO:0006635),51,0.655721176972126,up,0.00011840046958757998,0.008473452474446997,True
GO:1902947,regulation of tau-protein kinase activity (GO:1902947),10,0.14931920452895922,down,0.0001225905633804402,0.008610851979666845,True
GO:0060341,regulation of cellular localization (GO:0060341),46,0.33672054960342784,down,0.00012629466898169263,0.008709739626319275,True
GO:0044267,cellular protein metabolic process (GO:0044267),397,0.555162197010789,up,0.00015350158687489388,0.010396991411008437,True
GO:0045727,positive regulation of translation (GO:0045727),92,0.6133967399212247,up,0.00016810006239408856,0.011001715293749235,True
GO:0097435,supramolecular fiber organization (GO:0097435),338,0.4406965900322472,down,0.00017113134783316766,0.011001715293749235,True
GO:0006096,glycolytic process (GO:0006096),27,0.7090858431337111,up,0.00016855570101885497,0.011001715293749235,True
GO:1902117,positive regulation of organelle assembly (GO:1902117),46,0.34047272768626,down,0.00018005052884576708,0.011382194265199909,True
GO:0051094,positive regulation of developmental process (GO:0051094),169,0.4178885787391614,down,0.00022547966685327334,0.013575307561499458,True
GO:0050772,positive regulation of axonogenesis (GO:0050772),43,0.3372843167202355,down,0.00022090862124385163,0.013575307561499458,True
GO:0010565,regulation of cellular ketone metabolic process (GO:0010565),62,0.6354992529425061,up,0.00022202495657169108,0.013575307561499458,True
GO:0007264,small GTPase mediated signal transduction (GO:0007264),102,0.3954285466406165,down,0.00025916412248482343,0.015359523696639612,True
GO:0034645,cellular macromolecule biosynthetic process (GO:0034645),305,0.5605305426877565,up,0.0002666926644257553,0.015562542710259844,True
GO:0090630,activation of GTPase activity (GO:0090630),90,0.38978272467141956,down,0.00029767132556026056,0.017107080876516186,True
GO:1904837,beta-catenin-TCF complex assembly (GO:1904837),29,0.3086600544496241,down,0.00035993994496090194,0.02029375204941733,True
GO:0019511,peptidyl-proline hydroxylation (GO:0019511),11,0.1896490746508166,down,0.00036382155005546495,0.02029375204941733,True
GO:0048041,focal adhesion assembly (GO:0048041),21,0.27671847039332664,down,0.0003950898300567854,0.02171848877399112,True
GO:0080135,regulation of cellular response to stress (GO:0080135),115,0.4046468815679522,down,0.00040586701006627927,0.021992193845448534,True
GO:0010972,negative regulation of G2/M transition of mitotic cell cycle (GO:0010972),65,0.625928825463574,up,0.0004420365885085255,0.023614715214265312,True
GO:0035331,negative regulation of hippo signaling (GO:0035331),12,0.20820389242129508,down,0.00046372707904402375,0.023769146092080837,True
GO:2000134,negative regulation of G1/S transition of mitotic cell cycle (GO:2000134),34,0.3263978727076665,down,0.0004569479363244343,0.023769146092080837,True
GO:0009165,nucleotide biosynthetic process (GO:0009165),18,0.7382756918430757,up,0.00046360963274177523,0.023769146092080837,True
GO:0051129,negative regulation of cellular component organization (GO:0051129),75,0.3833147178592205,down,0.00047106832478919196,0.023823495412338736,True
GO:0045595,regulation of cell differentiation (GO:0045595),148,0.4174918206748445,down,0.0005212719655203863,0.02601558638445823,True
GO:0046578,regulation of Ras protein signal transduction (GO:0046578),84,0.3911596293109778,down,0.000557883507595961,0.027481196679369872,True
GO:0031329,regulation of cellular catabolic process (GO:0031329),62,0.37408634352639275,down,0.0006006529083879194,0.029208672839940747,True
GO:0043087,regulation of GTPase activity (GO:0043087),176,0.4255944369598137,down,0.0006481490670261687,0.03111935963582605,True
GO:0018210,peptidyl-threonine modification (GO:0018210),66,0.3792619556817411,down,0.0006873928653478813,0.032591014228306424,True
GO:0032874,positive regulation of stress-activated MAPK cascade (GO:0032874),95,0.39947031431897556,down,0.0007001094074809891,0.032784135587350514,True
GO:0009967,positive regulation of signal transduction (GO:0009967),241,0.43688419993562605,down,0.0007189333604410406,0.032854388387383936,True
GO:0043535,regulation of blood vessel endothelial cell migration (GO:0043535),55,0.368215644820296,down,0.0007173972497946884,0.032854388387383936,True
GO:0090084,negative regulation of inclusion body assembly (GO:0090084),10,0.19199303237044563,down,0.0007422089016592176,0.033514266238016815,True
GO:0009081,branched-chain amino acid metabolic process (GO:0009081),20,0.7169304486714099,up,0.0007804496173977602,0.03442145812546168,True
GO:0009083,branched-chain amino acid catabolic process (GO:0009083),20,0.7169304486714099,up,0.0007804496173977602,0.03442145812546168,True
GO:0031643,positive regulation of myelination (GO:0031643),11,0.20848597459908574,down,0.000812083229985459,0.03450654289481889,True
GO:0033135,regulation of peptidyl-serine phosphorylation (GO:0033135),90,0.39785569943579546,down,0.0008012469204728348,0.03450654289481889,True
GO:0032970,regulation of actin filament-based process (GO:0032970),71,0.38523506675230534,down,0.0008187684841902715,0.03450654289481889,True
GO:0009062,fatty acid catabolic process (GO:0009062),67,0.6183296325167231,up,0.0008025727741751053,0.03450654289481889,True
GO:0045582,positive regulation of T cell differentiation (GO:0045582),37,0.3412490007585597,down,0.0008280679759515592,0.03451496519543147,True
GO:0016052,carbohydrate catabolic process (GO:0016052),37,0.6586033706435822,up,0.0008373943678349066,0.03452431344780218,True
GO:0070723,response to cholesterol (GO:0070723),18,0.27306224248466604,down,0.0008549620726513936,0.034869582167384255,True
GO:0030097,hemopoiesis (GO:0030097),87,0.3971038950962135,down,0.0008988159966631661,0.03626818165258925,True
GO:0046058,cAMP metabolic process (GO:0046058),13,0.23485190264122963,down,0.0009295913650744324,0.037115158397129706,True
GO:2001237,negative regulation of extrinsic apoptotic signaling pathway (GO:2001237),76,0.39106569034646305,down,0.001015991066891712,0.040142230382502746,True
GO:0045773,positive regulation of axon extension (GO:0045773),22,0.29811518020503586,down,0.001041259089899086,0.04071645080399209,True
GO:0031145,anaphase-promoting complex-dependent catabolic process (GO:0031145),84,0.6028078072461419,up,0.0011140709258772674,0.04311909205971914,True
GO:0006954,inflammatory response (GO:0006954),200,0.43358641074295723,down,0.001178301893671756,0.045144435178757276,True
GO:0008285,negative regulation of cell population proliferation (GO:0008285),357,0.4505834065692674,down,0.0012927731825451364,0.04760668622712333,True
GO:0030155,regulation of cell adhesion (GO:0030155),129,0.4179493971844065,down,0.0012723209910979311,0.04760668622712333,True
GO:0017157,regulation of exocytosis (GO:0017157),50,0.631560528992879,up,0.0012811499534281852,0.04760668622712333,True
GO:0031397,negative regulation of protein ubiquitination (GO:0031397),50,0.36846214213050427,down,0.00128363222469028,0.04760668622712333,True
GO:0060143,positive regulation of syncytium formation by plasma membrane fusion (GO:0060143),16,0.26846924997822236,down,0.0013394971583193273,0.04838774020481151,True
GO:1900744,regulation of p38MAPK cascade (GO:1900744),37,0.34758211055497357,down,0.0013279739435364338,0.04838774020481151,True
GO:0045879,negative regulation of smoothened signaling pathway (GO:0045879),23,0.3071485574591886,down,0.001361161047803627,0.04852166749005128,True
GO:0003015,heart process (GO:0003015),14,0.7470290807882631,up,0.0013687894599091713,0.04852166749005128,True
GO:0014066,regulation of phosphatidylinositol 3-kinase signaling (GO:0014066),102,0.40849245121155614,down,0.0013902705094843862,0.048826815208095155,True
GO:0045046,protein import into peroxisome membrane (GO:0045046),22,0.6963681774618957,up,0.0014250443737518533,0.04958892944624568,True
GO:0046330,positive regulation of JNK cascade (GO:0046330),70,0.39063420511435637,down,0.0015431251480227486,0.053209760785911685,False
GO:1901293,nucleoside phosphate biosynthetic process (GO:1901293),14,0.7436921111465985,up,0.0015890455584825819,0.05429954777769759,False
GO:0045765,regulation of angiogenesis (GO:0045765),196,0.4348767879258303,down,0.0016368278346491226,0.054460420849334404,False
GO:0043304,regulation of mast cell degranulation (GO:0043304),14,0.2569114054262569,down,0.0016322054768837984,0.054460420849334404,False
GO:0043507,positive regulation of JUN kinase activity (GO:0043507),23,0.31017657992565056,down,0.0016189273909392237,0.054460420849334404,False
GO:0030199,collagen fibril organization (GO:0030199),88,0.4032217745882017,down,0.0016845783315442091,0.055082806996096426,False
GO:1903508,positive regulation of nucleic acid-templated transcription (GO:1903508),483,0.45842910700542816,down,0.001674863866594872,0.055082806996096426,False
GO:0006366,transcription by RNA polymerase II (GO:0006366),307,0.44810165293134807,down,0.0017132343116180353,0.05517860143932485,False
GO:0042770,signal transduction in response to DNA damage (GO:0042770),49,0.37060693021032165,down,0.001716602944856402,0.05517860143932485,False
GO:2000047,regulation of cell-cell adhesion mediated by cadherin (GO:2000047),19,0.292629806016959,down,0.0017462714711023544,0.05566056882261537,False
GO:1901096,regulation of autophagosome maturation (GO:1901096),12,0.24088832757502734,down,0.0018788742208042477,0.05715746000853629,False
GO:0010389,regulation of G2/M transition of mitotic cell cycle (GO:0010389),145,0.5746101970874079,up,0.0018987186820657981,0.05715746000853629,False
GO:2001239,regulation of extrinsic apoptotic signaling pathway in absence of ligand (GO:2001239),27,0.327077658581086,down,0.001862480131047528,0.05715746000853629,False
GO:0090083,regulation of inclusion body assembly (GO:0090083),11,0.22845778655208454,down,0.0018132779801640474,0.05715746000853629,False
GO:0045217,cell-cell junction maintenance (GO:0045217),11,0.22934988017440694,down,0.001877364457293552,0.05715746000853629,False
GO:1903050,regulation of proteolysis involved in cellular protein catabolic process (GO:1903050),24,0.6831222832137706,up,0.0018928385617318717,0.05715746000853629,False
GO:0046627,negative regulation of insulin receptor signaling pathway (GO:0046627),27,0.3271669485216598,down,0.001872639356149714,0.05715746000853629,False
GO:0048514,blood vessel morphogenesis (GO:0048514),56,0.3802077925853326,down,0.0019170371762780608,0.05725450401277705,False
GO:0043410,positive regulation of MAPK cascade (GO:0043410),252,0.44341754575506,down,0.0019347280877883982,0.05733143466391714,False
GO:0150011,regulation of neuron projection arborization (GO:0150011),14,0.26142222517182595,down,0.0019905734870406724,0.05763545981942954,False
GO:0022904,respiratory electron transport chain (GO:0022904),14,0.7386545106123515,up,0.001983916278003515,0.05763545981942954,False
GO:0072331,signal transduction by p53 class mediator (GO:0072331),29,0.3339612001354229,down,0.001961133453401917,0.05763545981942954,False
GO:0043506,regulation of JUN kinase activity (GO:0043506),33,0.3449590906449892,down,0.0020441330259977734,0.0582962147940568,False
GO:0045428,regulation of nitric oxide biosynthetic process (GO:0045428),38,0.3554134049421721,down,0.0020302638843339898,0.0582962147940568,False
GO:0030308,negative regulation of cell growth (GO:0030308),122,0.41943515606310994,down,0.0020903831358689024,0.05917032264440855,False
GO:0043062,extracellular structure organization (GO:0043062),209,0.4384369829661942,down,0.0021145081069997595,0.05935231791020798,False
GO:0035088,establishment or maintenance of apical/basal cell polarity (GO:0035088),19,0.2965088554817174,down,0.0021281084196647206,0.05935231791020798,False
GO:0045652,regulation of megakaryocyte differentiation (GO:0045652),51,0.37594579745629214,down,0.0021650246655423888,0.05994115734600204,False
GO:0034097,response to cytokine (GO:0034097),144,0.426152914193375,down,0.002189134997964259,0.06016948584984373,False
GO:1901687,glutathione derivative biosynthetic process (GO:1901687),21,0.6922075910575649,up,0.002286767922429514,0.06151567893457551,False
GO:0010874,regulation of cholesterol efflux (GO:0010874),30,0.3391043330912612,down,0.0022777825830836984,0.06151567893457551,False
GO:1901685,glutathione derivative metabolic process (GO:1901685),21,0.6922075910575649,up,0.002286767922429514,0.06151567893457551,False
GO:0051726,regulation of cell cycle (GO:0051726),273,0.4467255970678825,down,0.0023888079401099033,0.06244760827106386,False
GO:0010888,negative regulation of lipid storage (GO:0010888),19,0.29877698369515376,down,0.002385432375156161,0.06244760827106386,False
GO:1902895,positive regulation of pri-miRNA transcription by RNA polymerase II (GO:1902895),33,0.34727526264915143,down,0.00238410411075453,0.06244760827106386,False
GO:0050804,modulation of chemical synaptic transmission (GO:0050804),106,0.41471861804770893,down,0.0023907317482011227,0.06244760827106386,False
GO:0098661,inorganic anion transmembrane transport (GO:0098661),64,0.609627155360414,up,0.002403730769199927,0.06244760827106386,False
GO:0014068,positive regulation of phosphatidylinositol 3-kinase signaling (GO:0014068),75,0.3988101609462866,down,0.002426657545258119,0.06261436781744249,False
GO:1904031,positive regulation of cyclin-dependent protein kinase activity (GO:1904031),20,0.3043894293596631,down,0.002449982894512097,0.0627890886411107,False
GO:0050858,negative regulation of antigen receptor-mediated signaling pathway (GO:0050858),22,0.3136671216565504,down,0.002473783397330866,0.06297355990655017,False
GO:0030857,negative regulation of epithelial cell differentiation (GO:0030857),16,0.2821673829089114,down,0.002547678384297717,0.06315911184079243,False
GO:1901987,regulation of cell cycle phase transition (GO:1901987),92,0.590959025696243,up,0.0025431179222924058,0.06315911184079243,False
GO:0030050,vesicle transport along actin filament (GO:0030050),19,0.2998865935893282,down,0.002521428679369762,0.06315911184079243,False
GO:0043406,positive regulation of MAP kinase activity (GO:0043406),66,0.3924634110449342,down,0.0024995308967828483,0.06315911184079243,False
GO:1902807,negative regulation of cell cycle G1/S phase transition (GO:1902807),32,0.34641536908462367,down,0.002628159355410166,0.06342721645528912,False
GO:0030198,extracellular matrix organization (GO:0030198),289,0.44873831954590926,down,0.0026466279323315058,0.06342721645528912,False
GO:0035924,cellular response to vascular endothelial growth factor stimulus (GO:0035924),33,0.348840505455461,down,0.0026423660612825777,0.06342721645528912,False
GO:0010875,positive regulation of cholesterol efflux (GO:0010875),21,0.3107836385410876,down,0.0026755482817944266,0.06342721645528912,False
GO:0010605,negative regulation of macromolecule metabolic process (GO:0010605),185,0.43609208274513206,down,0.002673326881957874,0.06342721645528912,False
GO:0044272,sulfur compound biosynthetic process (GO:0044272),106,0.584354437277293,up,0.0026660362862732634,0.06342721645528912,False
GO:1903828,negative regulation of cellular protein localization (GO:1903828),35,0.3532447912343322,down,0.0026470284899342135,0.06342721645528912,False
GO:0033137,negative regulation of peptidyl-serine phosphorylation (GO:0033137),20,0.3064774212284013,down,0.002725485391653793,0.0642097272704524,False
GO:0034968,histone lysine methylation (GO:0034968),32,0.34779344478982077,down,0.002871305943918133,0.06722755213136715,False
GO:0034314,Arp2/3 complex-mediated actin nucleation (GO:0034314),15,0.721753774680604,up,0.002935280532760962,0.06830379791878728,False
GO:0032675,regulation of interleukin-6 production (GO:0032675),100,0.4143837869305778,down,0.003061664529815975,0.07060706077529132,False
GO:1903140,regulation of establishment of endothelial barrier (GO:1903140),17,0.29266917871161474,down,0.0030714909116591267,0.07060706077529132,False
GO:0007188,adenylate cyclase-modulating G protein-coupled receptor signaling pathway (GO:0007188),157,0.4317958039558118,down,0.0031408187989430884,0.07083063027328762,False
GO:0051091,positive regulation of DNA-binding transcription factor activity (GO:0051091),236,0.4442346926898081,down,0.0031023540860966358,0.07083063027328762,False
GO:0008277,regulation of G protein-coupled receptor signaling pathway (GO:0008277),77,0.40265217939893605,down,0.003118987645169039,0.07083063027328762,False
GO:0051341,regulation of oxidoreductase activity (GO:0051341),13,0.2635914112018868,down,0.0031559126064291086,0.07083063027328762,False
GO:0006749,glutathione metabolic process (GO:0006749),40,0.6346832776405638,up,0.0031880495057537406,0.071131010443082,False
GO:0045229,external encapsulating structure organization (GO:0045229),210,0.44124439438499885,down,0.003277253478142999,0.07269369849471577,False
GO:0051893,regulation of focal adhesion assembly (GO:0051893),54,0.38454631486810786,down,0.0033181263305477964,0.07317240216144065,False
GO:0002220,innate immune response activating cell surface receptor signaling pathway (GO:0002220),103,0.5834757292858402,up,0.0033863289591374458,0.07424477307519267,False
GO:0002228,natural killer cell mediated immunity (GO:0002228),15,0.7179829655439411,up,0.0034572393346855653,0.0753638436578296,False
GO:2000045,regulation of G1/S transition of mitotic cell cycle (GO:2000045),67,0.39694817178502045,down,0.003510063597967455,0.07607812129766033,False
GO:0120039,plasma membrane bounded cell projection morphogenesis (GO:0120039),50,0.38094869931695974,down,0.003568485792311271,0.07690492392179915,False
GO:0002832,negative regulation of response to biotic stimulus (GO:0002832),24,0.3286839379241575,down,0.003657713624733522,0.07712821675146922,False
GO:0006625,protein targeting to peroxisome (GO:0006625),29,0.6558855876773169,up,0.003652251442547133,0.07712821675146922,False
GO:0071354,cellular response to interleukin-6 (GO:0071354),25,0.3320453093232646,down,0.0036380290618166088,0.07712821675146922,False
GO:1902116,negative regulation of organelle assembly (GO:1902116),33,0.3538927711840384,down,0.003660184290868563,0.07712821675146922,False
GO:0010968,regulation of microtubule nucleation (GO:0010968),10,0.23489040499346786,down,0.0036883912053931197,0.07729319249754753,False
GO:0010975,regulation of neuron projection development (GO:0010975),163,0.43425177776712304,down,0.003720995772394869,0.07751893562551974,False
GO:0010885,regulation of cholesterol storage (GO:0010885),15,0.28384823848238483,down,0.003740038286177198,0.07751893562551974,False
GO:0070498,interleukin-1-mediated signaling pathway (GO:0070498),93,0.5868479371749112,up,0.0037635606343246336,0.07758252981518117,False
GO:0042775,mitochondrial ATP synthesis coupled electron transport (GO:0042775),69,0.6007289788479808,up,0.0037852629524179724,0.07760812096498038,False
GO:0033108,mitochondrial respiratory chain complex assembly (GO:0033108),89,0.5886553668474263,up,0.003809865349429497,0.07769257672250582,False
GO:0032480,negative regulation of type I interferon production (GO:0032480),38,0.3645536248151541,down,0.003843873998154109,0.07796692018715794,False
GO:0006469,negative regulation of protein kinase activity (GO:0006469),88,0.4110381391239482,down,0.0038871520146456055,0.07842535952952544,False
GO:0080182,histone H3-K4 trimethylation (GO:0080182),11,0.24882549804161697,down,0.003910930748700669,0.07848762079270707,False
GO:0061448,connective tissue development (GO:0061448),37,0.3631710622819926,down,0.003957038505403661,0.07899498447892676,False
GO:0060999,positive regulation of dendritic spine development (GO:0060999),21,0.31867589342759234,down,0.00400838327761411,0.07960103545544671,False
GO:0031641,regulation of myelination (GO:0031641),26,0.33727716124823215,down,0.004064364725708634,0.08029237189902524,False
GO:0002183,cytoplasmic translational initiation (GO:0002183),17,0.7009117834949765,up,0.004119895924257625,0.08055033629231531,False
GO:0010801,negative regulation of peptidyl-threonine phosphorylation (GO:0010801),17,0.29900110343225506,down,0.004103723140824499,0.08055033629231531,False
GO:0007006,mitochondrial membrane organization (GO:0007006),32,0.6463238605002469,up,0.004157357529867845,0.08068074250858066,False
GO:0045624,positive regulation of T-helper cell differentiation (GO:0045624),14,0.27890554032361764,down,0.004169107706744479,0.08068074250858066,False
GO:0007167,enzyme linked receptor protein signaling pathway (GO:0007167),135,0.4287388845722179,down,0.0042026752400096705,0.08091749840282579,False
GO:0042254,ribosome biogenesis (GO:0042254),187,0.5605382299571356,up,0.00423759313166876,0.08117773105262427,False
GO:0042730,fibrinolysis (GO:0042730),15,0.28768292682926827,down,0.004401450938956005,0.08389298196713632,False
GO:0051346,negative regulation of hydrolase activity (GO:0051346),52,0.38601284771676886,down,0.004438344186293512,0.08417319749305646,False
GO:0036498,IRE1-mediated unfolded protein response (GO:0036498),52,0.38616321474647786,down,0.004490925016181096,0.08474665963370595,False
GO:0046854,phosphatidylinositol phosphate biosynthetic process (GO:0046854),39,0.3686843626697183,down,0.004523609262749328,0.08494084125548615,False
GO:0051046,regulation of secretion (GO:0051046),13,0.2728421917783743,down,0.004559526194351874,0.08519351160185547,False
GO:0045429,positive regulation of nitric oxide biosynthetic process (GO:0045429),25,0.3362939297124601,down,0.004591288984090274,0.08536646625810985,False
GO:0051044,positive regulation of membrane protein ectodomain proteolysis (GO:0051044),15,0.28897986837011225,down,0.004648081792868012,0.08558337009877849,False
GO:0016525,negative regulation of angiogenesis (GO:0016525),84,0.4106909063704036,down,0.004626203464982814,0.08558337009877849,False
GO:0050860,negative regulation of T cell receptor signaling pathway (GO:0050860),17,0.3019065806240029,down,0.004675370406489052,0.0856699514580337,False
GO:0030330,"DNA damage response, signal transduction by p53 class mediator (GO:0030330)",70,0.4023943164585887,down,0.004713919597043845,0.08596104342109281,False
GO:0016072,rRNA metabolic process (GO:0016072),160,0.5645527773727949,up,0.004773392899040453,0.08648589815217644,False
GO:0019646,aerobic electron transport chain (GO:0019646),68,0.5988519088095877,up,0.0047883044059997505,0.08648589815217644,False
GO:0080090,regulation of primary metabolic process (GO:0080090),126,0.5726401205515075,up,0.00481200759755473,0.08650210813992934,False
GO:0007179,transforming growth factor beta receptor signaling pathway (GO:0007179),89,0.4137195961255147,down,0.004862916303082648,0.08700491291317208,False
GO:1901990,regulation of mitotic cell cycle phase transition (GO:1901990),184,0.5598205892166402,up,0.0050571377955446984,0.08880427619676408,False
GO:1990858,cellular response to lectin (GO:1990858),102,0.5802702678020528,up,0.005045613295303635,0.08880427619676408,False
GO:0017158,regulation of calcium ion-dependent exocytosis (GO:0017158),31,0.3544779336247029,down,0.005025173407926375,0.08880427619676408,False
GO:0002223,stimulatory C-type lectin receptor signaling pathway (GO:0002223),102,0.5802702678020528,up,0.005045613295303635,0.08880427619676408,False
GO:0050764,regulation of phagocytosis (GO:0050764),54,0.390092557602223,down,0.005181207200880399,0.08944897804349894,False
GO:0030512,negative regulation of transforming growth factor beta receptor signaling pathway (GO:0030512),66,0.40056809920719894,down,0.005181406432097561,0.08944897804349894,False
GO:0071363,cellular response to growth factor stimulus (GO:0071363),155,0.43507420295307064,down,0.0052100455177852435,0.08944897804349894,False
GO:1900077,negative regulation of cellular response to insulin stimulus (GO:1900077),28,0.34736751469984106,down,0.005164137095391598,0.08944897804349894,False
GO:0043277,apoptotic cell clearance (GO:0043277),30,0.3526952311788913,down,0.005211764868867193,0.08944897804349894,False
GO:0010970,transport along microtubule (GO:0010970),13,0.7235776534017054,up,0.0052399059853960464,0.08952686217390632,False
GO:0043951,negative regulation of cAMP-mediated signaling (GO:0043951),10,0.24556249092756569,down,0.005323743920812899,0.09055139323606873,False
GO:0002244,hematopoietic progenitor cell differentiation (GO:0002244),31,0.35581514772139466,down,0.005441980004465208,0.09214924177203809,False
GO:0009299,mRNA transcription (GO:0009299),10,0.24652344317027144,down,0.005499198289314856,0.09264844473229031,False
GO:0001774,microglial cell activation (GO:0001774),21,0.3251354558202441,down,0.005520313342867811,0.09264844473229031,False
GO:0031065,positive regulation of histone deacetylation (GO:0031065),12,0.2692879056218487,down,0.005639996356939536,0.09424011533864167,False
GO:0022409,positive regulation of cell-cell adhesion (GO:0022409),44,0.3796744434258601,down,0.00572626836108999,0.09526199953339619,False
GO:1902476,chloride transmembrane transport (GO:1902476),49,0.613960901456438,up,0.005755548030518735,0.09533097676750028,False
GO:1904262,negative regulation of TORC1 signaling (GO:1904262),13,0.2791828402710465,down,0.005825742566085613,0.09568503116490663,False
GO:0018212,peptidyl-tyrosine modification (GO:0018212),56,0.39354497431403734,down,0.005827377326415353,0.09568503116490663,False
GO:1903827,regulation of cellular protein localization (GO:1903827),45,0.381420775614324,down,0.0058928452420326325,0.09592945065678014,False
GO:0070102,interleukin-6-mediated signaling pathway (GO:0070102),17,0.30711286779651753,down,0.005882722184567155,0.09592945065678014,False
GO:0030879,mammary gland development (GO:0030879),23,0.33457501616292223,down,0.0060092032506312,0.09740558944292368,False
GO:0060562,epithelial tube morphogenesis (GO:0060562),34,0.36400316496256563,down,0.006040080309038412,0.09748946643481998,False
GO:1903321,negative regulation of protein modification by small protein conjugation or removal (GO:1903321),54,0.3921144626502029,down,0.00606736986338725,0.09751497411791457,False
GO:0034122,negative regulation of toll-like receptor signaling pathway (GO:0034122),33,0.3625808371319963,down,0.006271293207700378,0.100230755223909,False
GO:0032656,regulation of interleukin-13 production (GO:0032656),14,0.2891508044813698,down,0.0062891958194807125,0.100230755223909,False
GO:0050796,regulation of insulin secretion (GO:0050796),103,0.42224841842987054,down,0.006345679307529437,0.10070778917765336,False
GO:0001667,ameboidal-type cell migration (GO:0001667),52,0.39077596095152706,down,0.006404686388451961,0.1012207311308262,False
GO:1903963,arachidonate transport (GO:1903963),10,0.7484772826244738,up,0.006498989311527727,0.10144307184619206,False
GO:0050482,arachidonic acid secretion (GO:0050482),10,0.7484772826244738,up,0.006498989311527727,0.10144307184619206,False
GO:0010976,positive regulation of neuron projection development (GO:0010976),86,0.41515407002118593,down,0.0064847606496974425,0.10144307184619206,False
GO:0090114,COPII-coated vesicle budding (GO:0090114),67,0.595885583134693,up,0.0066048873970548155,0.10267351597142997,False
GO:0007007,inner mitochondrial membrane organization (GO:0007007),47,0.6140605598895853,up,0.006791598797744656,0.10344651710657256,False
GO:0046890,regulation of lipid biosynthetic process (GO:0046890),34,0.36598468445220683,down,0.00681825185252917,0.10344651710657256,False
GO:0003148,outflow tract septum morphogenesis (GO:0003148),25,0.6563531803659599,up,0.006787690828856959,0.10344651710657256,False
GO:0097201,negative regulation of transcription from RNA polymerase II promoter in response to stress (GO:0097201),10,0.2526375381042241,down,0.006743106238734405,0.10344651710657256,False
GO:0045747,positive regulation of Notch signaling pathway (GO:0045747),40,0.37634171146302486,down,0.0067772186930955365,0.10344651710657256,False
GO:1900180,regulation of protein localization to nucleus (GO:1900180),43,0.3806892673999605,down,0.0067592084839561166,0.10344651710657256,False
GO:0006275,regulation of DNA replication (GO:0006275),52,0.6083352525159925,up,0.006848453279566391,0.1034907700772722,False
GO:0008630,intrinsic apoptotic signaling pathway in response to DNA damage (GO:0008630),47,0.3865472898435297,down,0.007092530222852843,0.1063318859102009,False
GO:0071347,cellular response to interleukin-1 (GO:0071347),141,0.5656014934251347,up,0.0070838397168663785,0.1063318859102009,False
GO:0043254,regulation of protein-containing complex assembly (GO:0043254),108,0.42520048653772125,down,0.00717705385391753,0.10635093574057486,False
GO:0006171,cAMP biosynthetic process (GO:0006171),10,0.2544433154303963,down,0.007156049486141135,0.10635093574057486,False
GO:0045596,negative regulation of cell differentiation (GO:0045596),183,0.44247546468496324,down,0.00717791709717563,0.10635093574057486,False
GO:0006364,rRNA processing (GO:0006364),172,0.5592410028972254,up,0.007261118724969485,0.10716507129886871,False
GO:0006835,dicarboxylic acid transport (GO:0006835),28,0.6462058434202391,up,0.007387324260485649,0.10818579505800026,False
GO:0007498,mesoderm development (GO:0007498),18,0.3176009008398589,down,0.007363148810895844,0.10818579505800026,False
GO:0032374,regulation of cholesterol transport (GO:0032374),23,0.3390602270890577,down,0.007522314386381029,0.1093102392075158,False
GO:0009966,regulation of signal transduction (GO:0009966),191,0.4441214383420145,down,0.007637019085154677,0.1093102392075158,False
GO:1904996,positive regulation of leukocyte adhesion to vascular endothelial cell (GO:1904996),16,0.30724977496442984,down,0.007581640671858574,0.1093102392075158,False
GO:1901099,negative regulation of signal transduction in absence of ligand (GO:1901099),22,0.33569144821431873,down,0.007612358346662182,0.1093102392075158,False
GO:0032091,negative regulation of protein binding (GO:0032091),70,0.407740501464509,down,0.007558685196149104,0.1093102392075158,False
GO:2001240,negative regulation of extrinsic apoptotic signaling pathway in absence of ligand (GO:2001240),22,0.33569144821431873,down,0.007612358346662182,0.1093102392075158,False
GO:0000715,"nucleotide-excision repair, DNA damage recognition (GO:0000715)",23,0.6603437651527396,up,0.007747213012913994,0.10969873586176299,False
GO:0035307,positive regulation of protein dephosphorylation (GO:0035307),32,0.36400626034918515,down,0.007730089871795104,0.10969873586176299,False
GO:0051494,negative regulation of cytoskeleton organization (GO:0051494),29,0.3571999511195428,down,0.007750925708134058,0.10969873586176299,False
GO:0072350,tricarboxylic acid metabolic process (GO:0072350),12,0.7217238142244675,up,0.007810131351827914,0.1097178822869751,False
GO:0031032,actomyosin structure organization (GO:0031032),76,0.41180968798271894,down,0.007806968163825843,0.1097178822869751,False
GO:0017015,regulation of transforming growth factor beta receptor signaling pathway (GO:0017015),96,0.4215725865129951,down,0.007856850562886456,0.10988150544027327,False
GO:0006511,ubiquitin-dependent protein catabolic process (GO:0006511),346,0.5414467762902914,up,0.007879717764237893,0.10988150544027327,False
GO:0120033,negative regulation of plasma membrane bounded cell projection assembly (GO:0120033),25,0.34661632297415046,down,0.00791508074034117,0.10997033424217605,False
GO:2000209,regulation of anoikis (GO:2000209),19,0.32416656986874204,down,0.007948616616818378,0.11003322199851133,False
GO:0043433,negative regulation of DNA-binding transcription factor activity (GO:0043433),135,0.4340032806699473,down,0.008023835388360578,0.11026959285525968,False
GO:0060055,angiogenesis involved in wound healing (GO:0060055),11,0.2691430622565218,down,0.008004794039770962,0.11026959285525968,False
GO:0045216,cell-cell junction organization (GO:0045216),78,0.4133245767332511,down,0.008079940033048917,0.11063975648142432,False
GO:0016575,histone deacetylation (GO:0016575),44,0.3847144544160033,down,0.008113194701131435,0.11069549460932206,False
GO:2001234,negative regulation of apoptotic signaling pathway (GO:2001234),78,0.4134357124583148,down,0.008161495659189605,0.11095538722331962,False
GO:0032376,positive regulation of cholesterol transport (GO:0032376),30,0.3607601065117405,down,0.008273649710928987,0.11167954930090265,False
GO:0001960,negative regulation of cytokine-mediated signaling pathway (GO:0001960),47,0.38869857084201104,down,0.008256084153525974,0.11167954930090265,False
GO:0032288,myelin assembly (GO:0032288),10,0.2593206561184497,down,0.008387152609738388,0.11181414253051072,False
GO:0001706,endoderm formation (GO:0001706),36,0.37304331264062807,down,0.008356397128636782,0.11181414253051072,False
GO:0045333,cellular respiration (GO:0045333),41,0.6188363499256542,up,0.008431016283608242,0.11181414253051072,False
GO:0090036,regulation of protein kinase C signaling (GO:0090036),14,0.29654232704376426,down,0.008375987026520695,0.11181414253051072,False
GO:0071560,cellular response to transforming growth factor beta stimulus (GO:0071560),114,0.42864214786989313,down,0.008417110907626126,0.11181414253051072,False
GO:0048208,COPII vesicle coating (GO:0048208),60,0.5980273295537142,up,0.008588505545055166,0.11194570973331355,False
GO:0048207,"vesicle targeting, rough ER to cis-Golgi (GO:0048207)",60,0.5980273295537142,up,0.008588505545055166,0.11194570973331355,False
GO:0006901,vesicle coating (GO:0006901),60,0.5980273295537142,up,0.008588505545055166,0.11194570973331355,False
GO:1903670,regulation of sprouting angiogenesis (GO:1903670),33,0.3677765981234693,down,0.008540860168338021,0.11194570973331355,False
GO:0032088,negative regulation of NF-kappaB transcription factor activity (GO:0032088),74,0.4115830003529605,down,0.008491069631296637,0.11194570973331355,False
GO:0006693,prostaglandin metabolic process (GO:0006693),25,0.6517049085100204,up,0.00862414352685694,0.11202526163482322,False
GO:0014032,neural crest cell development (GO:0014032),44,0.3859079152807902,down,0.008795123858374774,0.11379912163886635,False
GO:0042116,macrophage activation (GO:0042116),35,0.37217896571760606,down,0.008840154046734407,0.11379912163886635,False
GO:0031346,positive regulation of cell projection organization (GO:0031346),115,0.4294130308171482,down,0.008850709434080034,0.11379912163886635,False
GO:1904407,positive regulation of nitric oxide metabolic process (GO:1904407),26,0.3519427942007744,down,0.00894426163887394,0.11422755688972679,False
GO:2000379,positive regulation of reactive oxygen species metabolic process (GO:2000379),44,0.3861522874556498,down,0.008940914067881594,0.11422755688972679,False
GO:0006839,mitochondrial transport (GO:0006839),53,0.6035130691173067,up,0.009095402556129688,0.11496696757294438,False
GO:0006338,chromatin remodeling (GO:0006338),100,0.4246202881676612,down,0.00912340027404594,0.11496696757294438,False
GO:0072359,circulatory system development (GO:0072359),121,0.43144015016317583,down,0.009111347936246185,0.11496696757294438,False
GO:0042743,hydrogen peroxide metabolic process (GO:0042743),19,0.6728347323180759,up,0.009081295395506544,0.11496696757294438,False
GO:1904707,positive regulation of vascular associated smooth muscle cell proliferation (GO:1904707),21,0.33585160846007683,down,0.009189242891584494,0.11507403847998508,False
GO:0034620,cellular response to unfolded protein (GO:0034620),26,0.3524734291529726,down,0.009192574125872786,0.11507403847998508,False
GO:0051966,"regulation of synaptic transmission, glutamatergic (GO:0051966)",46,0.38917901913933034,down,0.009270347596820012,0.11566588300900758,False
GO:0043408,regulation of MAPK cascade (GO:0043408),156,0.43978762182645675,down,0.009343042841673779,0.11581098528911321,False
GO:2000181,negative regulation of blood vessel morphogenesis (GO:2000181),75,0.41324723676556135,down,0.00933037848206026,0.11581098528911321,False
GO:2000303,regulation of ceramide biosynthetic process (GO:2000303),16,0.3125344812567148,down,0.00940569069877682,0.11620776814482242,False
GO:0051156,glucose 6-phosphate metabolic process (GO:0051156),20,0.6675809496152171,up,0.009449444397427807,0.11636929415403789,False
GO:0032648,regulation of interferon-beta production (GO:0032648),45,0.3883787012819271,down,0.009539054759471142,0.1170926689406927,False
GO:0051896,regulation of protein kinase B signaling (GO:0051896),194,0.44614928398344184,down,0.009572637817721833,0.11712585562135135,False
GO:0071676,negative regulation of mononuclear cell migration (GO:0071676),13,0.7070906272752855,up,0.009709075160466842,0.11825206512797523,False
GO:0036003,positive regulation of transcription from RNA polymerase II promoter in response to stress (GO:0036003),23,0.3443232786487797,down,0.009727035148939698,0.11825206512797523,False
GO:0001889,liver development (GO:0001889),31,0.3660190189890024,down,0.00979672969281143,0.1187188361815775,False
GO:0032007,negative regulation of TOR signaling (GO:0032007),36,0.3759406141956477,down,0.009962360707570485,0.12034151007584347,False
GO:0018027,peptidyl-lysine dimethylation (GO:0018027),18,0.3248234295799415,down,0.010057741520941826,0.12110797964740427,False
GO:0071375,cellular response to peptide hormone stimulus (GO:0071375),105,0.42742579884937965,down,0.01010666563301184,0.12128380155535744,False
GO:0006310,DNA recombination (GO:0006310),37,0.6220888504286726,up,0.01013629451438131,0.12128380155535744,False
GO:0051223,regulation of protein transport (GO:0051223),27,0.3571694443368662,down,0.010172910842174403,0.1213391535357469,False
GO:0030517,negative regulation of axon extension (GO:0030517),30,0.36460324376664244,down,0.01023438136435322,0.12160154850852499,False
GO:0052547,regulation of peptidase activity (GO:0052547),20,0.3343211848410048,down,0.010291088075728058,0.12160154850852499,False
GO:1900745,positive regulation of p38MAPK cascade (GO:1900745),24,0.34868650344166596,down,0.010260229265919218,0.12160154850852499,False
GO:2000615,regulation of histone H3-K9 acetylation (GO:2000615),10,0.2660008709536943,down,0.01037997788538343,0.12227098173683029,False
GO:2001236,regulation of extrinsic apoptotic signaling pathway (GO:2001236),61,0.40522651205843185,down,0.010412232154901105,0.12227119679114516,False
GO:2000249,regulation of actin cytoskeleton reorganization (GO:2000249),36,0.37704949785486697,down,0.010646338745102076,0.12463445327213633,False
GO:0090025,regulation of monocyte chemotaxis (GO:0090025),24,0.6504264567782909,up,0.01071417605110392,0.12469873577832702,False
GO:0010719,negative regulation of epithelial to mesenchymal transition (GO:0010719),28,0.36073015780803275,down,0.010717581825397999,0.12469873577832702,False
GO:0120036,plasma membrane bounded cell projection organization (GO:0120036),124,0.5661670398520664,up,0.010842662875928676,0.12576825776268338,False
GO:0006351,"transcription, DNA-templated (GO:0006351)",208,0.44893123709881383,down,0.010970357993620828,0.12686148740793843,False
GO:0032673,regulation of interleukin-4 production (GO:0032673),21,0.3398371487759883,down,0.011031987783926169,0.12718641235389652,False
GO:0019319,hexose biosynthetic process (GO:0019319),42,0.6129549602655696,up,0.011269078201427331,0.12874582415064417,False
GO:0007265,Ras protein signal transduction (GO:0007265),136,0.4370968833933527,down,0.011209460426019047,0.12874582415064417,False
GO:0048639,positive regulation of developmental growth (GO:0048639),51,0.39745036486865415,down,0.011244217015271007,0.12874582415064417,False
GO:0042058,regulation of epidermal growth factor receptor signaling pathway (GO:0042058),66,0.4100135085479236,down,0.011407062992836265,0.12993090069618005,False
GO:2000145,regulation of cell motility (GO:2000145),125,0.43468150305854936,down,0.011565201520791994,0.12995090515713836,False
GO:0051291,protein heterooligomerization (GO:0051291),17,0.3229845280350365,down,0.011484044551105849,0.12995090515713836,False
GO:0099518,vesicle cytoskeletal trafficking (GO:0099518),38,0.38151968962706617,down,0.011451618314053313,0.12995090515713836,False
GO:0035050,embryonic heart tube development (GO:0035050),17,0.3231894999709623,down,0.011580122842898173,0.12995090515713836,False
GO:0046916,cellular transition metal ion homeostasis (GO:0046916),82,0.5806141803017542,up,0.011546304263541083,0.12995090515713836,False
GO:0010470,regulation of gastrulation (GO:0010470),14,0.3053462028230473,down,0.011654409717536188,0.13039874943544177,False
GO:0021510,spinal cord development (GO:0021510),13,0.29819138529434097,down,0.011733382652046832,0.1308962364682754,False
GO:0045742,positive regulation of epidermal growth factor receptor signaling pathway (GO:0045742),34,0.3752873160536403,down,0.011809549765059716,0.13135959606707184,False
GO:0055072,iron ion homeostasis (GO:0055072),57,0.5962882378922479,up,0.011864890824676554,0.1315892716315736,False
GO:2001233,regulation of apoptotic signaling pathway (GO:2001233),38,0.38227207178826866,down,0.011986226109539368,0.13166948909588516,False
GO:0043401,steroid hormone mediated signaling pathway (GO:0043401),14,0.6939859884605972,up,0.011944312854613878,0.13166948909588516,False
GO:0006915,apoptotic process (GO:0006915),207,0.44938926579301647,down,0.011910069626004246,0.13166948909588516,False
GO:0010499,proteasomal ubiquitin-independent protein catabolic process (GO:0010499),22,0.654644197030861,up,0.012010978968409245,0.13166948909588516,False
GO:0048791,calcium ion-regulated exocytosis of neurotransmitter (GO:0048791),12,0.290726707894202,down,0.012046082129722425,0.13167374500875262,False
GO:0043488,regulation of mRNA stability (GO:0043488),144,0.5604329191480543,up,0.012181104704316506,0.13262055346126952,False
GO:0031344,regulation of cell projection organization (GO:0031344),13,0.2992991562180343,down,0.012202629358814412,0.13262055346126952,False
GO:2001243,negative regulation of intrinsic apoptotic signaling pathway (GO:2001243),62,0.4080828525684615,down,0.012249768899289498,0.1327524955285859,False
GO:1902893,regulation of pri-miRNA transcription by RNA polymerase II (GO:1902893),43,0.38974776240846215,down,0.012320037541911733,0.1327833984573189,False
GO:0006888,endoplasmic reticulum to Golgi vesicle-mediated transport (GO:0006888),174,0.5549112859339999,up,0.012322635448715067,0.1327833984573189,False
GO:0051128,regulation of cellular component organization (GO:0051128),133,0.4372852327777663,down,0.012399282237358892,0.13323081452210275,False
GO:0050679,positive regulation of epithelial cell proliferation (GO:0050679),117,0.43317923428879224,down,0.012437643183738622,0.1332654819093802,False
GO:0072522,purine-containing compound biosynthetic process (GO:0072522),25,0.6441173395294801,up,0.012587415802934803,0.13449033279023018,False
GO:0090175,regulation of establishment of planar polarity (GO:0090175),88,0.576818208270619,up,0.012664559883364299,0.1345565143910386,False
GO:0033692,cellular polysaccharide biosynthetic process (GO:0033692),25,0.644011617775196,up,0.01265250257874812,0.1345565143910386,False
GO:0090276,regulation of peptide hormone secretion (GO:0090276),72,0.41523144512630594,down,0.012809217608062381,0.1357133027580464,False
GO:0033138,positive regulation of peptidyl-serine phosphorylation (GO:0033138),76,0.4177035476063264,down,0.013045881711858848,0.1378357363038457,False
GO:0006646,phosphatidylethanolamine biosynthetic process (GO:0006646),15,0.315152922957801,down,0.013160539069619994,0.1386609019196351,False
GO:0043068,positive regulation of programmed cell death (GO:0043068),269,0.45622498785889654,down,0.013236859751007645,0.13869450009826517,False
GO:0030852,regulation of granulocyte differentiation (GO:0030852),10,0.2738046160545798,down,0.013233046385245266,0.13869450009826517,False
GO:1900740,positive regulation of protein insertion into mitochondrial membrane involved in apoptotic signaling pathway (GO:1900740),22,0.6523340453000953,up,0.013349806470905886,0.13872826286067402,False
GO:0010543,regulation of platelet activation (GO:0010543),22,0.3475827892375971,down,0.013299409363309058,0.13872826286067402,False
GO:1900739,regulation of protein insertion into mitochondrial membrane involved in apoptotic signaling pathway (GO:1900739),22,0.6523340453000953,up,0.013349806470905886,0.13872826286067402,False
GO:0046323,glucose import (GO:0046323),13,0.302760940354576,down,0.013777957756603532,0.1424829396918812,False
GO:0051569,regulation of histone H3-K4 methylation (GO:0051569),17,0.3275246564157924,down,0.013786248053498654,0.1424829396918812,False
GO:0008284,positive regulation of cell population proliferation (GO:0008284),440,0.46591918004089106,down,0.013873029532658248,0.14292992554811426,False
GO:0051571,positive regulation of histone H3-K4 methylation (GO:0051571),14,0.3101867790465683,down,0.013904862253428463,0.14292992554811426,False
GO:0031061,negative regulation of histone methylation (GO:0031061),12,0.29525834954369057,down,0.01403282406045808,0.1438554098954527,False
GO:0030307,positive regulation of cell growth (GO:0030307),95,0.4272291832608296,down,0.014143599140582802,0.14460019283081016,False
GO:0043161,proteasome-mediated ubiquitin-dependent protein catabolic process (GO:0043161),315,0.5400533749918636,up,0.014236933041409454,0.14516313716684426,False
GO:0099515,actin filament-based transport (GO:0099515),21,0.3456177034326538,down,0.014287614048718915,0.14528932999139638,False
GO:0042590,antigen processing and presentation of exogenous peptide antigen via MHC class I (GO:0042590),70,0.584559712499221,up,0.014355550020482572,0.14558984285478715,False
GO:1903799,negative regulation of production of miRNAs involved in gene silencing by miRNA (GO:1903799),12,0.2960858035982154,down,0.01442530072167391,0.1459071083661577,False
GO:1903671,negative regulation of sprouting angiogenesis (GO:1903671),11,0.2871063438941734,down,0.014464300261851101,0.1459124757797905,False
GO:0150078,positive regulation of neuroinflammatory response (GO:0150078),12,0.29627936010219785,down,0.014518493452003402,0.14607067815238436,False
GO:0035023,regulation of Rho protein signal transduction (GO:0035023),72,0.41702941052910514,down,0.014840966299710604,0.1487367647385002,False
GO:0002479,"antigen processing and presentation of exogenous peptide antigen via MHC class I, TAP-dependent (GO:0002479)",66,0.5866080326954444,up,0.014892230427751063,0.1487367647385002,False
GO:0007422,peripheral nervous system development (GO:0007422),23,0.3533921933085502,down,0.014901125916327466,0.1487367647385002,False
GO:1900078,positive regulation of cellular response to insulin stimulus (GO:1900078),13,0.3052958597061727,down,0.015042834288756744,0.14975714030775414,False
GO:0043652,engulfment of apoptotic cell (GO:0043652),15,0.3190921409214092,down,0.015242841738623187,0.15095587131748758,False
GO:0007249,I-kappaB kinase/NF-kappaB signaling (GO:0007249),59,0.40870243090938835,down,0.015218045402590313,0.15095587131748758,False
GO:2000234,positive regulation of rRNA processing (GO:2000234),10,0.27867324720569026,down,0.015345937409310768,0.15118737816497596,False
GO:0006911,"phagocytosis, engulfment (GO:0006911)",34,0.37992282413095974,down,0.015342172808426133,0.15118737816497596,False
GO:0032793,positive regulation of CREB transcription factor activity (GO:0032793),17,0.33045917129846303,down,0.015482864406543362,0.15214120387051547,False
GO:0045926,negative regulation of growth (GO:0045926),113,0.43426558361674833,down,0.015666833449957975,0.1528225672641673,False
GO:0044090,positive regulation of vacuole organization (GO:0044090),11,0.28971928083529525,down,0.015713367053262654,0.1528225672641673,False
GO:0071397,cellular response to cholesterol (GO:0071397),10,0.2794135578458412,down,0.015691973145150043,0.1528225672641673,False
GO:0048259,regulation of receptor-mediated endocytosis (GO:0048259),37,0.6147608181137149,up,0.0156568134342175,0.1528225672641673,False
GO:0070372,regulation of ERK1 and ERK2 cascade (GO:0070372),217,0.4526126816809307,down,0.015931474704851855,0.15300189654097457,False
GO:2000351,regulation of endothelial cell apoptotic process (GO:2000351),41,0.3913041629399266,down,0.01597383364888635,0.15300189654097457,False
GO:0061718,glucose catabolic process to pyruvate (GO:0061718),23,0.6452112291902375,up,0.015883584251715415,0.15300189654097457,False
GO:0061621,canonical glycolysis (GO:0061621),23,0.6452112291902375,up,0.015883584251715415,0.15300189654097457,False
GO:0003254,regulation of membrane depolarization (GO:0003254),18,0.3358193545056512,down,0.01585327985720771,0.15300189654097457,False
GO:1901741,positive regulation of myoblast fusion (GO:1901741),10,0.2799506459573233,down,0.01594729705676703,0.15300189654097457,False
GO:0034315,regulation of Arp2/3 complex-mediated actin nucleation (GO:0034315),17,0.668408358755547,up,0.016185206320585382,0.1531496926138876,False
GO:0001819,positive regulation of cytokine production (GO:0001819),299,0.4596236292971732,down,0.016040762834909846,0.1531496926138876,False
GO:0030073,insulin secretion (GO:0030073),20,0.6554087411064324,up,0.016091344938325428,0.1531496926138876,False
GO:0090158,endoplasmic reticulum membrane organization (GO:0090158),12,0.7004205015049019,up,0.016191148625934335,0.1531496926138876,False
GO:1900221,regulation of amyloid-beta clearance (GO:1900221),15,0.32067363530778165,down,0.016157236135703298,0.1531496926138876,False
GO:0010803,regulation of tumor necrosis factor-mediated signaling pathway (GO:0010803),52,0.4037466544733353,down,0.01628115631435037,0.15323678883456812,False
GO:0015919,peroxisomal membrane transport (GO:0015919),27,0.6335594627972925,up,0.016257455710207928,0.15323678883456812,False
GO:0035723,interleukin-15-mediated signaling pathway (GO:0035723),13,0.6921223193507033,up,0.01643516560175966,0.15392242747524543,False
GO:0071350,cellular response to interleukin-15 (GO:0071350),13,0.6921223193507033,up,0.01643516560175966,0.15392242747524543,False
GO:0060071,"Wnt signaling pathway, planar cell polarity pathway (GO:0060071)",85,0.5751274196032792,up,0.016558096030725087,0.1546917690752223,False
GO:0048026,"positive regulation of mRNA splicing, via spliceosome (GO:0048026)",15,0.678548199767712,up,0.01662460278939455,0.15493149479158114,False
GO:0051028,mRNA transport (GO:0051028),102,0.43150325655835065,down,0.01671952781855195,0.15530822888314602,False
GO:0036499,PERK-mediated unfolded protein response (GO:0036499),10,0.2815851357236174,down,0.0167469194867405,0.15530822888314602,False
GO:0006071,glycerol metabolic process (GO:0006071),10,0.7178748729859196,up,0.017018721164223916,0.15699266025374636,False
GO:0035329,hippo signaling (GO:0035329),26,0.3649986482772797,down,0.017141652307681728,0.15699266025374636,False
GO:0035196,production of miRNAs involved in gene silencing by miRNA (GO:0035196),29,0.3722467180979893,down,0.01721142731207857,0.15699266025374636,False
GO:0003229,ventricular cardiac muscle tissue development (GO:0003229),25,0.6376357827476038,up,0.017171620297388734,0.15699266025374636,False
GO:0070141,response to UV-A (GO:0070141),13,0.30905915407396156,down,0.017109219585571808,0.15699266025374636,False
GO:1902285,semaphorin-plexin signaling pathway involved in neuron projection guidance (GO:1902285),13,0.3091998588485436,down,0.017191088937694353,0.15699266025374636,False
GO:0048568,embryonic organ development (GO:0048568),62,0.4125909904772445,down,0.01721828280136,0.15699266025374636,False
GO:0032755,positive regulation of interleukin-6 production (GO:0032755),70,0.4178522611603897,down,0.017387591179789826,0.15790188762310922,False
GO:0043039,tRNA aminoacylation (GO:0043039),38,0.6114290214597131,up,0.017401262595955615,0.15790188762310922,False
GO:0035089,establishment of apical/basal cell polarity (GO:0035089),14,0.3165703667140908,down,0.017454606007561553,0.15800792502787822,False
GO:0050911,detection of chemical stimulus involved in sensory perception of smell (GO:0050911),12,0.6979901576517725,up,0.01752901948312752,0.15830374023691116,False
GO:0043534,blood vessel endothelial cell migration (GO:0043534),22,0.35384132029791715,down,0.017596823424675778,0.15848056769981086,False
GO:0009141,nucleoside triphosphate metabolic process (GO:0009141),14,0.6831413556102154,up,0.017632164400031684,0.15848056769981086,False
GO:1901532,regulation of hematopoietic progenitor cell differentiation (GO:1901532),73,0.5801522459585814,up,0.017800818433319786,0.15929447346101547,False
GO:0045444,fat cell differentiation (GO:0045444),57,0.4093189832538203,down,0.017806711507374257,0.15929447346101547,False
GO:0006406,mRNA export from nucleus (GO:0006406),103,0.4325769531656274,down,0.01794294969149247,0.1601143270521926,False
GO:0072676,lymphocyte migration (GO:0072676),30,0.3752457032195594,down,0.017982784952342224,0.1601143270521926,False
GO:0032509,endosome transport via multivesicular body sorting pathway (GO:0032509),24,0.6392640353170108,up,0.018151087754526337,0.16085765386195888,False
GO:0032479,regulation of type I interferon production (GO:0032479),83,0.42503354509624675,down,0.01812715595740233,0.16085765386195888,False
GO:2000060,positive regulation of ubiquitin-dependent protein catabolic process (GO:2000060),76,0.42177407872921197,down,0.018288515630562663,0.1616977617406158,False
GO:0045834,positive regulation of lipid metabolic process (GO:0045834),24,0.3610590746710813,down,0.018421255166500113,0.16249260661984868,False
GO:0045197,establishment or maintenance of epithelial cell apical/basal polarity (GO:0045197),31,0.3779846018906539,down,0.01866043109701622,0.16422045278650238,False
GO:0006356,regulation of transcription by RNA polymerase I (GO:0006356),18,0.3401089912981193,down,0.01881133489893256,0.1651652622028963,False
GO:1903978,regulation of microglial cell activation (GO:1903978),15,0.32512388695315525,down,0.018993845035614364,0.16599920327208592,False
GO:1901030,positive regulation of mitochondrial outer membrane permeabilization involved in apoptotic signaling pathway (GO:1901030),29,0.6258170949382684,up,0.01897323553086836,0.16599920327208592,False
GO:0051345,positive regulation of hydrolase activity (GO:0051345),136,0.4418711852292419,down,0.019098036610814256,0.16652609853981257,False
GO:0010648,negative regulation of cell communication (GO:0010648),21,0.35250458433939874,down,0.019249748648026692,0.16679024363624192,False
GO:0046628,positive regulation of insulin receptor signaling pathway (GO:0046628),12,0.3049240774613129,down,0.019260249594693902,0.16679024363624192,False
GO:0048010,vascular endothelial growth factor receptor signaling pathway (GO:0048010),67,0.4173718183538513,down,0.019253070777539405,0.16679024363624192,False
GO:0010498,proteasomal protein catabolic process (GO:0010498),202,0.5476307199224871,up,0.019380206688420835,0.16744675163822376,False
GO:0097191,extrinsic apoptotic signaling pathway (GO:0097191),68,0.41810088970010895,down,0.019431019722732253,0.1675042222916442,False
GO:0038093,Fc receptor signaling pathway (GO:0038093),111,0.5641023623203917,up,0.019506529755162053,0.167773848891904,False
GO:0043542,endothelial cell migration (GO:0043542),38,0.3906163263870517,down,0.019571339054454923,0.16795042767770932,False
GO:0033623,regulation of integrin activation (GO:0033623),15,0.32618273325590397,down,0.01972968940151942,0.1689271148983367,False
GO:0099560,synaptic membrane adhesion (GO:0099560),14,0.6798251253696799,up,0.0197913857270864,0.16907370734873584,False
GO:0071310,cellular response to organic substance (GO:0071310),119,0.4383105758612858,down,0.01995954873964165,0.17012711993137253,False
GO:0071427,mRNA-containing ribonucleoprotein complex export from nucleus (GO:0071427),97,0.43176096684815973,down,0.020081407572761677,0.17078201552350908,False
GO:0035987,endodermal cell differentiation (GO:0035987),32,0.38141014002265927,down,0.020192293858080572,0.17134087383377988,False
GO:0010677,negative regulation of cellular carbohydrate metabolic process (GO:0010677),23,0.3602791134637142,down,0.020319306247475768,0.1716506204825737,False
GO:0050769,positive regulation of neurogenesis (GO:0050769),69,0.41925724743049286,down,0.020286585195437586,0.1716506204825737,False
GO:0006692,prostanoid metabolic process (GO:0006692),12,0.6927363082967996,up,0.020756470128225096,0.17495398043635063,False
GO:0042407,cristae formation (GO:0042407),28,0.6261572104950849,up,0.020804300329582342,0.1749683174059996,False
GO:0098962,regulation of postsynaptic neurotransmitter receptor activity (GO:0098962),10,0.2891130788213093,down,0.02090110887886926,0.17539359729546705,False
GO:0045639,positive regulation of myeloid cell differentiation (GO:0045639),34,0.38566658178916086,down,0.02098577748709031,0.17571535101221533,False
GO:0008406,gonad development (GO:0008406),46,0.598190943471564,up,0.021145092293596592,0.17627106608705906,False
GO:0033674,positive regulation of kinase activity (GO:0033674),107,0.4355456357088361,down,0.021112717885096423,0.17627106608705906,False
GO:0010838,positive regulation of keratinocyte proliferation (GO:0010838),10,0.28990274350413703,down,0.02138501280565848,0.1778625145657893,False
GO:0030326,embryonic limb morphogenesis (GO:0030326),35,0.3876965219556736,down,0.021429783589919777,0.1778625145657893,False
GO:0050801,ion homeostasis (GO:0050801),30,0.3788951827644638,down,0.021632490679026728,0.1788479134147256,False
GO:0007216,G protein-coupled glutamate receptor signaling pathway (GO:0007216),15,0.3287824235385211,down,0.02164281367185844,0.1788479134147256,False
GO:1900034,regulation of cellular response to heat (GO:1900034),78,0.42491700249794323,down,0.021764221535947287,0.17946020062140883,False
GO:0050766,positive regulation of phagocytosis (GO:0050766),49,0.4054311836924504,down,0.021934479168905792,0.18047175593852424,False
GO:0032981,mitochondrial respiratory chain complex I assembly (GO:0032981),57,0.5876157630543596,up,0.0220495209609118,0.1805249818226135,False
GO:0007173,epidermal growth factor receptor signaling pathway (GO:0007173),44,0.40032191080547713,down,0.022083730969072676,0.1805249818226135,False
GO:0010257,NADH dehydrogenase complex assembly (GO:0010257),57,0.5876157630543596,up,0.0220495209609118,0.1805249818226135,False
GO:0050852,T cell receptor signaling pathway (GO:0050852),138,0.5563161537802069,up,0.022190151657609465,0.18100482846733915,False
GO:0090154,positive regulation of sphingolipid biosynthetic process (GO:0090154),11,0.3013006619440251,down,0.022461657536461753,0.18127035539531794,False
GO:0015721,bile acid and bile salt transport (GO:0015721),22,0.359458289220436,down,0.022444522002814132,0.18127035539531794,False
GO:0032233,positive regulation of actin filament bundle assembly (GO:0032233),51,0.4076161914597254,down,0.022388155774800165,0.18127035539531794,False
GO:2000304,positive regulation of ceramide biosynthetic process (GO:2000304),11,0.3013006619440251,down,0.022461657536461753,0.18127035539531794,False
GO:1903507,negative regulation of nucleic acid-templated transcription (GO:1903507),424,0.46778547639416446,down,0.022392037017865945,0.18127035539531794,False
GO:0035108,limb morphogenesis (GO:0035108),21,0.356487358839685,down,0.02275910325189601,0.18201477109324152,False
GO:0006306,DNA methylation (GO:0006306),22,0.3598701562718639,down,0.022841822051247816,0.18201477109324152,False
GO:2000811,negative regulation of anoikis (GO:2000811),14,0.3242584627126307,down,0.02276463982145766,0.18201477109324152,False
GO:0006111,regulation of gluconeogenesis (GO:0006111),26,0.37106799500421156,down,0.022816625897318657,0.18201477109324152,False
GO:0043116,negative regulation of vascular permeability (GO:0043116),12,0.3101912338259346,down,0.022770630706553167,0.18201477109324152,False
GO:0007162,negative regulation of cell adhesion (GO:0007162),73,0.42299650262999994,down,0.02280766693438765,0.18201477109324152,False
GO:0045943,positive regulation of transcription by RNA polymerase I (GO:0045943),22,0.36014341421944596,down,0.023108774475917658,0.18375593624141653,False
GO:0060173,limb development (GO:0060173),28,0.3760980791654391,down,0.02319578310663449,0.18406193582314775,False
GO:0032732,positive regulation of interleukin-1 production (GO:0032732),53,0.40994956414337475,down,0.023256246449002014,0.18415645674543765,False
GO:0006858,extracellular transport (GO:0006858),12,0.6889063089742473,up,0.023424837028231955,0.1847201805573468,False
GO:0046473,phosphatidic acid metabolic process (GO:0046473),49,0.4064431097091514,down,0.02339141870063481,0.1847201805573468,False
GO:0032786,"positive regulation of DNA-templated transcription, elongation (GO:0032786)",21,0.35737380274756125,down,0.023611840015832622,0.18567128080389664,False
GO:0071786,endoplasmic reticulum tubular network organization (GO:0071786),14,0.6746236835665134,up,0.02364335054792567,0.18567128080389664,False
GO:0051270,regulation of cellular component movement (GO:0051270),50,0.4076326115390205,down,0.023768683469279746,0.1862698685929299,False
GO:0009895,negative regulation of catabolic process (GO:0009895),46,0.4038200319178375,down,0.02393514207834171,0.18705407407785185,False
GO:0061418,regulation of transcription from RNA polymerase II promoter in response to hypoxia (GO:0061418),75,0.5753383750242389,up,0.023967382019993672,0.18705407407785185,False
GO:0001501,skeletal system development (GO:0001501),153,0.4472726489775744,down,0.02418149833364367,0.18833762459858408,False
GO:0032731,positive regulation of interleukin-1 beta production (GO:0032731),47,0.4053946509223486,down,0.024756580397349712,0.18853226805546275,False
GO:2000278,regulation of DNA biosynthetic process (GO:2000278),28,0.37707115262522356,down,0.024299196767587027,0.18853226805546275,False
GO:0001558,regulation of cell growth (GO:0001558),203,0.45435518777372463,down,0.02469399859797548,0.18853226805546275,False
GO:0045618,positive regulation of keratinocyte differentiation (GO:0045618),13,0.32026193422163457,down,0.02480295327173106,0.18853226805546275,False
GO:0006261,DNA-dependent DNA replication (GO:0006261),128,0.5574067516095202,up,0.02472603821768839,0.18853226805546275,False
GO:0061180,mammary gland epithelium development (GO:0061180),14,0.3267679302492461,down,0.024778259235304016,0.18853226805546275,False
GO:0010717,regulation of epithelial to mesenchymal transition (GO:0010717),73,0.4238327955931066,down,0.024327601606941803,0.18853226805546275,False
GO:0006936,muscle contraction (GO:0006936),127,0.44231127410052534,down,0.02458340798888344,0.18853226805546275,False
GO:0022900,electron transport chain (GO:0022900),15,0.6675125822686798,up,0.024647534556749277,0.18853226805546275,False
GO:0006122,"mitochondrial electron transport, ubiquinol to cytochrome c (GO:0006122)",11,0.6956535509549097,up,0.024609252545843036,0.18853226805546275,False
GO:0043588,skin development (GO:0043588),71,0.42287376539366495,down,0.024520028844773247,0.18853226805546275,False
GO:0030162,regulation of proteolysis (GO:0030162),49,0.40725128626117657,down,0.024614637609795015,0.18853226805546275,False
GO:0032516,positive regulation of phosphoprotein phosphatase activity (GO:0032516),17,0.3432015933151819,down,0.025160326576554617,0.19086623740974332,False
GO:1905606,regulation of presynapse assembly (GO:1905606),18,0.6521699851258175,up,0.025364572222145103,0.1916490486824629,False
GO:0099174,regulation of presynapse organization (GO:0099174),18,0.6521699851258175,up,0.025364572222145103,0.1916490486824629,False
GO:0070374,positive regulation of ERK1 and ERK2 cascade (GO:0070374),156,0.4482381933838245,down,0.02545372433497908,0.1919403109395142,False
GO:0051646,mitochondrion localization (GO:0051646),19,0.3521070360883042,down,0.025583565490437252,0.19253663473259625,False
GO:2000311,regulation of AMPA receptor activity (GO:2000311),25,0.3711437699680511,down,0.02568090654653348,0.19288649214059703,False
GO:0018023,peptidyl-lysine trimethylation (GO:0018023),26,0.3738161254934905,down,0.02588261111797753,0.19348490512627625,False
GO:0045737,positive regulation of cyclin-dependent protein serine/threonine kinase activity (GO:0045737),17,0.3440453944514097,down,0.025955062363351707,0.19348490512627625,False
GO:0035162,embryonic hemopoiesis (GO:0035162),11,0.30599075178682655,down,0.02584096487385097,0.19348490512627625,False
GO:0033628,regulation of cell adhesion mediated by integrin (GO:0033628),33,0.3880464044312746,down,0.025964623440357135,0.19348490512627625,False
GO:0006120,"mitochondrial electron transport, NADH to ubiquinone (GO:0006120)",38,0.6042852140083771,up,0.026037350984080495,0.1936464162404261,False
GO:0050708,regulation of protein secretion (GO:0050708),122,0.44175703440698694,down,0.026113370806943873,0.19383173281944835,False
GO:0000470,maturation of LSU-rRNA (GO:0000470),26,0.6259224669721635,up,0.0261920063644354,0.1940357033990302,False
GO:0009084,glutamine family amino acid biosynthetic process (GO:0009084),10,0.2970823051241109,down,0.026250783412288807,0.1940920496740964,False
GO:0006879,cellular iron ion homeostasis (GO:0006879),54,0.5872611368963219,up,0.026450977989242414,0.19519175002567407,False
GO:0010629,negative regulation of gene expression (GO:0010629),306,0.4632357965295111,down,0.026564929483291966,0.19565199520412896,False
GO:0050731,positive regulation of peptidyl-tyrosine phosphorylation (GO:0050731),122,0.4419807354488083,down,0.026693037275807404,0.1962145162541424,False
GO:0000209,protein polyubiquitination (GO:0000209),302,0.5368976535857438,up,0.027005677117511413,0.1979183114149525,False
GO:0150117,positive regulation of cell-substrate junction organization (GO:0150117),24,0.36966202937275516,down,0.02702918146927113,0.1979183114149525,False
GO:0034331,cell junction maintenance (GO:0034331),14,0.32962789366494255,down,0.027259544130293096,0.19922052193873163,False
GO:0051272,positive regulation of cellular component movement (GO:0051272),25,0.37262155097298866,down,0.027424839423129573,0.20004310756140475,False
GO:0035303,regulation of dephosphorylation (GO:0035303),15,0.3358633372048006,down,0.027693551625275783,0.20161543438516513,False
GO:0061013,regulation of mRNA catabolic process (GO:0061013),120,0.5580117470025727,up,0.02798347641381308,0.20333587363523567,False
GO:0048147,negative regulation of fibroblast proliferation (GO:0048147),17,0.34626250755834015,down,0.02814745912657812,0.2041363527095809,False
GO:0007492,endoderm development (GO:0007492),15,0.336525358110724,down,0.02832752550165844,0.20505019890799706,False
GO:0051254,positive regulation of RNA metabolic process (GO:0051254),44,0.40465918667656486,down,0.028573101275327705,0.20643385359489141,False
GO:0015850,organic hydroxy compound transport (GO:0015850),34,0.39164019229027425,down,0.028695797881455674,0.20673660604126776,False
GO:1900151,"regulation of nuclear-transcribed mRNA catabolic process, deadenylation-dependent decay (GO:1900151)",15,0.6629558652729385,up,0.028833025203224533,0.20673660604126776,False
GO:1900153,"positive regulation of nuclear-transcribed mRNA catabolic process, deadenylation-dependent decay (GO:1900153)",15,0.6629558652729385,up,0.028833025203224533,0.20673660604126776,False
GO:0035304,regulation of protein dephosphorylation (GO:0035304),37,0.3961479929578018,down,0.028736498609293993,0.20673660604126776,False
GO:0034776,response to histamine (GO:0034776),10,0.6993990419509363,up,0.0289664566468775,0.20685587907150899,False
GO:0007601,visual perception (GO:0007601),89,0.5669172954455246,up,0.02896135141848511,0.20685587907150899,False
GO:1901522,positive regulation of transcription from RNA polymerase II promoter involved in cellular response to chemical stimulus (GO:1901522),21,0.3624200333557364,down,0.02901326856473577,0.20685587907150899,False
GO:0090313,regulation of protein targeting to membrane (GO:0090313),28,0.38098108212408033,down,0.029203743123712027,0.20782326016555291,False
GO:1901186,positive regulation of ERBB signaling pathway (GO:1901186),25,0.37420156839965146,down,0.02940151677172863,0.20854614765752122,False
GO:0046326,positive regulation of glucose import (GO:0046326),22,0.36594387519372273,down,0.029449494472952534,0.20854614765752122,False
GO:0140042,lipid droplet formation (GO:0140042),10,0.3012222383509943,down,0.029470270272721165,0.20854614765752122,False
GO:0045580,regulation of T cell differentiation (GO:0045580),36,0.3952895848869003,down,0.029616020276281133,0.20918727170937493,False
GO:0050433,regulation of catecholamine secretion (GO:0050433),30,0.38543403534253207,down,0.029799187540529667,0.2097000340282542,False
GO:0044793,negative regulation by host of viral process (GO:0044793),10,0.6984061547394397,up,0.029775204979265658,0.2097000340282542,False
GO:0061008,hepaticobiliary system development (GO:0061008),19,0.35624591156134033,down,0.030007013325502107,0.21051601258872724,False
GO:0000132,establishment of mitotic spindle orientation (GO:0000132),23,0.3693505535800873,down,0.030026143635776808,0.21051601258872724,False
GO:0048661,positive regulation of smooth muscle cell proliferation (GO:0048661),44,0.40586321498675104,down,0.030642979132100276,0.21079509761592263,False
GO:0099601,regulation of neurotransmitter receptor activity (GO:0099601),58,0.41790833803669725,down,0.03047467922682912,0.21079509761592263,False
GO:0006163,purine nucleotide metabolic process (GO:0006163),24,0.6274541837297783,up,0.030604737004534983,0.21079509761592263,False
GO:0045948,positive regulation of translational initiation (GO:0045948),18,0.6470946946598136,up,0.03067727231320572,0.21079509761592263,False
GO:0150118,negative regulation of cell-substrate junction organization (GO:0150118),16,0.3436873892970179,down,0.030358261760792777,0.21079509761592263,False
GO:0061620,glycolytic process through glucose-6-phosphate (GO:0061620),24,0.6276344960452306,up,0.030369825040298143,0.21079509761592263,False
GO:0040017,positive regulation of locomotion (GO:0040017),27,0.3795155966934752,down,0.03017173938050217,0.21079509761592263,False
GO:0009132,nucleoside diphosphate metabolic process (GO:0009132),16,0.6562255001597027,up,0.030450719295386546,0.21079509761592263,False
GO:0031062,positive regulation of histone methylation (GO:0031062),24,0.37245021443853893,down,0.03047999273856877,0.21079509761592263,False
GO:0051895,negative regulation of focal adhesion assembly (GO:0051895),16,0.3436873892970179,down,0.030358261760792777,0.21079509761592263,False
GO:1900017,positive regulation of cytokine production involved in inflammatory response (GO:1900017),16,0.3439641467522286,down,0.03065284388900814,0.21079509761592263,False
GO:0001934,positive regulation of protein phosphorylation (GO:0001934),351,0.4665896690732487,down,0.03098842643554193,0.2117380225434941,False
GO:0031571,mitotic G1 DNA damage checkpoint signaling (GO:0031571),61,0.42014667064499434,down,0.030887362961933392,0.2117380225434941,False
GO:0007411,axon guidance (GO:0007411),200,0.45584980294847466,down,0.031037790807852024,0.2117380225434941,False
GO:1900181,negative regulation of protein localization to nucleus (GO:1900181),18,0.3531601991398141,down,0.030967597175878336,0.2117380225434941,False
GO:0062014,negative regulation of small molecule metabolic process (GO:0062014),20,0.3609154929577465,down,0.031238586420360287,0.21234401127675012,False
GO:0046546,development of primary male sexual characteristics (GO:0046546),38,0.6009591343323296,up,0.031187761002987976,0.21234401127675012,False
GO:0051894,positive regulation of focal adhesion assembly (GO:0051894),19,0.35773609013822744,down,0.03175324937313606,0.21518555752265867,False
GO:0006383,transcription by RNA polymerase III (GO:0006383),27,0.3806570018374364,down,0.031770079676427324,0.21518555752265867,False
GO:0045956,positive regulation of calcium ion-dependent exocytosis (GO:0045956),13,0.32815480205294967,down,0.03188127273748237,0.2155537744978086,False
GO:2000353,positive regulation of endothelial cell apoptotic process (GO:2000353),13,0.3282642390998468,down,0.031990487302288116,0.2159073280028093,False
GO:0071526,semaphorin-plexin signaling pathway (GO:0071526),35,0.3953714617747157,down,0.03210360405615004,0.21628591507100728,False
GO:0032508,DNA duplex unwinding (GO:0032508),49,0.5884130318988027,up,0.03216620838042614,0.21632345458680202,False
GO:0007160,cell-matrix adhesion (GO:0007160),98,0.4374690004651044,down,0.03225155268096112,0.21651352091838144,False
GO:0001755,neural crest cell migration (GO:0001755),37,0.39845979397958015,down,0.03248455698435661,0.21769244636336507,False
GO:0051100,negative regulation of binding (GO:0051100),81,0.43137470396445204,down,0.03260024760282943,0.21808243237659972,False
GO:0010837,regulation of keratinocyte proliferation (GO:0010837),22,0.36848504209756494,down,0.03266789395530812,0.218145064566348,False
GO:0002687,positive regulation of leukocyte migration (GO:0002687),27,0.38131538067636594,down,0.03272463531195676,0.218145064566348,False
GO:0046427,positive regulation of receptor signaling pathway via JAK-STAT (GO:0046427),25,0.623252977054894,up,0.032843699096739516,0.2185546503051456,False
GO:1904903,ESCRT III complex disassembly (GO:1904903),10,0.694678472927856,up,0.032987143413689975,0.21874166952469595,False
GO:1904896,ESCRT complex disassembly (GO:1904896),10,0.694678472927856,up,0.032987143413689975,0.21874166952469595,False
GO:0040033,"negative regulation of translation, ncRNA-mediated (GO:0040033)",11,0.3146583123066691,down,0.03325193333337227,0.21934710110170616,False
GO:0035278,miRNA mediated inhibition of translation (GO:0035278),11,0.3146583123066691,down,0.03325193333337227,0.21934710110170616,False
GO:0043405,regulation of MAP kinase activity (GO:0043405),91,0.43545954685519345,down,0.033178850665477745,0.21934710110170616,False
GO:0006518,peptide metabolic process (GO:0006518),76,0.5705540867206266,up,0.03331229407201951,0.21936376981800346,False
GO:0010604,positive regulation of macromolecule metabolic process (GO:0010604),359,0.46742668415184263,down,0.03343997727599519,0.21944261904472276,False
GO:0097320,plasma membrane tubulation (GO:0097320),12,0.3226949839831993,down,0.03339977201676951,0.21944261904472276,False
GO:0015867,ATP transport (GO:0015867),11,0.6849616241382587,up,0.03361480222117203,0.21980991479471557,False
GO:0033673,negative regulation of kinase activity (GO:0033673),61,0.4215513189967369,down,0.03395955973364179,0.21980991479471557,False
GO:0071805,potassium ion transmembrane transport (GO:0071805),134,0.44700103109057726,down,0.03391503301798463,0.21980991479471557,False
GO:0060307,regulation of ventricular cardiac muscle cell membrane repolarization (GO:0060307),17,0.35133043867410485,down,0.033765635214601165,0.21980991479471557,False
GO:0045815,"positive regulation of gene expression, epigenetic (GO:0045815)",48,0.4114073202158475,down,0.03361124326588119,0.21980991479471557,False
GO:0090026,positive regulation of monocyte chemotaxis (GO:0090026),17,0.6487088476136142,up,0.03371864113696343,0.21980991479471557,False
GO:0051092,positive regulation of NF-kappaB transcription factor activity (GO:0051092),147,0.4493882547772519,down,0.03391177234286819,0.21980991479471557,False
GO:0002888,positive regulation of myeloid leukocyte mediated immunity (GO:0002888),10,0.3062621570619829,down,0.033843004133813505,0.21980991479471557,False
GO:0046329,negative regulation of JNK cascade (GO:0046329),31,0.39005138950319734,down,0.03403825090027688,0.21994392787862047,False
GO:0048813,dendrite morphogenesis (GO:0048813),34,0.39511874590921753,down,0.03422482307478596,0.22077339102493732,False
GO:0009451,RNA modification (GO:0009451),55,0.41767441860465115,down,0.03457881553767939,0.220803783391276,False
GO:0010507,negative regulation of autophagy (GO:0010507),56,0.4183305266349105,down,0.03439958552138318,0.220803783391276,False
GO:0016567,protein ubiquitination (GO:0016567),487,0.527848924848704,up,0.03453161165019291,0.220803783391276,False
GO:0006094,gluconeogenesis (GO:0006094),39,0.5978212280513536,up,0.03443333836637483,0.220803783391276,False
GO:0060339,negative regulation of type I interferon-mediated signaling pathway (GO:0060339),15,0.3424119241192412,down,0.034535581113447233,0.220803783391276,False
GO:0038061,NIK/NF-kappaB signaling (GO:0038061),73,0.5715558395879334,up,0.034380683941321336,0.220803783391276,False
GO:0072332,intrinsic apoptotic signaling pathway by p53 class mediator (GO:0072332),31,0.3904337184110111,down,0.034665218057531894,0.2209834825079302,False
GO:0030851,granulocyte differentiation (GO:0030851),19,0.3602013804402981,down,0.034833483429752496,0.22168356149169668,False
GO:2000736,regulation of stem cell differentiation (GO:2000736),89,0.5645385725504761,up,0.035171662608921656,0.2234608312824788,False
GO:0006415,translational termination (GO:0006415),94,0.5626885874448209,up,0.03550675608951763,0.22408839575297898,False
GO:0007507,heart development (GO:0007507),157,0.4514155251480746,down,0.03538122916980855,0.22408839575297898,False
GO:0050767,regulation of neurogenesis (GO:0050767),58,0.4202281073028622,down,0.035490417172289554,0.22408839575297898,False
GO:0031116,positive regulation of microtubule polymerization (GO:0031116),28,0.3852126030648702,down,0.035448915517073444,0.22408839575297898,False
GO:0033540,fatty acid beta-oxidation using acyl-CoA oxidase (GO:0033540),14,0.6621572295478396,up,0.035612255394424995,0.22438087161304654,False
GO:2000179,positive regulation of neural precursor cell proliferation (GO:2000179),21,0.3679392184358206,down,0.03610705313686056,0.22712114850433185,False
GO:0060402,calcium ion transport into cytosol (GO:0060402),21,0.3682835624811579,down,0.036594875355853,0.22980854672971923,False
GO:0006568,tryptophan metabolic process (GO:0006568),11,0.31814750688865195,down,0.03671246641292888,0.22984552325617805,False
GO:0051050,positive regulation of transport (GO:0051050),85,0.43451471016105014,down,0.03672432953805573,0.22984552325617805,False
GO:0045732,positive regulation of protein catabolic process (GO:0045732),80,0.4325250909090909,down,0.03678255539586082,0.22984552325617805,False
GO:0035308,negative regulation of protein dephosphorylation (GO:0035308),20,0.6347088717874256,up,0.036955637356553724,0.22984724008352947,False
GO:0043536,positive regulation of blood vessel endothelial cell migration (GO:0043536),48,0.4129646583544046,down,0.036856022281925506,0.22984724008352947,False
GO:0046889,positive regulation of lipid biosynthetic process (GO:0046889),34,0.39666704833061894,down,0.0369646233722523,0.22984724008352947,False
GO:0070076,histone lysine demethylation (GO:0070076),25,0.3796410107464421,down,0.03717086995129132,0.23043410011742796,False
GO:0032677,regulation of interleukin-8 production (GO:0032677),74,0.43005171775422785,down,0.03733000630243212,0.23043410011742796,False
GO:0009117,nucleotide metabolic process (GO:0009117),23,0.6254634212865686,up,0.03719487237179173,0.23043410011742796,False
GO:0006813,potassium ion transport (GO:0006813),119,0.4448071749669113,down,0.0373391804410094,0.23043410011742796,False
GO:0010737,protein kinase A signaling (GO:0010737),13,0.6667105903793669,up,0.03736276603538576,0.23043410011742796,False
GO:0009301,snRNA transcription (GO:0009301),70,0.4282664783231891,down,0.0378120752892397,0.23282662592871134,False
GO:0032886,regulation of microtubule-based process (GO:0032886),35,0.39864779613181706,down,0.03789316870014441,0.2329477939702557,False
GO:0006891,intra-Golgi vesicle-mediated transport (GO:0006891),29,0.6110598044381051,up,0.038369771616909354,0.23549602547400839,False
GO:0021915,neural tube development (GO:0021915),15,0.3458207510646535,down,0.038636391330728666,0.23652571974634462,False
GO:0030322,stabilization of membrane potential (GO:0030322),16,0.35079415778623074,down,0.03874033720972071,0.23652571974634462,False
GO:1904894,positive regulation of receptor signaling pathway via STAT (GO:1904894),24,0.6218536106028482,up,0.038718704586163236,0.23652571974634462,False
GO:0010647,positive regulation of cell communication (GO:0010647),28,0.38757681885895207,down,0.03941056021083306,0.23652571974634462,False
GO:2000810,regulation of bicellular tight junction assembly (GO:2000810),19,0.36351951140483335,down,0.03937935725705098,0.23652571974634462,False
GO:0014059,regulation of dopamine secretion (GO:0014059),25,0.38075980249782165,down,0.03896923318218041,0.23652571974634462,False
GO:0010830,regulation of myotube differentiation (GO:0010830),25,0.38068661051408653,down,0.038849364569134084,0.23652571974634462,False
GO:0048585,negative regulation of response to stimulus (GO:0048585),60,0.4231254542811455,down,0.03930995426423692,0.23652571974634462,False
GO:0032434,regulation of proteasomal ubiquitin-dependent protein catabolic process (GO:0032434),99,0.44004046754658,down,0.0390516929258992,0.23652571974634462,False
GO:0030099,myeloid cell differentiation (GO:0030099),50,0.4157825897398634,down,0.03926845112697754,0.23652571974634462,False
GO:0043065,positive regulation of apoptotic process (GO:0043065),292,0.46504213883561446,down,0.03935109067909766,0.23652571974634462,False
GO:0051549,positive regulation of keratinocyte migration (GO:0051549),10,0.31159820002903177,down,0.039065793541615976,0.23652571974634462,False
GO:0031324,negative regulation of cellular metabolic process (GO:0031324),37,0.40206844941286224,down,0.03916970902427857,0.23652571974634462,False
GO:0007189,adenylate cyclase-activating G protein-coupled receptor signaling pathway (GO:0007189),112,0.443555767238905,down,0.03883987726617602,0.23652571974634462,False
GO:0070987,error-free translesion synthesis (GO:0070987),22,0.6267217230827721,up,0.039562639865699405,0.23706333808941207,False
GO:0008654,phospholipid biosynthetic process (GO:0008654),36,0.40105271313325,down,0.039833814713492836,0.23831176531274184,False
GO:0070587,regulation of cell-cell adhesion involved in gastrulation (GO:0070587),10,0.3125504427347946,down,0.040066413111414595,0.23894953605596786,False
GO:0034115,negative regulation of heterotypic cell-cell adhesion (GO:0034115),10,0.3125504427347946,down,0.040066413111414595,0.23894953605596786,False
GO:0001885,endothelial cell development (GO:0001885),26,0.38392164923577393,down,0.04040940327863305,0.2401877701566846,False
GO:0072599,establishment of protein localization to endoplasmic reticulum (GO:0072599),15,0.3472415795586527,down,0.040464008734542964,0.2401877701566846,False
GO:0002717,positive regulation of natural killer cell mediated immunity (GO:0002717),16,0.6479681465780075,up,0.0403850645559515,0.2401877701566846,False
GO:0022010,central nervous system myelination (GO:0022010),11,0.32178450396427405,down,0.04064152669487623,0.2408645480526024,False
GO:0007178,transmembrane receptor protein serine/threonine kinase signaling pathway (GO:0007178),132,0.4485469589699989,down,0.04096886641901459,0.24140957731765594,False
GO:0030194,positive regulation of blood coagulation (GO:0030194),17,0.35675536257827367,down,0.04081581090838115,0.24140957731765594,False
GO:0032481,positive regulation of type I interferon production (GO:0032481),72,0.4303996322472023,down,0.04098807482008184,0.24140957731765594,False
GO:0032436,positive regulation of proteasomal ubiquitin-dependent protein catabolic process (GO:0032436),78,0.43311792395482074,down,0.04096881030203066,0.24140957731765594,False
GO:0007528,neuromuscular junction development (GO:0007528),24,0.3795731559737833,down,0.04105642411555949,0.2414372351477785,False
GO:0007190,activation of adenylate cyclase activity (GO:0007190),35,0.40040674026728645,down,0.04135235137974859,0.2428010352684,False
GO:1902017,regulation of cilium assembly (GO:1902017),62,0.42525696808146446,down,0.041665348261704864,0.24426068926838726,False
GO:0002052,positive regulation of neuroblast proliferation (GO:0002052),10,0.31419073885905063,down,0.04184102458882632,0.24433952504908066,False
GO:0007159,leukocyte cell-cell adhesion (GO:0007159),26,0.38477401653793647,down,0.04190227137319275,0.24433952504908066,False
GO:0070918,production of small RNA involved in gene silencing by RNA (GO:0070918),20,0.36865543778132714,down,0.04193647002556064,0.24433952504908066,False
GO:0001944,vasculature development (GO:0001944),17,0.35752400733799533,down,0.04190920180143306,0.24433952504908066,False
GO:0051928,positive regulation of calcium ion transport (GO:0051928),36,0.40221405489861867,down,0.042220210680936315,0.24561542808710343,False
GO:0051336,regulation of hydrolase activity (GO:0051336),72,0.4309302158366376,down,0.04255297788261505,0.24717219771632296,False
GO:0032651,regulation of interleukin-1 beta production (GO:0032651),66,0.42790528507618275,down,0.04266797860904954,0.2474612276209861,False
GO:0006977,"DNA damage response, signal transduction by p53 class mediator resulting in cell cycle arrest (GO:0006977)",52,0.4188828568170486,down,0.042894086797248515,0.2475650123443255,False
GO:0031401,positive regulation of protein modification process (GO:0031401),205,0.4590442585009792,down,0.0428412878319227,0.2475650123443255,False
GO:0019432,triglyceride biosynthetic process (GO:0019432),17,0.3582379929148034,down,0.042946949149107884,0.2475650123443255,False
GO:0048806,genitalia development (GO:0048806),13,0.3377562278613321,down,0.04276492452685779,0.2475650123443255,False
GO:1901739,regulation of myoblast fusion (GO:1901739),12,0.3314413185069051,down,0.043144512501405684,0.24832645814541998,False
GO:0002429,immune response-activating cell surface receptor signaling pathway (GO:0002429),18,0.362473502337602,down,0.043316060343359344,0.24866398387455307,False
GO:0051898,negative regulation of protein kinase B signaling (GO:0051898),38,0.4053428308837585,down,0.043365568858640076,0.24866398387455307,False
GO:1902414,protein localization to cell junction (GO:1902414),22,0.3756451923762353,down,0.04339983056286689,0.24866398387455307,False
GO:1902235,regulation of endoplasmic reticulum stress-induced intrinsic apoptotic signaling pathway (GO:1902235),21,0.37277801287210593,down,0.043494407147583784,0.2488299944355736,False
GO:0051452,intracellular pH reduction (GO:0051452),31,0.6046522306267945,up,0.04364202413003024,0.24897630271372959,False
GO:0042744,hydrogen peroxide catabolic process (GO:0042744),11,0.6756104770853348,up,0.043670005637102424,0.24897630271372959,False
GO:0060537,muscle tissue development (GO:0060537),13,0.3384932528710474,down,0.04371690419386868,0.24897630271372959,False
GO:0034470,ncRNA processing (GO:0034470),200,0.5412482849219092,up,0.04392151754993528,0.24976659080495428,False
GO:0070126,mitochondrial translational termination (GO:0070126),88,0.5619721085502213,up,0.04429932580714997,0.25116194736400577,False
GO:0006164,purine nucleotide biosynthetic process (GO:0006164),12,0.6676513853806773,up,0.04428081795025209,0.25116194736400577,False
GO:0032753,positive regulation of interleukin-4 production (GO:0032753),17,0.35933800897093837,down,0.044588244731611694,0.2524227048761241,False
GO:0022617,extracellular matrix disassembly (GO:0022617),61,0.4257893342052607,down,0.04485698189818566,0.2535656219669422,False
GO:1901890,positive regulation of cell junction assembly (GO:1901890),57,0.4233288757098281,down,0.045122010466102896,0.25371583151649013,False
GO:0043280,positive regulation of cysteine-type endopeptidase activity involved in apoptotic process (GO:0043280),108,0.4442659825808281,down,0.045151116866235394,0.25371583151649013,False
GO:0043312,neutrophil degranulation (GO:0043312),425,0.5282325629634751,up,0.04510183036361317,0.25371583151649013,False
GO:0030205,dermatan sulfate metabolic process (GO:0030205),13,0.6604927793883139,up,0.04505579562962743,0.25371583151649013,False
GO:0051931,regulation of sensory perception (GO:0051931),10,0.3173813325591523,down,0.045483825145611806,0.2551178901344717,False
GO:0006302,double-strand break repair (GO:0006302),157,0.5461762083024284,up,0.04553514674954847,0.2551178901344717,False
GO:0000079,regulation of cyclin-dependent protein serine/threonine kinase activity (GO:0000079),78,0.4346574148040245,down,0.04584689406320142,0.2553557550392408,False
GO:0010828,positive regulation of glucose transmembrane transport (GO:0010828),27,0.38896957257013026,down,0.04574636869309122,0.2553557550392408,False
GO:0050670,regulation of lymphocyte proliferation (GO:0050670),17,0.3601510643167773,down,0.04583511642611305,0.2553557550392408,False
GO:0006942,regulation of striated muscle contraction (GO:0006942),29,0.39282959751751384,down,0.0456778291387165,0.2553557550392408,False
GO:0007229,integrin-mediated signaling pathway (GO:0007229),74,0.4330169004407683,down,0.0461660202237549,0.25675617992478345,False
GO:0050732,negative regulation of peptidyl-tyrosine phosphorylation (GO:0050732),30,0.39494553376906316,down,0.046331295109010316,0.2572981000709753,False
GO:0014074,response to purine-containing compound (GO:0014074),17,0.3605370947961042,down,0.04643732601396396,0.25750990872948143,False
GO:1904862,inhibitory synapse assembly (GO:1904862),11,0.6727943117154591,up,0.047156172495532424,0.26073376425007944,False
GO:0038095,Fc-epsilon receptor signaling pathway (GO:0038095),110,0.5547280932781006,up,0.04712662233616672,0.26073376425007944,False
GO:0006654,phosphatidic acid biosynthetic process (GO:0006654),47,0.41644570535303516,down,0.04737694466941732,0.2615731457512371,False
GO:0043269,regulation of ion transport (GO:0043269),77,0.43473287431632884,down,0.04751321952471568,0.2619442465948351,False
GO:0046580,negative regulation of Ras protein signal transduction (GO:0046580),34,0.4019237572138759,down,0.04770036107814543,0.26203243793455466,False
GO:0086002,cardiac muscle cell action potential involved in contraction (GO:0086002),30,0.395677559912854,down,0.047874632082427204,0.26203243793455466,False
GO:0035633,maintenance of blood-brain barrier (GO:0035633),30,0.39565819414185427,down,0.047833253482122244,0.26203243793455466,False
GO:0009156,ribonucleoside monophosphate biosynthetic process (GO:0009156),14,0.6527145802137817,up,0.04782016258525289,0.26203243793455466,False
GO:0048841,regulation of axon extension involved in axon guidance (GO:0048841),24,0.3832616924670597,down,0.047660182942705555,0.26203243793455466,False
GO:0080134,regulation of response to stress (GO:0080134),12,0.33526405946055804,down,0.048104506674507636,0.26291123028300784,False
GO:0032446,protein modification by small protein conjugation (GO:0032446),374,0.5296416746703002,up,0.048275748786747306,0.2634675038102626,False
GO:0071801,regulation of podosome assembly (GO:0071801),10,0.31988387284076064,down,0.048524887030151,0.26444669038126833,False
GO:1900363,regulation of mRNA polyadenylation (GO:1900363),17,0.3621000058075382,down,0.048943975980704525,0.2663479209394724,False
GO:0000338,protein deneddylation (GO:0000338),10,0.6795819422267383,up,0.049195673666650175,0.26733408340630965,False
GO:0051302,regulation of cell division (GO:0051302),74,0.4340891457176615,down,0.049767744131168856,0.2697625939942195,False
GO:0010631,epithelial cell migration (GO:0010631),40,0.41040244079616445,down,0.04978481829579585,0.2697625939942195,False
GO:0006631,fatty acid metabolic process (GO:0006631),113,0.4468128502316367,down,0.050546330614066166,0.27194642839596167,False
GO:0006294,"nucleotide-excision repair, preincision complex assembly (GO:0006294)",29,0.6048856417663474,up,0.0504939992585784,0.27194642839596167,False
GO:0090398,cellular senescence (GO:0090398),27,0.39127873952725817,down,0.05044419753985641,0.27194642839596167,False
GO:0045860,positive regulation of protein kinase activity (GO:0045860),146,0.4531480018222783,down,0.05036067720897341,0.27194642839596167,False
GO:0046415,urate metabolic process (GO:0046415),10,0.6786761503846712,up,0.050350873524443236,0.27194642839596167,False
GO:0032496,response to lipopolysaccharide (GO:0032496),140,0.4522278886784205,down,0.05069419664709702,0.2722247887760873,False
GO:0006996,organelle organization (GO:0006996),387,0.4711861806103555,down,0.0508808639895685,0.2722247887760873,False
GO:0022411,cellular component disassembly (GO:0022411),61,0.4277702363260081,down,0.050885150340692305,0.2722247887760873,False
GO:0032717,negative regulation of interleukin-8 production (GO:0032717),18,0.367113214791584,down,0.05088139352271236,0.2722247887760873,False
GO:1903307,positive regulation of regulated secretory pathway (GO:1903307),17,0.3634459881867841,down,0.051192816295877824,0.27348500311304874,False
GO:0030520,intracellular estrogen receptor signaling pathway (GO:0030520),17,0.3635997171387284,down,0.05145508292719237,0.2735694572044976,False
GO:0050953,sensory perception of light stimulus (GO:0050953),92,0.5587030223357023,up,0.051432121270779445,0.2735694572044976,False
GO:0040019,positive regulation of embryonic development (GO:0040019),19,0.3710376533737643,down,0.051569249117114635,0.2735694572044976,False
GO:0006491,N-glycan processing (GO:0006491),18,0.3673422965608696,down,0.05128194824654287,0.2735694572044976,False
GO:0031581,hemidesmosome assembly (GO:0031581),12,0.33769561304183726,down,0.05150226451246982,0.2735694572044976,False
GO:0043436,oxoacid metabolic process (GO:0043436),29,0.6042651203881589,up,0.05187319927071136,0.27441428847114113,False
GO:0070373,negative regulation of ERK1 and ERK2 cascade (GO:0070373),45,0.41627110981949694,down,0.051849992889861224,0.27441428847114113,False
GO:0050730,regulation of peptidyl-tyrosine phosphorylation (GO:0050730),86,0.43944143823496973,down,0.05202023559105401,0.2745705223558795,False
GO:0043124,negative regulation of I-kappaB kinase/NF-kappaB signaling (GO:0043124),38,0.4089709338867114,down,0.052047510037932336,0.2745705223558795,False
GO:0002286,T cell activation involved in immune response (GO:0002286),16,0.35995619065594237,down,0.05237812945183398,0.2759308958483421,False
GO:0002446,neutrophil mediated immunity (GO:0002446),432,0.5270962875331611,up,0.0525460058361339,0.2760484766432907,False
GO:1902548,negative regulation of cellular response to vascular endothelial growth factor stimulus (GO:1902548),12,0.33840935265027244,down,0.05253694685924507,0.2760484766432907,False
GO:0048096,chromatin-mediated maintenance of transcription (GO:0048096),11,0.3314444526556941,down,0.052842767136303245,0.27722353492115936,False
GO:0042795,snRNA transcription by RNA polymerase II (GO:0042795),69,0.43272497991683506,down,0.053129760009305936,0.2780119914663797,False
GO:0099565,"chemical synaptic transmission, postsynaptic (GO:0099565)",25,0.3883101945977345,down,0.0531396503593792,0.2780119914663797,False
GO:0070125,mitochondrial translational elongation (GO:0070125),88,0.5595100479582686,up,0.05344060695912087,0.2782327874716076,False
GO:0060338,regulation of type I interferon-mediated signaling pathway (GO:0060338),29,0.3964535625639803,down,0.05350982704899734,0.2782327874716076,False
GO:0051496,positive regulation of stress fiber assembly (GO:0051496),44,0.4158851160173412,down,0.05341593998033017,0.2782327874716076,False
GO:0044539,long-chain fatty acid import into cell (GO:0044539),10,0.32379155174916535,down,0.05361389728176678,0.2782327874716076,False
GO:0002690,positive regulation of leukocyte chemotaxis (GO:0002690),50,0.5788181950297921,up,0.05370512376245324,0.2782327874716076,False
GO:0031167,rRNA methylation (GO:0031167),22,0.38125028051842447,down,0.0537556969508858,0.2782327874716076,False
GO:1903818,positive regulation of voltage-gated potassium channel activity (GO:1903818),10,0.32358542604151547,down,0.053334743575920024,0.2782327874716076,False
GO:0019932,second-messenger-mediated signaling (GO:0019932),85,0.43954919646066165,down,0.05382680732155818,0.2782327874716076,False
GO:0090101,negative regulation of transmembrane receptor protein serine/threonine kinase signaling pathway (GO:0090101),106,0.44585434636805227,down,0.05384204218406538,0.2782327874716076,False
GO:0002028,regulation of sodium ion transport (GO:0002028),36,0.4072411555633032,down,0.05399049887095672,0.27830310687155047,False
GO:0048701,embryonic cranial skeleton morphogenesis (GO:0048701),15,0.6436507936507937,up,0.05400239563866627,0.27830310687155047,False
GO:0002283,neutrophil activation involved in immune response (GO:0002283),428,0.527026194701349,up,0.05425954281733729,0.2789994243429145,False
GO:0032511,late endosome to vacuole transport via multivesicular body sorting pathway (GO:0032511),15,0.6434823848238482,up,0.05428462303323779,0.2789994243429145,False
GO:0007589,body fluid secretion (GO:0007589),16,0.3611603124364819,down,0.054438348963385896,0.2794109034074732,False
GO:0042771,intrinsic apoptotic signaling pathway in response to DNA damage by p53 class mediator (GO:0042771),18,0.3692056025011857,down,0.05463904598453397,0.2800620289450505,False
GO:0055003,cardiac myofibril assembly (GO:0055003),15,0.6431010452961673,up,0.05492824029413926,0.2811643933004996,False
GO:1901386,negative regulation of voltage-gated calcium channel activity (GO:1901386),10,0.3248076643925098,down,0.05500789679915715,0.28119265843558366,False
GO:0050918,positive chemotaxis (GO:0050918),17,0.36598764019226365,down,0.05567545940346007,0.28422209625481026,False
GO:0040014,regulation of multicellular organism growth (GO:0040014),17,0.6338347174632674,up,0.05600062564717167,0.28549781327919643,False
GO:0034243,regulation of transcription elongation from RNA polymerase II promoter (GO:0034243),24,0.3874246076694452,down,0.056163540292279004,0.2859440380249856,False
GO:0097306,cellular response to alcohol (GO:0097306),44,0.4168619442514418,down,0.056247666766698116,0.2859884719116434,False
GO:0006352,"DNA-templated transcription, initiation (GO:0006352)",167,0.45728206442923763,down,0.05643747401715475,0.28609615568313457,False
GO:2000232,regulation of rRNA processing (GO:2000232),16,0.3623290455588141,down,0.05650223979123865,0.28609615568313457,False
GO:0070059,intrinsic apoptotic signaling pathway in response to endoplasmic reticulum stress (GO:0070059),29,0.3976845888332195,down,0.056413316495342314,0.28609615568313457,False
GO:0062009,secondary palate development (GO:0062009),14,0.3528684665701593,down,0.056570555434313455,0.28609615568313457,False
GO:0060761,negative regulation of response to cytokine stimulus (GO:0060761),11,0.33414184816460973,down,0.05675170039549073,0.286248935638426,False
GO:0071902,positive regulation of protein serine/threonine kinase activity (GO:0071902),100,0.4449171881822151,down,0.05673834499976743,0.286248935638426,False
GO:0042267,natural killer cell mediated cytotoxicity (GO:0042267),15,0.6419608981804104,up,0.05689061342744369,0.28656852155417517,False
GO:0031396,regulation of protein ubiquitination (GO:0031396),108,0.4471076238261145,down,0.05728803427378969,0.2881876843507749,False
GO:0099623,regulation of cardiac muscle cell membrane repolarization (GO:0099623),21,0.3802872022945206,down,0.05746406939570168,0.2883084857379583,False
GO:1902882,regulation of response to oxidative stress (GO:1902882),12,0.3416441657230787,down,0.05744661023797038,0.2883084857379583,False
GO:1902667,regulation of axon guidance (GO:1902667),10,0.326796341994484,down,0.057823655376771345,0.2895447823513059,False
GO:0022603,regulation of anatomical structure morphogenesis (GO:0022603),122,0.45037799985007015,down,0.058058853732557515,0.2895447823513059,False
GO:0031115,negative regulation of microtubule polymerization (GO:0031115),12,0.6579493656185582,up,0.05808968505694203,0.2895447823513059,False
GO:1904029,regulation of cyclin-dependent protein kinase activity (GO:1904029),50,0.4225792762679843,down,0.05809216434730919,0.2895447823513059,False
GO:2000637,positive regulation of gene silencing by miRNA (GO:2000637),26,0.39265981049070886,down,0.05805887509643451,0.2895447823513059,False
GO:0042269,regulation of natural killer cell mediated cytotoxicity (GO:0042269),23,0.6138248545336997,up,0.058713631627127144,0.2922582739654767,False
GO:0010715,regulation of extracellular matrix disassembly (GO:0010715),15,0.3594057297715834,down,0.05931930798157514,0.29345128058176045,False
GO:0031333,negative regulation of protein-containing complex assembly (GO:0031333),46,0.4196121591039756,down,0.05910777543473548,0.29345128058176045,False
GO:0002762,negative regulation of myeloid leukocyte differentiation (GO:0002762),24,0.38878118555952484,down,0.05919382804127928,0.29345128058176045,False
GO:0050907,detection of chemical stimulus involved in sensory perception (GO:0050907),14,0.645514897111831,up,0.05934013503986561,0.29345128058176045,False
GO:0018108,peptidyl-tyrosine phosphorylation (GO:0018108),68,0.4338990110831898,down,0.05925124415700854,0.29345128058176045,False
GO:0045859,regulation of protein kinase activity (GO:0045859),106,0.4470770893882275,down,0.059488767348966964,0.29380324811801,False
GO:0031348,negative regulation of defense response (GO:0031348),79,0.4387849338514065,down,0.059755523061468356,0.2947369297427171,False
GO:0031573,mitotic intra-S DNA damage checkpoint signaling (GO:0031573),14,0.6450928502988548,up,0.06008141568238971,0.29595949309520025,False
GO:1903131,mononuclear cell differentiation (GO:1903131),23,0.3868254505414579,down,0.06017193834581526,0.2960209625754569,False
GO:1901800,positive regulation of proteasomal protein catabolic process (GO:1901800),85,0.4411169111229013,down,0.0603508770528538,0.29651667961330885,False
GO:0034976,response to endoplasmic reticulum stress (GO:0034976),108,0.4477950524548481,down,0.06060058436736127,0.2965909890392275,False
GO:0007346,regulation of mitotic cell cycle (GO:0007346),173,0.5413003436643979,up,0.06051638882936393,0.2965909890392275,False
GO:0035306,positive regulation of dephosphorylation (GO:0035306),27,0.39570397049774303,down,0.06057895437771711,0.2965909890392275,False
GO:0051645,Golgi localization (GO:0051645),11,0.6627437421479925,up,0.061561250818936916,0.2968284145584193,False
GO:0043409,negative regulation of MAPK cascade (GO:0043409),86,0.44178129696379986,down,0.06177687366931121,0.2968284145584193,False
GO:0032401,establishment of melanosome localization (GO:0032401),19,0.623724559977013,up,0.06181138891611748,0.2968284145584193,False
GO:0030324,lung development (GO:0030324),35,0.4087855897733876,down,0.06171273683932606,0.2968284145584193,False
GO:0032147,activation of protein kinase activity (GO:0032147),108,0.44798025381482454,down,0.061519685279968525,0.2968284145584193,False
GO:0099111,microtubule-based transport (GO:0099111),12,0.6562968769658083,up,0.06076598693633822,0.2968284145584193,False
GO:0070584,mitochondrion morphogenesis (GO:0070584),11,0.6630076751723483,up,0.06114098439449751,0.2968284145584193,False
GO:2000551,regulation of T-helper 2 cell cytokine production (GO:2000551),11,0.33705302942325355,down,0.061237434652038965,0.2968284145584193,False
GO:0003351,epithelial cilium movement involved in extracellular fluid movement (GO:0003351),18,0.627383982989872,up,0.061258269802133634,0.2968284145584193,False
GO:1903557,positive regulation of tumor necrosis factor superfamily cytokine production (GO:1903557),75,0.4376868334302889,down,0.06185599343227668,0.2968284145584193,False
GO:0001912,positive regulation of leukocyte mediated cytotoxicity (GO:0001912),30,0.5988390220285645,up,0.06086349476311607,0.2968284145584193,False
GO:0032768,regulation of monooxygenase activity (GO:0032768),24,0.3898618493024697,down,0.06170380855028054,0.2968284145584193,False
GO:0022407,regulation of cell-cell adhesion (GO:0022407),40,0.41459174778439634,down,0.06147275124511908,0.2968284145584193,False
GO:0043984,histone H4-K16 acetylation (GO:0043984),19,0.3763503310489023,down,0.061969236460608125,0.2968284145584193,False
GO:0035735,intraciliary transport involved in cilium assembly (GO:0035735),35,0.5913140200879887,up,0.061429071528027505,0.2968284145584193,False
GO:0090383,phagosome acidification (GO:0090383),26,0.6056767885749268,up,0.06205772020691445,0.2968284145584193,False
GO:0001738,morphogenesis of a polarized epithelium (GO:0001738),11,0.6624824484538804,up,0.06197966759784461,0.2968284145584193,False
GO:0001570,vasculogenesis (GO:0001570),33,0.4059877139884112,down,0.06149922272633969,0.2968284145584193,False
GO:1901565,organonitrogen compound catabolic process (GO:1901565),58,0.5707374239734219,up,0.062240777129938564,0.29732905246077707,False
GO:0021846,cell proliferation in forebrain (GO:0021846),11,0.3377735665797447,down,0.0623919113095083,0.29767612527920123,False
GO:0006744,ubiquinone biosynthetic process (GO:0006744),15,0.6388811459543167,up,0.06248468622072652,0.2977442397427333,False
GO:0034389,lipid droplet organization (GO:0034389),22,0.3854943592695168,down,0.06290464459132268,0.2993692809722546,False
GO:0032868,response to insulin (GO:0032868),84,0.44143976580478284,down,0.06332113802902903,0.30097378013046,False
GO:0045746,negative regulation of Notch signaling pathway (GO:0045746),29,0.40056432888534527,down,0.06372033934812411,0.30215493444289443,False
GO:0015985,"energy coupled proton transport, down electrochemical gradient (GO:0015985)",11,0.6614056017145089,up,0.06372896059960863,0.30215493444289443,False
GO:0048384,retinoic acid receptor signaling pathway (GO:0048384),10,0.33115401364494124,down,0.06441390483816635,0.304129727869681,False
GO:0007202,activation of phospholipase C activity (GO:0007202),29,0.4008017196305118,down,0.06435607527445636,0.304129727869681,False
GO:0008584,male gonad development (GO:0008584),38,0.586634053244801,up,0.06446620121466479,0.304129727869681,False
GO:0006418,tRNA aminoacylation for protein translation (GO:0006418),43,0.581458198735433,up,0.06443106145842104,0.304129727869681,False
GO:0045599,negative regulation of fat cell differentiation (GO:0045599),34,0.4084775538872474,down,0.06464355049982533,0.30458756154762423,False
GO:1903587,regulation of blood vessel endothelial cell proliferation involved in sprouting angiogenesis (GO:1903587),15,0.3623422377080914,down,0.06482964012157173,0.30483075033915175,False
GO:0010447,response to acidic pH (GO:0010447),13,0.6478494503580154,up,0.06485589652615224,0.30483075033915175,False
GO:0008089,anterograde axonal transport (GO:0008089),36,0.4112691310677888,down,0.06529429123674695,0.30575462550738414,False
GO:0033993,response to lipid (GO:0033993),108,0.44870865858142767,down,0.06524718633720288,0.30575462550738414,False
GO:0010596,negative regulation of endothelial cell migration (GO:0010596),38,0.4135945669444262,down,0.06517400576865237,0.30575462550738414,False
GO:1900024,regulation of substrate adhesion-dependent cell spreading (GO:1900024),49,0.4239732747135941,down,0.06544516234477696,0.30608323153358696,False
GO:0060271,cilium assembly (GO:0060271),297,0.530945124685976,up,0.06585758796983682,0.3066856013686715,False
GO:0033629,negative regulation of cell adhesion mediated by integrin (GO:0033629),10,0.33199303237044564,down,0.06575140831600866,0.3066856013686715,False
GO:0032784,"regulation of DNA-templated transcription, elongation (GO:0032784)",23,0.3892587279780184,down,0.06589738073173405,0.3066856013686715,False
GO:1902018,negative regulation of cilium assembly (GO:1902018),12,0.34657501766203097,down,0.06565994142493695,0.3066856013686715,False
GO:0035970,peptidyl-threonine dephosphorylation (GO:0035970),22,0.38691477256226187,down,0.06624037083620703,0.307151254989894,False
GO:0033523,histone H2B ubiquitination (GO:0033523),10,0.3322368994048483,down,0.06614442987632467,0.307151254989894,False
GO:0033044,regulation of chromosome organization (GO:0033044),22,0.3868844105680861,down,0.066167573250453,0.307151254989894,False
GO:2001242,regulation of intrinsic apoptotic signaling pathway (GO:2001242),49,0.42426095590825996,down,0.06647099400219575,0.307816063151639,False
GO:0043331,response to dsRNA (GO:0043331),14,0.35850025094675364,down,0.06670835853167606,0.307816063151639,False
GO:0051294,establishment of spindle orientation (GO:0051294),28,0.39992074327043975,down,0.06669829652974703,0.307816063151639,False
GO:0043537,negative regulation of blood vessel endothelial cell migration (GO:0043537),34,0.40916113111523916,down,0.06666666407173079,0.307816063151639,False
GO:0022408,negative regulation of cell-cell adhesion (GO:0022408),40,0.41633880575330523,down,0.06697729597881902,0.3086815111150189,False
GO:0048008,platelet-derived growth factor receptor signaling pathway (GO:0048008),16,0.3678641946630274,down,0.06718068319593004,0.3087354879077613,False
GO:0035195,gene silencing by miRNA (GO:0035195),32,0.40656229120065074,down,0.06723319615391796,0.3087354879077613,False
GO:0014065,phosphatidylinositol 3-kinase signaling (GO:0014065),33,0.407969357158829,down,0.06717904129122118,0.3087354879077613,False
GO:0032309,icosanoid secretion (GO:0032309),13,0.6461676932903924,up,0.06796342526009555,0.31171133254116373,False
GO:0006476,protein deacetylation (GO:0006476),42,0.41868659822630705,down,0.0681015372889287,0.31191608545841853,False
GO:1902236,negative regulation of endoplasmic reticulum stress-induced intrinsic apoptotic signaling pathway (GO:1902236),14,0.35925412817779473,down,0.06817253752834931,0.31191608545841853,False
GO:0030318,melanocyte differentiation (GO:0030318),12,0.6516188582101831,up,0.06890094349392493,0.31449010670572475,False
GO:1901796,regulation of signal transduction by p53 class mediator (GO:1901796),145,0.4562865958451844,down,0.06882613098940497,0.31449010670572475,False
GO:0040037,negative regulation of fibroblast growth factor receptor signaling pathway (GO:0040037),13,0.35440852626265784,down,0.06905592125145467,0.31481864099371104,False
GO:0050869,negative regulation of B cell activation (GO:0050869),21,0.38553533744333535,down,0.0692968895332147,0.3151595947236011,False
GO:0050427,3'-phosphoadenosine 5'-phosphosulfate metabolic process (GO:0050427),19,0.6203445292869763,up,0.06927474281049104,0.3151595947236011,False
GO:0042776,mitochondrial ATP synthesis coupled proton transport (GO:0042776),17,0.6270398977873279,up,0.06967669683618666,0.315687307015352,False
GO:0045010,actin nucleation (GO:0045010),21,0.6143291375910299,up,0.06962716089858609,0.315687307015352,False
GO:0051085,chaperone cofactor-dependent protein refolding (GO:0051085),25,0.3952309032820215,down,0.06968398296407172,0.315687307015352,False
GO:0007224,smoothened signaling pathway (GO:0007224),32,0.40740747465357463,down,0.0697458379327353,0.315687307015352,False
GO:0043244,regulation of protein-containing complex disassembly (GO:0043244),17,0.37303013429078,down,0.06983079005484834,0.31569509735165646,False
GO:0033617,mitochondrial cytochrome c oxidase assembly (GO:0033617),19,0.6196514052001882,up,0.07089321788628826,0.31973599933732627,False
GO:0046434,organophosphate catabolic process (GO:0046434),11,0.6572380992599318,up,0.07088731242456504,0.31973599933732627,False
GO:1900087,positive regulation of G1/S transition of mitotic cell cycle (GO:1900087),26,0.39774273476965977,down,0.0709955445783272,0.3198172215980939,False
GO:0060840,artery development (GO:0060840),23,0.39137127242605463,down,0.07122549648036684,0.3201629488482052,False
GO:0051051,negative regulation of transport (GO:0051051),48,0.4247821421997462,down,0.07124110963034146,0.3201629488482052,False
GO:0009100,glycoprotein metabolic process (GO:0009100),54,0.4291633425815572,down,0.07158309041073166,0.32131912654189965,False
GO:0009648,photoperiodism (GO:0009648),27,0.39993394695962375,down,0.0717900076935587,0.3214870120208597,False
GO:0043393,regulation of protein binding (GO:0043393),114,0.45123214693499714,down,0.07174476724367042,0.3214870120208597,False
GO:0006405,RNA export from nucleus (GO:0006405),102,0.4484775425612856,down,0.0718845099005097,0.32153059676018075,False
GO:0030511,positive regulation of transforming growth factor beta receptor signaling pathway (GO:0030511),23,0.39170968361079683,down,0.0721109642911554,0.3217845735957088,False
GO:1903846,positive regulation of cellular response to transforming growth factor beta stimulus (GO:1903846),23,0.39170968361079683,down,0.0721109642911554,0.3217845735957088,False
GO:0036315,cellular response to sterol (GO:0036315),15,0.3661265969802555,down,0.0725469615444602,0.32324808523866744,False
GO:0003177,pulmonary valve development (GO:0003177),18,0.6221876986316397,up,0.07260937743826645,0.32324808523866744,False
GO:0015949,nucleobase-containing small molecule interconversion (GO:0015949),27,0.599560435304597,up,0.0732371360437746,0.32414055660914476,False
GO:1904037,positive regulation of epithelial cell apoptotic process (GO:1904037),19,0.3812946671475995,down,0.07315225154726462,0.32414055660914476,False
GO:0045785,positive regulation of cell adhesion (GO:0045785),75,0.4401925538103549,down,0.07309486192766934,0.32414055660914476,False
GO:0042219,cellular modified amino acid catabolic process (GO:0042219),16,0.6293464531490461,up,0.07316140701202412,0.32414055660914476,False
GO:0050954,sensory perception of mechanical stimulus (GO:0050954),84,0.4434794836732517,down,0.07309281432978763,0.32414055660914476,False
GO:0006672,ceramide metabolic process (GO:0006672),49,0.4262065112041445,down,0.07376128863580585,0.32432898068740795,False
GO:0046463,acylglycerol biosynthetic process (GO:0046463),22,0.3898453650435761,down,0.07358373871970007,0.32432898068740795,False
GO:0051930,regulation of sensory perception of pain (GO:0051930),12,0.3509445557394342,down,0.0737254313448242,0.32432898068740795,False
GO:1901983,regulation of protein acetylation (GO:1901983),12,0.6492187575608009,up,0.07341004059968077,0.32432898068740795,False
GO:0031669,cellular response to nutrient levels (GO:0031669),64,0.43542369369893286,down,0.07379275252655762,0.32432898068740795,False
GO:0048843,negative regulation of axon extension involved in axon guidance (GO:0048843),20,0.3844867140990271,down,0.07362002037545913,0.32432898068740795,False
GO:0000041,transition metal ion transport (GO:0000041),35,0.5872432970864115,up,0.07393539248142063,0.32457979592827363,False
GO:0043434,response to peptide hormone (GO:0043434),50,0.4271536113936928,down,0.07458030287520957,0.326278072440219,False
GO:0032674,regulation of interleukin-5 production (GO:0032674),10,0.33716649731455944,down,0.07451288316908457,0.326278072440219,False
GO:2000463,positive regulation of excitatory postsynaptic potential (GO:2000463),18,0.3786382863393056,down,0.07456316613530342,0.326278072440219,False
GO:0098657,import into cell (GO:0098657),40,0.418637948568938,down,0.0748333139442561,0.3270077877771468,False
GO:0045648,positive regulation of erythrocyte differentiation (GO:0045648),24,0.3950219279137986,down,0.0749319780722564,0.32706213213816865,False
GO:0018196,peptidyl-asparagine modification (GO:0018196),30,0.40613120309852335,down,0.07503917030387489,0.3271535321409166,False
GO:0022613,ribonucleoprotein complex biogenesis (GO:0022613),57,0.568034861267944,up,0.0754304922271125,0.32778433389823136,False
GO:0042558,pteridine-containing compound metabolic process (GO:0042558),13,0.35761346835035934,down,0.07539857591836416,0.32778433389823136,False
GO:0055007,cardiac muscle cell differentiation (GO:0055007),24,0.3952337041232223,down,0.07552089618689618,0.32778433389823136,False
GO:0046218,indolalkylamine catabolic process (GO:0046218),10,0.3377819712585281,down,0.0756159483682975,0.32778433389823136,False
GO:0032270,positive regulation of cellular protein metabolic process (GO:0032270),99,0.5516322851286176,up,0.0755616279727426,0.32778433389823136,False
GO:0001711,endodermal cell fate commitment (GO:0001711),10,0.3381245463782842,down,0.07623566929921376,0.3300934859040157,False
GO:0045954,positive regulation of natural killer cell mediated cytotoxicity (GO:0045954),17,0.6240131455334907,up,0.07659607822270045,0.33085927057644815,False
GO:0035871,protein K11-linked deubiquitination (GO:0035871),10,0.3384134126868921,down,0.07676144426767054,0.33085927057644815,False
GO:0043302,positive regulation of leukocyte degranulation (GO:0043302),12,0.3523744544126044,down,0.07653442739342743,0.33085927057644815,False
GO:0055010,ventricular cardiac muscle tissue morphogenesis (GO:0055010),34,0.5876662160753439,up,0.07675000637672866,0.33085927057644815,False
GO:0032148,activation of protein kinase B activity (GO:0032148),29,0.4051348519663366,down,0.07690944899512904,0.3311209308042275,False
GO:0034260,negative regulation of GTPase activity (GO:0034260),22,0.39116017140005754,down,0.07708814845390648,0.33151399896334155,False
GO:0060997,dendritic spine morphogenesis (GO:0060997),15,0.36831204026325975,down,0.07733608374245617,0.3318277891800184,False
GO:0070106,interleukin-27-mediated signaling pathway (GO:0070106),13,0.3585224658623416,down,0.07728165485856738,0.3318277891800184,False
GO:2001252,positive regulation of chromosome organization (GO:2001252),14,0.6361437987116684,up,0.07769361045819206,0.3327403144530449,False
GO:0060965,negative regulation of gene silencing by miRNA (GO:0060965),12,0.35296722120605056,down,0.0777242073834426,0.3327403144530449,False
GO:0018126,protein hydroxylation (GO:0018126),15,0.36862756484707704,down,0.07804832829778775,0.3333845177727962,False
GO:0010863,positive regulation of phospholipase C activity (GO:0010863),40,0.41952273717855587,down,0.07805047502827393,0.3333845177727962,False
GO:0043648,dicarboxylic acid metabolic process (GO:0043648),53,0.569903241693934,up,0.07815313346548673,0.3334475087003275,False
GO:0043149,stress fiber assembly (GO:0043149),15,0.369390243902439,down,0.07979202184332229,0.33553341336111026,False
GO:0043032,positive regulation of macrophage activation (GO:0043032),17,0.37716031879968437,down,0.07942515162525311,0.33553341336111026,False
GO:0140467,integrated stress response signaling (GO:0140467),14,0.3645613409267194,down,0.07924386760569016,0.33553341336111026,False
GO:0030038,contractile actin filament bundle assembly (GO:0030038),15,0.369390243902439,down,0.07979202184332229,0.33553341336111026,False
GO:1902808,positive regulation of cell cycle G1/S phase transition (GO:1902808),31,0.4088417308254556,down,0.07885449538083227,0.33553341336111026,False
GO:0046686,response to cadmium ion (GO:0046686),18,0.3806548512097776,down,0.07951399138241505,0.33553341336111026,False
GO:0000479,"endonucleolytic cleavage of tricistronic rRNA transcript (SSU-rRNA, 5.8S rRNA, LSU-rRNA) (GO:0000479)",13,0.35956323451242445,down,0.07948458009319702,0.33553341336111026,False
GO:0046475,glycerophospholipid catabolic process (GO:0046475),28,0.5958612218814967,up,0.07901735006315236,0.33553341336111026,False
GO:0042119,neutrophil activation (GO:0042119),13,0.35967937178668263,down,0.07973353538692894,0.33553341336111026,False
GO:0032736,positive regulation of interleukin-13 production (GO:0032736),10,0.33998838728407604,down,0.07968033034409974,0.33553341336111026,False
GO:0007595,lactation (GO:0007595),10,0.3400319349687908,down,0.0797623012542895,0.33553341336111026,False
GO:0043550,regulation of lipid kinase activity (GO:0043550),11,0.34736753201507586,down,0.07955169123839978,0.33553341336111026,False
GO:0060964,regulation of gene silencing by miRNA (GO:0060964),64,0.4365990557122503,down,0.0791987121044956,0.33553341336111026,False
GO:0060079,excitatory postsynaptic potential (GO:0060079),19,0.38408856093072735,down,0.08016923266746677,0.3362949922218526,False
GO:1903078,positive regulation of protein localization to plasma membrane (GO:1903078),51,0.4292244859808823,down,0.08019409626233041,0.3362949922218526,False
GO:0031326,regulation of cellular biosynthetic process (GO:0031326),30,0.40776180101670295,down,0.08023911625646628,0.3362949922218526,False
GO:1902036,regulation of hematopoietic stem cell differentiation (GO:1902036),70,0.5603917821309126,up,0.08037574796432016,0.336495819016188,False
GO:0044804,autophagy of nucleus (GO:0044804),16,0.37419604227765035,down,0.08137758615422458,0.3377375838140357,False
GO:0000717,"nucleotide-excision repair, DNA duplex unwinding (GO:0000717)",22,0.6073322895847799,up,0.08127238865208863,0.3377375838140357,False
GO:0042327,positive regulation of phosphorylation (GO:0042327),245,0.46773738434280465,down,0.08132014909176637,0.3377375838140357,False
GO:0035268,protein mannosylation (GO:0035268),22,0.6074458170412633,up,0.08095100005283618,0.3377375838140357,False
GO:0048878,chemical homeostasis (GO:0048878),63,0.43655916658359084,down,0.08138469591511432,0.3377375838140357,False
GO:1901216,positive regulation of neuron death (GO:1901216),46,0.4257019460277708,down,0.08108747459108111,0.3377375838140357,False
GO:1904018,positive regulation of vasculature development (GO:1904018),98,0.44906334626874006,down,0.08111598673366091,0.3377375838140357,False
GO:0051290,protein heterotetramerization (GO:0051290),13,0.36040746315991656,down,0.08130877092584052,0.3377375838140357,False
GO:0071539,protein localization to centrosome (GO:0071539),17,0.6218523997089398,up,0.0818706537760844,0.3393829396422821,False
GO:0045721,negative regulation of gluconeogenesis (GO:0045721),11,0.34882972097000664,down,0.08247601967116944,0.34151915132395816,False
GO:0000165,MAPK cascade (GO:0000165),297,0.47080333557879084,down,0.08265894763755186,0.34190336792719106,False
GO:0044088,regulation of vacuole organization (GO:0044088),21,0.6092497171953524,up,0.08296760342172595,0.3420609997593549,False
GO:1903428,positive regulation of reactive oxygen species biosynthetic process (GO:1903428),12,0.35548829467042165,down,0.08295375570355494,0.3420609997593549,False
GO:0016079,synaptic vesicle exocytosis (GO:0016079),39,0.41980176185197104,down,0.08292909088251148,0.3420609997593549,False
GO:0045598,regulation of fat cell differentiation (GO:0045598),76,0.4425886901581596,down,0.08330212296557236,0.34306726645864927,False
GO:1903311,regulation of mRNA metabolic process (GO:1903311),11,0.3493179970650648,down,0.08347174805689543,0.34339299390434314,False
GO:0061098,positive regulation of protein tyrosine kinase activity (GO:0061098),41,0.422058096038623,down,0.08402885581733147,0.3453103468203015,False
GO:0034497,protein localization to phagophore assembly site (GO:0034497),11,0.349674306647945,down,0.08420448772865223,0.3456575995181579,False
GO:0050999,regulation of nitric-oxide synthase activity (GO:0050999),37,0.41810146482120447,down,0.08457266430147209,0.34565775908930957,False
GO:0019722,calcium-mediated signaling (GO:0019722),95,0.4488177807732369,down,0.08440201367032135,0.34565775908930957,False
GO:0072678,T cell migration (GO:0072678),14,0.3669401502362218,down,0.08466017880146812,0.34565775908930957,False
GO:0046466,membrane lipid catabolic process (GO:0046466),10,0.6575119756132966,up,0.08449754264584303,0.34565775908930957,False
GO:0047496,vesicle transport along microtubule (GO:0047496),23,0.39616206360109907,down,0.08462227630071917,0.34565775908930957,False
GO:0034638,phosphatidylcholine catabolic process (GO:0034638),10,0.6572332704311221,up,0.0850489551505317,0.3461273464441703,False
GO:0006612,protein targeting to membrane (GO:0006612),83,0.5546518670983246,up,0.08494734769780216,0.3461273464441703,False
GO:0016064,immunoglobulin mediated immune response (GO:0016064),10,0.657241979968065,up,0.08503167956999672,0.3461273464441703,False
GO:0090557,establishment of endothelial intestinal barrier (GO:0090557),11,0.6498611712291888,up,0.08516757127107502,0.34623858288444537,False
GO:0042273,ribosomal large subunit biogenesis (GO:0042273),55,0.5669503171247358,up,0.08569088890365756,0.34779209218149454,False
GO:0032990,cell part morphogenesis (GO:0032990),13,0.6376070361320928,up,0.08573308889789016,0.34779209218149454,False
GO:0060070,canonical Wnt signaling pathway (GO:0060070),68,0.4398609939802832,down,0.08612786544661555,0.3479052115431446,False
GO:0042340,keratan sulfate catabolic process (GO:0042340),12,0.6431205179572047,up,0.08595946179720983,0.3479052115431446,False
GO:0032760,positive regulation of tumor necrosis factor production (GO:0032760),71,0.44111595468576936,down,0.08598534748673517,0.3479052115431446,False
GO:1901889,negative regulation of cell junction assembly (GO:1901889),25,0.40086900958466454,down,0.08609958746109117,0.3479052115431446,False
GO:0010819,regulation of T cell chemotaxis (GO:0010819),11,0.6493570591526694,up,0.08622279335990041,0.34791814384478964,False
GO:0050868,negative regulation of T cell activation (GO:0050868),37,0.4186048155192208,down,0.08650138659515542,0.3486713701970505,False
GO:0042176,regulation of protein catabolic process (GO:0042176),93,0.4486610928676526,down,0.08676561509381513,0.34899467449718,False
GO:0007043,cell-cell junction assembly (GO:0007043),62,0.437149626283668,down,0.0867575349417206,0.34899467449718,False
GO:0035722,interleukin-12-mediated signaling pathway (GO:0035722),46,0.5728550543525645,up,0.08716769630032893,0.3502405424440123,False
GO:0042742,defense response to bacterium (GO:0042742),125,0.45576894844159627,down,0.08728031665228543,0.35032194821388213,False
GO:0030218,erythrocyte differentiation (GO:0030218),45,0.4265316929833059,down,0.0879891123948708,0.35164723686812016,False
GO:0071349,cellular response to interleukin-12 (GO:0071349),48,0.5711695052363376,up,0.0878506593399257,0.35164723686812016,False
GO:0072164,mesonephric tubule development (GO:0072164),17,0.6194730171527348,up,0.08801585664629778,0.35164723686812016,False
GO:0061003,positive regulation of dendritic spine morphogenesis (GO:0061003),10,0.3442908985338946,down,0.08811616636440078,0.35164723686812016,False
GO:0030208,dermatan sulfate biosynthetic process (GO:0030208),12,0.6421237019616952,up,0.08816676041697398,0.35164723686812016,False
GO:0006641,triglyceride metabolic process (GO:0006641),51,0.4309379780280907,down,0.08778422914139573,0.35164723686812016,False
GO:0008637,apoptotic mitochondrial changes (GO:0008637),32,0.5869376942741772,up,0.08860564847211314,0.3526645186520137,False
GO:0050901,leukocyte tethering or rolling (GO:0050901),18,0.3841072102680257,down,0.08860777386643001,0.3526645186520137,False
GO:0060099,"regulation of phagocytosis, engulfment (GO:0060099)",10,0.34474960081289013,down,0.0890565152575047,0.35407899619676664,False
GO:0006695,cholesterol biosynthetic process (GO:0006695),32,0.5866916741713389,up,0.08951143453801236,0.3554210303122367,False
GO:0051131,chaperone-mediated protein complex assembly (GO:0051131),20,0.39056773631479597,down,0.09011534243204113,0.3554210303122367,False
GO:0007063,regulation of sister chromatid cohesion (GO:0007063),12,0.6412478587811747,up,0.09014369395211487,0.3554210303122367,False
GO:0045616,regulation of keratinocyte differentiation (GO:0045616),31,0.41198188810507297,down,0.08972794732813424,0.3554210303122367,False
GO:0032930,positive regulation of superoxide anion generation (GO:0032930),13,0.36428466139284327,down,0.09012743228095722,0.3554210303122367,False
GO:0060760,positive regulation of response to cytokine stimulus (GO:0060760),13,0.6357756406534062,up,0.08998460821237395,0.3554210303122367,False
GO:0016073,snRNA metabolic process (GO:0016073),17,0.3813058762037831,down,0.09010647661491014,0.3554210303122367,False
GO:1904294,positive regulation of ERAD pathway (GO:1904294),13,0.36428689480196363,down,0.09013272556289234,0.3554210303122367,False
GO:2001259,positive regulation of cation channel activity (GO:2001259),40,0.42271320645067556,down,0.0905976826822186,0.3564699278149949,False
GO:0051547,regulation of keratinocyte migration (GO:0051547),11,0.35266730714413913,down,0.09056706075907114,0.3564699278149949,False
GO:0031063,regulation of histone deacetylation (GO:0031063),13,0.36457277116936837,down,0.09081233391305085,0.35694423060331804,False
GO:0061081,positive regulation of myeloid leukocyte cytokine production involved in immune response (GO:0061081),13,0.36471347594395037,down,0.09114833884624629,0.35789404683624454,False
GO:0098856,intestinal lipid absorption (GO:0098856),10,0.6541036434896211,up,0.09144278201962269,0.35830833905002984,False
GO:0090162,establishment of epithelial cell polarity (GO:0090162),19,0.3881571305427001,down,0.09135581210334959,0.35830833905002984,False
GO:0090314,positive regulation of protein targeting to membrane (GO:0090314),24,0.40058256609838033,down,0.09169038442596678,0.3589077689656264,False
GO:0006536,glutamate metabolic process (GO:0006536),21,0.3938770373689349,down,0.09216212687510834,0.36001127418876,False
GO:0010826,negative regulation of centrosome duplication (GO:0010826),10,0.3462186093772681,down,0.09212252514923812,0.36001127418876,False
GO:0050777,negative regulation of immune response (GO:0050777),163,0.4618988563753087,down,0.09274958267905178,0.36058067379637554,False
GO:0009650,UV protection (GO:0009650),10,0.6534968790825955,up,0.09272602698787558,0.36058067379637554,False
GO:0010594,regulation of endothelial cell migration (GO:0010594),86,0.4475913597096356,down,0.09266918945988407,0.36058067379637554,False
GO:1901655,cellular response to ketone (GO:1901655),36,0.41900307000978143,down,0.09245695748855683,0.36058067379637554,False
GO:0002756,MyD88-independent toll-like receptor signaling pathway (GO:0002756),30,0.4113686758654079,down,0.09278321582527355,0.36058067379637554,False
GO:0006869,lipid transport (GO:0006869),99,0.45119256366200133,down,0.0929930349891599,0.3606570365172633,False
GO:0010889,regulation of sequestering of triglyceride (GO:0010889),15,0.37475416182733257,down,0.09296776888978082,0.3606570365172633,False
GO:0006067,ethanol metabolic process (GO:0006067),11,0.6461278385996769,up,0.09323515401281272,0.36120813336627666,False
GO:0030336,negative regulation of cell migration (GO:0030336),138,0.4586791605799804,down,0.0933255920640525,0.36120813336627666,False
GO:0000076,DNA replication checkpoint signaling (GO:0000076),16,0.6209892854031767,up,0.09372825800739489,0.3620456153283222,False
GO:0032787,monocarboxylic acid metabolic process (GO:0032787),119,0.5444299341358165,up,0.09373287483585879,0.3620456153283222,False
GO:0051960,regulation of nervous system development (GO:0051960),41,0.4245202250360389,down,0.09428910359023654,0.36366282808121525,False
GO:0046579,positive regulation of Ras protein signal transduction (GO:0046579),61,0.43812922002217314,down,0.09443920001581782,0.36366282808121525,False
GO:0051216,cartilage development (GO:0051216),52,0.43299332124434586,down,0.09441952403472509,0.36366282808121525,False
GO:0003143,embryonic heart tube morphogenesis (GO:0003143),46,0.428795802918094,down,0.09456943711416703,0.3637950050446608,False
GO:0090287,regulation of cellular response to growth factor stimulus (GO:0090287),17,0.6170133539216256,up,0.09475399925831232,0.364135683066645,False
GO:0009891,positive regulation of biosynthetic process (GO:0009891),42,0.42559497864179235,down,0.09505033372252072,0.3649047730865598,False
GO:0030947,regulation of vascular endothelial growth factor receptor signaling pathway (GO:0030947),24,0.40173341852787703,down,0.0955096283922357,0.3662972906893327,False
GO:0010232,vascular transport (GO:0010232),81,0.4465189380144482,down,0.09583619441527831,0.367178470118334,False
GO:0002920,regulation of humoral immune response (GO:0002920),45,0.5715205528108754,up,0.0967394819984352,0.36989199114925875,False
GO:1903798,regulation of production of miRNAs involved in gene silencing by miRNA (GO:1903798),17,0.3836596372679974,down,0.0966679331741152,0.36989199114925875,False
GO:0042060,wound healing (GO:0042060),62,0.43913404171704107,down,0.09718082856074413,0.3710152220299007,False
GO:0071711,basement membrane organization (GO:0071711),15,0.3763937282229965,down,0.09732669283410261,0.3710152220299007,False
GO:0003341,cilium movement (GO:0003341),49,0.5684313485901249,up,0.09728505281827567,0.3710152220299007,False
GO:0051250,negative regulation of lymphocyte activation (GO:0051250),21,0.3957190705753173,down,0.0979510558251401,0.3730204364907193,False
GO:0055123,digestive system development (GO:0055123),10,0.34925533459137753,down,0.09872923166607292,0.3756067960977077,False
GO:0045862,positive regulation of proteolysis (GO:0045862),55,0.4357666490486258,down,0.09918112670154332,0.3769479093977493,False
GO:0031498,chromatin disassembly (GO:0031498),14,0.3728944323003729,down,0.09953655486492034,0.37754215260264284,False
GO:0006337,nucleosome disassembly (GO:0006337),14,0.3728944323003729,down,0.09953655486492034,0.37754215260264284,False
GO:0036211,protein modification process (GO:0036211),76,0.5544908841229576,up,0.10022924169483043,0.37903241649899483,False
GO:2000648,positive regulation of stem cell proliferation (GO:2000648),17,0.3848672635904934,down,0.10017975327611425,0.37903241649899483,False
GO:0002694,regulation of leukocyte activation (GO:0002694),14,0.626867064586643,up,0.10017333440213087,0.37903241649899483,False
GO:0090330,regulation of platelet aggregation (GO:0090330),18,0.38820003032913564,down,0.10045484677981407,0.3795072050157717,False
GO:0018410,C-terminal protein amino acid modification (GO:0018410),11,0.35705123467868793,down,0.10057854536009152,0.3795964403490817,False
GO:0046474,glycerophospholipid biosynthetic process (GO:0046474),174,0.46400925146364713,down,0.10092224704343264,0.3805149930772763,False
GO:0060285,cilium-dependent cell motility (GO:0060285),20,0.6057528677217947,up,0.10146216916930761,0.38141328806658453,False
GO:0034755,iron ion transmembrane transport (GO:0034755),10,0.350463057047467,down,0.10145967962496351,0.38141328806658453,False
GO:0006474,N-terminal protein amino acid acetylation (GO:0006474),16,0.3817492523011702,down,0.10139795938174075,0.38141328806658453,False
GO:0010959,regulation of metal ion transport (GO:0010959),17,0.614581020281973,up,0.1018176589646119,0.38235264868759017,False
GO:0071356,cellular response to tumor necrosis factor (GO:0071356),174,0.535886471746187,up,0.10191366407148791,0.38235264868759017,False
GO:0034332,adherens junction organization (GO:0034332),48,0.4318616124625803,down,0.10222714366592639,0.3831497588190304,False
GO:0000819,sister chromatid segregation (GO:0000819),31,0.5847364554361923,up,0.10234924921170001,0.38322872878576325,False
GO:0046471,phosphatidylglycerol metabolic process (GO:0046471),24,0.40379551373277955,down,0.10267068098343399,0.3840531488857644,False
GO:0035113,embryonic appendage morphogenesis (GO:0035113),13,0.3695443398712663,down,0.10330331002910143,0.3859012486357332,False
GO:0048679,regulation of axon regeneration (GO:0048679),12,0.6356129450589864,up,0.10372987769891649,0.3859012486357332,False
GO:0006006,glucose metabolic process (GO:0006006),59,0.5612630361039223,up,0.1033813926062501,0.3859012486357332,False
GO:0018394,peptidyl-lysine acetylation (GO:0018394),10,0.35164174771374657,down,0.10418214569021642,0.3859012486357332,False
GO:0150077,regulation of neuroinflammatory response (GO:0150077),19,0.3922272285429569,down,0.10376907451167634,0.3859012486357332,False
GO:0032543,mitochondrial translation (GO:0032543),104,0.5461203122515748,up,0.10377849583400633,0.3859012486357332,False
GO:0035666,TRIF-dependent toll-like receptor signaling pathway (GO:0035666),29,0.41272634756809706,down,0.10366261120420421,0.3859012486357332,False
GO:0033043,regulation of organelle organization (GO:0033043),79,0.4471466698874399,down,0.10406934763867182,0.3859012486357332,False
GO:0007605,sensory perception of sound (GO:0007605),87,0.449638396583831,down,0.10413087555125661,0.3859012486357332,False
GO:0051897,positive regulation of protein kinase B signaling (GO:0051897),151,0.4617172441805871,down,0.10394913150079872,0.3859012486357332,False
GO:0006305,DNA alkylation (GO:0006305),19,0.39247788422153074,down,0.10457535271667029,0.38622620531093516,False
GO:0044728,DNA methylation or demethylation (GO:0044728),19,0.39247788422153074,down,0.10457535271667029,0.38622620531093516,False
GO:0098660,inorganic ion transmembrane transport (GO:0098660),12,0.3646483562213899,down,0.10439737198717178,0.38622620531093516,False
GO:2001212,regulation of vasculogenesis (GO:2001212),14,0.3749331154313588,down,0.1050850059228135,0.38773096056929146,False
GO:0036159,inner dynein arm assembly (GO:0036159),11,0.6408161864845177,up,0.10575786660650772,0.38920068699941873,False
GO:0051492,regulation of stress fiber assembly (GO:0051492),74,0.44566412781415254,down,0.10579117012823641,0.38920068699941873,False
GO:0045921,positive regulation of exocytosis (GO:0045921),35,0.5789831493317839,up,0.10570166405881987,0.38920068699941873,False
GO:0055076,transition metal ion homeostasis (GO:0055076),27,0.5898654841666344,up,0.10589731047371691,0.3892136614600855,False
GO:1901701,cellular response to oxygen-containing compound (GO:1901701),298,0.47285570204541094,down,0.10605995684493329,0.3894340912999341,False
GO:0019724,B cell mediated immunity (GO:0019724),10,0.6474698795180723,up,0.10627215355538451,0.38945920621794533,False
GO:1990138,neuron projection extension (GO:1990138),32,0.5824702960230079,up,0.10624609559668984,0.38945920621794533,False
GO:0001657,ureteric bud development (GO:0001657),19,0.6068756075343429,up,0.10667793279302525,0.3905689180346957,False
GO:0006103,2-oxoglutarate metabolic process (GO:0006103),13,0.6290955139744409,up,0.10694864583083388,0.390805600805735,False
GO:0050685,positive regulation of mRNA processing (GO:0050685),20,0.6041077392188181,up,0.10689068227372486,0.390805600805735,False
GO:0055070,copper ion homeostasis (GO:0055070),16,0.6161419466302738,up,0.10763808079503134,0.3929463334509662,False
GO:0034114,regulation of heterotypic cell-cell adhesion (GO:0034114),24,0.4052876283968904,down,0.10811383814723977,0.3943036423966158,False
GO:0071492,cellular response to UV-A (GO:0071492),10,0.3535230076934243,down,0.10864723617845977,0.395868363904801,False
GO:0034695,response to prostaglandin E (GO:0034695),10,0.6463521556103934,up,0.10894880665223529,0.3962059670488288,False
GO:0043153,entrainment of circadian clock by photoperiod (GO:0043153),26,0.40920556686335535,down,0.10891008534245372,0.3962059670488288,False
GO:0031102,neuron projection regeneration (GO:0031102),10,0.6462621570619829,up,0.10916662833309328,0.39661783646304866,False
GO:0042136,neurotransmitter biosynthetic process (GO:0042136),14,0.6235840173879139,up,0.10927286216129604,0.3966238910792305,False
GO:2000772,regulation of cellular senescence (GO:2000772),28,0.41278855051475377,down,0.1100585386486705,0.39757336866134024,False
GO:0051240,positive regulation of multicellular organismal process (GO:0051240),320,0.4740777427859968,down,0.10985596902945988,0.39757336866134024,False
GO:0051904,pigment granule transport (GO:0051904),18,0.6087799621208455,up,0.10998070016752132,0.39757336866134024,False
GO:1903955,positive regulation of protein targeting to mitochondrion (GO:1903955),31,0.4170271303591643,down,0.10969387201735965,0.39757336866134024,False
GO:0032402,melanosome transport (GO:0032402),18,0.6087799621208455,up,0.10998070016752132,0.39757336866134024,False
GO:0046457,prostanoid biosynthetic process (GO:0046457),15,0.6190534262485482,up,0.11029120258243844,0.3977825148642161,False
GO:0010039,response to iron ion (GO:0010039),12,0.6330870326820157,up,0.11032618129110344,0.3977825148642161,False
GO:2001238,positive regulation of extrinsic apoptotic signaling pathway (GO:2001238),29,0.4144531899506588,down,0.11067847051829037,0.39782653871855195,False
GO:0052548,regulation of endopeptidase activity (GO:0052548),62,0.558552800035266,up,0.11056908156519181,0.39782653871855195,False
GO:1900026,positive regulation of substrate adhesion-dependent cell spreading (GO:1900026),36,0.4232279651742739,down,0.11075436995439403,0.39782653871855195,False
GO:2000048,negative regulation of cell-cell adhesion mediated by cadherin (GO:2000048),10,0.35439105820873856,down,0.11075792905003713,0.39782653871855195,False
GO:0015804,neutral amino acid transport (GO:0015804),27,0.4114039390848964,down,0.11092001847218935,0.39803181652319225,False
GO:1903779,regulation of cardiac conduction (GO:1903779),55,0.43796881606765325,down,0.11131555400739675,0.39869678597738983,False
GO:0010628,positive regulation of gene expression (GO:0010628),453,0.4782556940878559,down,0.11125179141904082,0.39869678597738983,False
GO:0050922,negative regulation of chemotaxis (GO:0050922),32,0.41873438543996744,down,0.11145149001758155,0.39873100298177705,False
GO:2000251,positive regulation of actin cytoskeleton reorganization (GO:2000251),18,0.3917459579973736,down,0.1117102972523079,0.39873100298177705,False
GO:0001959,regulation of cytokine-mediated signaling pathway (GO:0001959),73,0.44617683831058463,down,0.11154143504944843,0.39873100298177705,False
GO:0032465,regulation of cytokinesis (GO:0032465),78,0.44795640794419045,down,0.11174559877923253,0.39873100298177705,False
GO:0003208,cardiac ventricle morphogenesis (GO:0003208),44,0.5692213906229773,up,0.11193851679835913,0.39904397952648135,False
GO:0061158,3'-UTR-mediated mRNA destabilization (GO:0061158),16,0.3853262289845814,down,0.11215932046320842,0.3993859478635767,False
GO:0071900,regulation of protein serine/threonine kinase activity (GO:0071900),104,0.45500103008981935,down,0.11245562676464536,0.3993859478635767,False
GO:0051101,regulation of DNA binding (GO:0051101),43,0.43007915032344046,down,0.11245049685623146,0.3993859478635767,False
GO:0015031,protein transport (GO:0015031),332,0.5252802229637714,up,0.11230243489984611,0.3993859478635767,False
GO:0050862,positive regulation of T cell receptor signaling pathway (GO:0050862),14,0.6222919526975739,up,0.11302847479571089,0.40039994915454274,False
GO:0008535,respiratory chain complex IV assembly (GO:0008535),22,0.5975293257261137,up,0.11316539944543856,0.40039994915454274,False
GO:2000392,regulation of lamellipodium morphogenesis (GO:2000392),11,0.3621081914253439,down,0.11320159399963015,0.40039994915454274,False
GO:0033572,transferrin transport (GO:0033572),34,0.5784652665865742,up,0.11316935324918691,0.40039994915454274,False
GO:0045947,negative regulation of translational initiation (GO:0045947),13,0.3731780965100749,down,0.11326895477005651,0.40039994915454274,False
GO:0009066,aspartate family amino acid metabolic process (GO:0009066),18,0.6076426195338993,up,0.11374798494688003,0.4017189077313929,False
GO:0030007,cellular potassium ion homeostasis (GO:0030007),13,0.6265516609863628,up,0.11403936276186102,0.40237330507510594,False
GO:0001919,regulation of receptor recycling (GO:0001919),16,0.6138879613229188,up,0.11464002726343892,0.4041167503812489,False
GO:0050853,B cell receptor signaling pathway (GO:0050853),32,0.4196367617581268,down,0.11548088041072352,0.4049527738072962,False
GO:0050890,cognition (GO:0050890),44,0.4314159584276698,down,0.11527849886156162,0.4049527738072962,False
GO:0071677,positive regulation of mononuclear cell migration (GO:0071677),29,0.5844379849231836,up,0.11537764175770344,0.4049527738072962,False
GO:0051963,regulation of synapse assembly (GO:0051963),47,0.5663514670017363,up,0.11533611848606437,0.4049527738072962,False
GO:0006325,chromatin organization (GO:0006325),134,0.46065047855909985,down,0.11529971959399604,0.4049527738072962,False
GO:1901663,quinone biosynthetic process (GO:1901663),14,0.6214540808919602,up,0.1155177699075915,0.4049527738072962,False
GO:1901857,positive regulation of cellular respiration (GO:1901857),11,0.6369046990635656,up,0.11580536383173794,0.4055860988123564,False
GO:0038083,peptidyl-tyrosine autophosphorylation (GO:0038083),15,0.38281262098335267,down,0.1159839985624572,0.4058369986599632,False
GO:2001224,positive regulation of neuron migration (GO:2001224),11,0.36321407079739443,down,0.11612179922708708,0.4059446861459367,False
GO:0006417,regulation of translation (GO:0006417),173,0.534535220120908,up,0.11651951451999698,0.4069599618548329,False
GO:0090382,phagosome maturation (GO:0090382),35,0.5765883622478626,up,0.11670250598998862,0.40722410783811114,False
GO:0031579,membrane raft organization (GO:0031579),15,0.38308168795973674,down,0.1168235649972559,0.4072718584876761,False
GO:0070646,protein modification by small protein removal (GO:0070646),252,0.528597057530923,up,0.11716353851225515,0.40808200328464994,False
GO:0031327,negative regulation of cellular biosynthetic process (GO:0031327),47,0.4340461396904233,down,0.11753160002963171,0.40861352787570404,False
GO:0048678,response to axon injury (GO:0048678),18,0.6065310889772951,up,0.11752724270716676,0.40861352787570404,False
GO:0042059,negative regulation of epidermal growth factor receptor signaling pathway (GO:0042059),43,0.43113678570752767,down,0.11799028996676898,0.4098325731171747,False
GO:0050776,regulation of immune response (GO:0050776),135,0.5388716222049555,up,0.11841579279698289,0.41093421965137794,False
GO:2000406,positive regulation of T cell migration (GO:2000406),21,0.5982791095180013,up,0.1188488653169758,0.41168378643588055,False
GO:0008016,regulation of heart contraction (GO:0008016),92,0.4529862756832741,down,0.11876302879621879,0.41168378643588055,False
GO:1902041,regulation of extrinsic apoptotic signaling pathway via death domain receptors (GO:1902041),38,0.4269975211148713,down,0.11922948160772631,0.41262538662235937,False
GO:0002275,myeloid cell activation involved in immune response (GO:0002275),18,0.39401902991936966,down,0.11943378010015825,0.4129556316498635,False
GO:0051926,negative regulation of calcium ion transport (GO:0051926),17,0.39116502632181277,down,0.12017099888567427,0.4151262283910406,False
GO:0030041,actin filament polymerization (GO:0030041),29,0.41686115345859287,down,0.12108138177320467,0.4178905196230804,False
GO:0071396,cellular response to lipid (GO:0071396),198,0.46812064952882887,down,0.12127666940330097,0.4181840064061096,False
GO:0046146,tetrahydrobiopterin metabolic process (GO:0046146),11,0.3652252404429852,down,0.1215839088347289,0.41886263960956105,False
GO:0008015,blood circulation (GO:0008015),48,0.5645072223675415,up,0.12184756376874085,0.4190500023278498,False
GO:1903036,positive regulation of response to wounding (GO:1903036),27,0.5859808338604667,up,0.12185925456567842,0.4190500023278498,False
GO:0002698,negative regulation of immune effector process (GO:0002698),12,0.6286497498282186,up,0.12271159056641023,0.420958282759785,False
GO:0006544,glycine metabolic process (GO:0006544),12,0.37136718636587984,down,0.12276086245355312,0.420958282759785,False
GO:0097352,autophagosome maturation (GO:0097352),31,0.5798861259586335,up,0.12354492397458093,0.420958282759785,False
GO:0006289,nucleotide-excision repair (GO:0006289),101,0.5443316730811464,up,0.12330153619724998,0.420958282759785,False
GO:0050851,antigen receptor-mediated signaling pathway (GO:0050851),163,0.5349295369468563,up,0.12328437567592623,0.420958282759785,False
GO:0052652,cyclic purine nucleotide metabolic process (GO:0052652),21,0.40294891261958693,down,0.12352731923728322,0.420958282759785,False
GO:0016241,regulation of macroautophagy (GO:0016241),106,0.5432381926473925,up,0.12363499261650422,0.420958282759785,False
GO:0010811,positive regulation of cell-substrate adhesion (GO:0010811),69,0.446401762766613,down,0.12338607090677708,0.420958282759785,False
GO:0015669,gas transport (GO:0015669),10,0.35926839889679196,down,0.12322539117219575,0.420958282759785,False
GO:0070302,regulation of stress-activated protein kinase signaling cascade (GO:0070302),10,0.6408012773987516,up,0.12303987398132299,0.420958282759785,False
GO:0032680,regulation of tumor necrosis factor production (GO:0032680),113,0.45807669650877714,down,0.1232634370133675,0.420958282759785,False
GO:0009127,purine nucleoside monophosphate biosynthetic process (GO:0009127),12,0.6282457006261553,up,0.12389129606689434,0.42145263316747106,False
GO:0030149,sphingolipid catabolic process (GO:0030149),15,0.6146689895470383,up,0.12403005891980118,0.42154660706344615,False
GO:0090049,regulation of cell migration involved in sprouting angiogenesis (GO:0090049),32,0.4215422827760509,down,0.1243653548162176,0.4223077804994748,False
GO:1903051,negative regulation of proteolysis involved in cellular protein catabolic process (GO:1903051),25,0.5886424629683416,up,0.12484690968936571,0.4235638000463006,False
GO:0071364,cellular response to epidermal growth factor stimulus (GO:0071364),27,0.4147345614465401,down,0.1249940665693964,0.4236840880229853,False
GO:0048592,eye morphogenesis (GO:0048592),19,0.3984172010931033,down,0.12517485616669943,0.42391806200025983,False
GO:0051962,positive regulation of nervous system development (GO:0051962),43,0.4325735478970289,down,0.12585620829214061,0.4258453149438799,False
GO:1904893,negative regulation of receptor signaling pathway via STAT (GO:1904893),11,0.3669909523759251,down,0.1265432022743221,0.4277882051929623,False
GO:0034135,regulation of toll-like receptor 2 signaling pathway (GO:0034135),11,0.36714667286029495,down,0.12698801848242053,0.4289096652749965,False
GO:1900102,negative regulation of endoplasmic reticulum unfolded protein response (GO:1900102),13,0.377850388389846,down,0.1271782003170938,0.4291698521376661,False
GO:0001895,retina homeostasis (GO:0001895),24,0.5897676996505088,up,0.12779735571468737,0.4293493093231259,False
GO:0050919,negative chemotaxis (GO:0050919),33,0.4234201875826418,down,0.1277190832808398,0.4293493093231259,False
GO:0043271,negative regulation of ion transport (GO:0043271),23,0.408293094391466,down,0.12775656957424886,0.4293493093231259,False
GO:0045621,positive regulation of lymphocyte differentiation (GO:0045621),20,0.40166836067954115,down,0.12779076901511302,0.4293493093231259,False
GO:0035567,non-canonical Wnt signaling pathway (GO:0035567),124,0.5395776975760646,up,0.12752923786627657,0.4293493093231259,False
GO:0044087,regulation of cellular component biogenesis (GO:0044087),38,0.42866897172908736,down,0.12792299064118878,0.4293910650460434,False
GO:0048048,embryonic eye morphogenesis (GO:0048048),11,0.6324468702821971,up,0.12815479793062273,0.4294091418293746,False
GO:1903506,regulation of nucleic acid-templated transcription (GO:1903506),321,0.47536577939938746,down,0.12807255546090238,0.4294091418293746,False
GO:0008053,mitochondrial fusion (GO:0008053),18,0.6033368502224674,up,0.12893756246500876,0.4305989522798293,False
GO:0036314,response to sterol (GO:0036314),11,0.3677721941280181,down,0.1287870939949192,0.4305989522798293,False
GO:0006281,DNA repair (GO:0006281),285,0.5260691383125652,up,0.12896398887157556,0.4305989522798293,False
GO:0019985,translesion synthesis (GO:0019985),42,0.5676917499339259,up,0.12883301886917498,0.4305989522798293,False
GO:0043549,regulation of kinase activity (GO:0043549),88,0.45324035742533136,down,0.12913049688226796,0.43077570331965026,False
GO:0035493,SNARE complex assembly (GO:0035493),10,0.6384003483814777,up,0.12955928082548746,0.4314471924241211,False
GO:0071331,cellular response to hexose stimulus (GO:0071331),24,0.4106304396232078,down,0.1294962591767672,0.4314471924241211,False
GO:0032735,positive regulation of interleukin-12 production (GO:0032735),32,0.42269748787148126,down,0.1300057030352533,0.4325540628181717,False
GO:0018279,protein N-linked glycosylation via asparagine (GO:0018279),29,0.41900067511123307,down,0.13095268485708952,0.43532299181677525,False
GO:0021545,cranial nerve development (GO:0021545),12,0.37429230903231425,down,0.1315050466651188,0.43639426246788765,False
GO:0045190,isotype switching (GO:0045190),10,0.3622906082159965,down,0.13148434596153052,0.43639426246788765,False
GO:0035269,protein O-linked mannosylation (GO:0035269),18,0.6025463567932424,up,0.13189007663460608,0.4372893887019763,False
GO:0036257,multivesicular body organization (GO:0036257),30,0.5794161220043573,up,0.13203432415345584,0.437385320099614,False
GO:0031114,regulation of microtubule depolymerization (GO:0031114),25,0.4130467615451641,down,0.1321965911130237,0.4375407243383062,False
GO:1904377,positive regulation of protein localization to cell periphery (GO:1904377),51,0.4391389738083351,down,0.1324590480474066,0.43802717458048235,False
GO:0090288,negative regulation of cellular response to growth factor stimulus (GO:0090288),79,0.45114379181236247,down,0.13296525888926414,0.4393181419572987,False
GO:0045931,positive regulation of mitotic cell cycle (GO:0045931),27,0.583441987357405,up,0.13326870892023612,0.4399375221361667,False
GO:0051081,nuclear membrane disassembly (GO:0051081),14,0.3842699938196585,down,0.1336940699307795,0.44095791934560585,False
GO:0090308,regulation of DNA methylation-dependent heterochromatin assembly (GO:0090308),12,0.6248028143115679,up,0.13430562171553936,0.44249521818714727,False
GO:0008154,actin polymerization or depolymerization (GO:0008154),50,0.43883970353146345,down,0.13439348572412171,0.44249521818714727,False
GO:0007031,peroxisome organization (GO:0007031),25,0.5864362474586117,up,0.13451172080706902,0.44250039637572663,False
GO:0044273,sulfur compound catabolic process (GO:0044273),39,0.5691389812728724,up,0.13495919545836899,0.44354762154350724,False
GO:0043407,negative regulation of MAP kinase activity (GO:0043407),43,0.4341691243454825,down,0.1350639343218431,0.44354762154350724,False
GO:0061028,establishment of endothelial barrier (GO:0061028),29,0.420140551347518,down,0.136460815140937,0.4477472939702198,False
GO:2000765,regulation of cytoplasmic translation (GO:2000765),14,0.6147946591894212,up,0.13686388881820535,0.44829424031731685,False
GO:0010544,negative regulation of platelet activation (GO:0010544),16,0.3925890705305032,down,0.13676410652215937,0.44829424031731685,False
GO:0032400,melanosome localization (GO:0032400),21,0.5936878555801713,up,0.13707743608169634,0.4485720231927254,False
GO:0031453,positive regulation of heterochromatin assembly (GO:0031453),11,0.62937732920894,up,0.13723720162688777,0.4485720231927254,False
GO:0046173,polyol biosynthetic process (GO:0046173),16,0.39276873602601703,down,0.13742174820720982,0.4485720231927254,False
GO:0032653,regulation of interleukin-10 production (GO:0032653),44,0.4353080806613107,down,0.13740382383671287,0.4485720231927254,False
GO:0023057,negative regulation of signaling (GO:0023057),25,0.41426546616322973,down,0.13770404593391136,0.44910700449469115,False
GO:0018095,protein polyglutamylation (GO:0018095),11,0.6290606095797131,up,0.138201905733523,0.44957103640416185,False
GO:0055008,cardiac muscle tissue morphogenesis (GO:0055008),32,0.5757106440461319,up,0.13810092294632662,0.44957103640416185,False
GO:0048872,homeostasis of number of cells (GO:0048872),12,0.6236293780061745,up,0.13800579559651327,0.44957103640416185,False
GO:0021954,central nervous system neuron development (GO:0021954),15,0.3895257452574526,down,0.13839067547389422,0.4495917733246916,False
GO:0032048,cardiolipin metabolic process (GO:0032048),14,0.6143342444843563,up,0.13844534438261,0.4495917733246916,False
GO:0042754,negative regulation of circadian rhythm (GO:0042754),10,0.3648076643925098,down,0.13868501488182697,0.44960022345877754,False
GO:0046337,phosphatidylethanolamine metabolic process (GO:0046337),28,0.4191643601990132,down,0.13857759991943913,0.44960022345877754,False
GO:0045646,regulation of erythrocyte differentiation (GO:0045646),34,0.42670343172857883,down,0.13893796924002016,0.45003562538633346,False
GO:0006875,cellular metal ion homeostasis (GO:0006875),100,0.5427199825352933,up,0.13949125124719483,0.4514422491302133,False
GO:0015986,ATP synthesis coupled proton transport (GO:0015986),18,0.6005249521670812,up,0.1396783284104096,0.45166231855130745,False
GO:0002718,regulation of cytokine production involved in immune response (GO:0002718),22,0.4092532797554143,down,0.1404931856503801,0.4517675817575256,False
GO:0035725,sodium ion transmembrane transport (GO:0035725),83,0.5467990897606485,up,0.1401728695192243,0.4517675817575256,False
GO:0050727,regulation of inflammatory response (GO:0050727),194,0.469339969674876,down,0.1401772798081538,0.4517675817575256,False
GO:0032103,positive regulation of response to external stimulus (GO:0032103),128,0.46234799228741225,down,0.14078283196345776,0.4517675817575256,False
GO:0006298,mismatch repair (GO:0006298),28,0.5804009726585031,up,0.14071207382975578,0.4517675817575256,False
GO:0043113,receptor clustering (GO:0043113),28,0.41946520380598284,down,0.1400522443261468,0.4517675817575256,False
GO:0051899,membrane depolarization (GO:0051899),32,0.4247632396943904,down,0.1405843427967485,0.4517675817575256,False
GO:0061756,leukocyte adhesion to vascular endothelial cell (GO:0061756),19,0.40235891447750516,down,0.1405061632010849,0.4517675817575256,False
GO:0006919,activation of cysteine-type endopeptidase activity involved in apoptotic process (GO:0006919),73,0.45018060581237557,down,0.14077005717279692,0.4517675817575256,False
GO:0097479,synaptic vesicle localization (GO:0097479),13,0.61790613428149,up,0.14093066160154588,0.45182672800533047,False
GO:1902600,proton transmembrane transport (GO:1902600),35,0.5717962978334855,up,0.14139686953396446,0.45182672800533047,False
GO:0010799,regulation of peptidyl-threonine phosphorylation (GO:0010799),36,0.4291605734558755,down,0.14113679627263603,0.45182672800533047,False
GO:0070911,global genome nucleotide-excision repair (GO:0070911),26,0.5833364985242763,up,0.141174997569539,0.45182672800533047,False
GO:0090075,relaxation of muscle (GO:0090075),14,0.6135129641996457,up,0.14130122600992803,0.45182672800533047,False
GO:0006826,iron ion transport (GO:0006826),48,0.5612163464798829,up,0.1420661477839188,0.45327970342288953,False
GO:0070296,sarcoplasmic reticulum calcium ion transport (GO:0070296),10,0.3659631296269415,down,0.14209057932238747,0.45327970342288953,False
GO:0030100,regulation of endocytosis (GO:0030100),60,0.44530648834617437,down,0.14257339981084932,0.453391850560826,False
GO:0034198,cellular response to amino acid starvation (GO:0034198),72,0.5499459519723895,up,0.1425003101180701,0.453391850560826,False
GO:0034308,primary alcohol metabolic process (GO:0034308),26,0.5830192346791725,up,0.14269523022518432,0.453391850560826,False
GO:0071398,cellular response to fatty acid (GO:0071398),13,0.6173768163199671,up,0.14272340352481577,0.453391850560826,False
GO:0051495,positive regulation of cytoskeleton organization (GO:0051495),79,0.4523383255317958,down,0.14270980602213537,0.453391850560826,False
GO:0070932,histone H3 deacetylation (GO:0070932),15,0.39080720092915217,down,0.14302403748055859,0.45359308402731174,False
GO:0072384,organelle transport along microtubule (GO:0072384),31,0.5759391422338503,up,0.14320160271661,0.45359308402731174,False
GO:1902653,secondary alcohol biosynthetic process (GO:1902653),31,0.5759597580082912,up,0.14309303764517567,0.45359308402731174,False
GO:1902692,regulation of neuroblast proliferation (GO:1902692),16,0.3943367258050466,down,0.14326509745972038,0.45359308402731174,False
GO:0042552,myelination (GO:0042552),46,0.43772925940761204,down,0.14373416043169224,0.45415413335930566,False
GO:0010564,regulation of cell cycle process (GO:0010564),105,0.45875538920080405,down,0.1438015065026433,0.45415413335930566,False
GO:0042310,vasoconstriction (GO:0042310),11,0.6273054549677474,up,0.14364296256931233,0.45415413335930566,False
GO:0051155,positive regulation of striated muscle cell differentiation (GO:0051155),27,0.41878918537452287,down,0.14396300796922243,0.45428593113748805,False
GO:0035751,regulation of lysosomal lumen pH (GO:0035751),11,0.6269966533292511,up,0.1446170304672076,0.4546305106179801,False
GO:0090199,regulation of release of cytochrome c from mitochondria (GO:0090199),40,0.5666795002179282,up,0.1442907739163826,0.4546305106179801,False
GO:0033120,positive regulation of RNA splicing (GO:0033120),28,0.5796187792803821,up,0.14461666567908454,0.4546305106179801,False
GO:0034250,positive regulation of cellular amide metabolic process (GO:0034250),80,0.5471734545454545,up,0.1443198777543304,0.4546305106179801,False
GO:0035418,protein localization to synapse (GO:0035418),12,0.37842474039233903,down,0.1446715070698397,0.4546305106179801,False
GO:0030311,poly-N-acetyllactosamine biosynthetic process (GO:0030311),12,0.6215389677631643,up,0.14479145534420435,0.45463078652364824,False
GO:0016601,Rac protein signal transduction (GO:0016601),19,0.5965666285588521,up,0.1449261455662345,0.45467731193773986,False
GO:0032526,response to retinoic acid (GO:0032526),60,0.44571836991810826,down,0.145604827887946,0.45547957315746884,False
GO:0031532,actin cytoskeleton reorganization (GO:0031532),63,0.4470317940310962,down,0.14566219937780378,0.45547957315746884,False
GO:1904666,regulation of ubiquitin protein ligase activity (GO:1904666),21,0.5916950854222156,up,0.14563084537748866,0.45547957315746884,False
GO:0043122,regulation of I-kappaB kinase/NF-kappaB signaling (GO:0043122),206,0.4706224148844825,down,0.14532823817272608,0.45547957315746884,False
GO:0050995,negative regulation of lipid catabolic process (GO:0050995),17,0.3981494450384835,down,0.14585626420823453,0.4557107167560408,False
GO:0007219,Notch signaling pathway (GO:0007219),58,0.44487791136556615,down,0.14623248466024652,0.45575991316048897,False
GO:0046007,negative regulation of activated T cell proliferation (GO:0046007),10,0.3673043983161562,down,0.14612390645075315,0.45575991316048897,False
GO:0150079,negative regulation of neuroinflammatory response (GO:0150079),14,0.3878350968737427,down,0.1460867682513248,0.45575991316048897,False
GO:0043154,negative regulation of cysteine-type endopeptidase activity involved in apoptotic process (GO:0043154),51,0.5587360452842921,up,0.1465166828737611,0.4562707538096682,False
GO:2000677,regulation of transcription regulatory region DNA binding (GO:2000677),25,0.4163485332558815,down,0.14752498756367588,0.4590338620418561,False
GO:0086005,ventricular cardiac muscle cell action potential (GO:0086005),17,0.3987216583596096,down,0.1481339725971894,0.46055094923044215,False
GO:0010460,positive regulation of heart rate (GO:0010460),17,0.3987831499403873,down,0.14838034930356184,0.4609391194991073,False
GO:0008272,sulfate transport (GO:0008272),14,0.6114742810686599,up,0.14858600762509036,0.46120026753025184,False
GO:0006821,chloride transport (GO:0006821),75,0.5481593949970913,up,0.1489692242942826,0.4620116661882371,False
GO:0043001,Golgi to plasma membrane protein transport (GO:0043001),30,0.42396901476640036,down,0.14932256957138584,0.4627291718825707,False
GO:1900747,negative regulation of vascular endothelial growth factor signaling pathway (GO:1900747),10,0.36856437799390335,down,0.14999205713025004,0.46442438587350077,False
GO:1900016,negative regulation of cytokine production involved in inflammatory response (GO:1900016),17,0.6006190152464959,up,0.15079201628387884,0.46506020780767376,False
GO:0060326,cell chemotaxis (GO:0060326),61,0.4468216435005343,down,0.1505857305580189,0.46506020780767376,False
GO:1901016,regulation of potassium ion transmembrane transporter activity (GO:1901016),26,0.5813681221331749,up,0.15081045494422324,0.46506020780767376,False
GO:2000403,positive regulation of lymphocyte migration (GO:2000403),13,0.615152340836099,up,0.1504492968790424,0.46506020780767376,False
GO:0002281,macrophage activation involved in immune response (GO:0002281),13,0.38487446007334514,down,0.15054428627397543,0.46506020780767376,False
GO:1903580,positive regulation of ATP metabolic process (GO:1903580),32,0.57331762193882,up,0.15099402936423273,0.4651933522582716,False
GO:0036508,"protein alpha-1,2-demannosylation (GO:0036508)",23,0.41362938419266204,down,0.15146205421081677,0.4651933522582716,False
GO:0090050,positive regulation of cell migration involved in sprouting angiogenesis (GO:0090050),18,0.4023530892160564,down,0.15137168556529382,0.4651933522582716,False
GO:0036258,multivesicular body assembly (GO:0036258),29,0.5769696921132184,up,0.15122538375543335,0.4651933522582716,False
GO:0090140,regulation of mitochondrial fission (GO:0090140),25,0.41715480685448736,down,0.1514668573791103,0.4651933522582716,False
GO:0048015,phosphatidylinositol-mediated signaling (GO:0048015),70,0.45063088140592866,down,0.1528972893590406,0.46581479400710113,False
GO:0009060,aerobic respiration (GO:0009060),20,0.5924175983737476,up,0.1523500300162833,0.46581479400710113,False
GO:0050728,negative regulation of inflammatory response (GO:0050728),196,0.47043768031162375,down,0.15283516636041128,0.46581479400710113,False
GO:0098815,modulation of excitatory postsynaptic potential (GO:0098815),26,0.41903739468292606,down,0.15285637497769375,0.46581479400710113,False
GO:0090224,regulation of spindle organization (GO:0090224),18,0.40262411553464783,down,0.15251017404445588,0.46581479400710113,False
GO:0002456,T cell mediated immunity (GO:0002456),12,0.38069419040153296,down,0.15231982867334393,0.46581479400710113,False
GO:0033762,response to glucagon (GO:0033762),20,0.4074894729199942,down,0.1519381447258938,0.46581479400710113,False
GO:0048013,ephrin receptor signaling pathway (GO:0048013),81,0.5459829314002042,up,0.15217427325449734,0.46581479400710113,False
GO:0010165,response to X-ray (GO:0010165),14,0.6103875364494975,up,0.15258467669581302,0.46581479400710113,False
GO:0060998,regulation of dendritic spine development (GO:0060998),19,0.40511001338868136,down,0.15203506648291756,0.46581479400710113,False
GO:0002009,morphogenesis of an epithelium (GO:0002009),28,0.5779714011842865,up,0.1531110470481054,0.4658463487506456,False
GO:0051099,positive regulation of binding (GO:0051099),85,0.45521641650550243,down,0.1531532815428566,0.4658463487506456,False
GO:0040029,"regulation of gene expression, epigenetic (GO:0040029)",76,0.4526700050979714,down,0.15336932466579364,0.4661296862639065,False
GO:0048754,branching morphogenesis of an epithelial tube (GO:0048754),44,0.43792616525899486,down,0.15403900903643591,0.46779020118110604,False
GO:0006820,anion transport (GO:0006820),34,0.5704853569213049,up,0.1547353800286064,0.46952903715880323,False
GO:0032928,regulation of superoxide anion generation (GO:0032928),14,0.3904731486973582,down,0.155809260205587,0.4716097247961938,False
GO:1903579,negative regulation of ATP metabolic process (GO:1903579),17,0.400687680845031,down,0.15616710106617965,0.4716097247961938,False
GO:0014070,response to organic cyclic compound (GO:0014070),56,0.44523304248877665,down,0.15603303779209485,0.4716097247961938,False
GO:0046827,positive regulation of protein export from nucleus (GO:0046827),14,0.39051255355950343,down,0.15595812032959916,0.4716097247961938,False
GO:0031398,positive regulation of protein ubiquitination (GO:0031398),82,0.5452622343260061,up,0.1561603130838035,0.4716097247961938,False
GO:0071415,cellular response to purine-containing compound (GO:0071415),10,0.37039628393090435,down,0.15575469404676595,0.4716097247961938,False
GO:0006929,substrate-dependent cell migration (GO:0006929),13,0.6134504830863927,up,0.15657229497052486,0.4720816493030213,False
GO:0007156,homophilic cell adhesion via plasma membrane adhesion molecules (GO:0007156),59,0.4467103979374819,down,0.15656989707369848,0.4720816493030213,False
GO:0002675,positive regulation of acute inflammatory response (GO:0002675),15,0.3949477351916376,down,0.15881034951061412,0.4727411226183108,False
GO:0030859,polarized epithelial cell differentiation (GO:0030859),13,0.3868152925989289,down,0.15754533450646035,0.4727411226183108,False
GO:0016574,histone ubiquitination (GO:0016574),21,0.4111412585014258,down,0.15850201301549072,0.4727411226183108,False
GO:0010820,positive regulation of T cell chemotaxis (GO:0010820),10,0.628622441573523,up,0.15890981580235863,0.4727411226183108,False
GO:0045087,innate immune response (GO:0045087),233,0.47319659592015073,down,0.1578129535215168,0.4727411226183108,False
GO:0001914,regulation of T cell mediated cytotoxicity (GO:0001914),16,0.6020336682249775,up,0.15752087983364638,0.4727411226183108,False
GO:0006684,sphingomyelin metabolic process (GO:0006684),10,0.37132820438380026,down,0.15874997968969895,0.4727411226183108,False
GO:0043117,positive regulation of vascular permeability (GO:0043117),12,0.38255959120866356,down,0.15883378510443769,0.4727411226183108,False
GO:0090277,positive regulation of peptide hormone secretion (GO:0090277),42,0.43696319082074464,down,0.15727913699562776,0.4727411226183108,False
GO:0034401,chromatin organization involved in regulation of transcription (GO:0034401),13,0.3870944687389725,down,0.1585723619323376,0.4727411226183108,False
GO:0043267,negative regulation of potassium ion transport (GO:0043267),13,0.38718157169466616,down,0.15889382963607745,0.4727411226183108,False
GO:0044782,cilium organization (GO:0044782),212,0.5281038019614531,up,0.15762326764622303,0.4727411226183108,False
GO:0006301,postreplication repair (GO:0006301),45,0.5607136168426491,up,0.15856698498278066,0.4727411226183108,False
GO:0032692,negative regulation of interleukin-1 production (GO:0032692),20,0.408884855524902,down,0.158212637013873,0.4727411226183108,False
GO:0000712,resolution of meiotic recombination intermediates (GO:0000712),16,0.6021570748279567,up,0.15701915438408418,0.4727411226183108,False
GO:1904263,positive regulation of TORC1 signaling (GO:1904263),16,0.6018485583205088,up,0.15827574438621927,0.4727411226183108,False
GO:0040001,establishment of mitotic spindle localization (GO:0040001),28,0.42300997140948343,down,0.15834867210237924,0.4727411226183108,False
GO:0000463,"maturation of LSU-rRNA from tricistronic rRNA transcript (SSU-rRNA, 5.8S rRNA, LSU-rRNA) (GO:0000463)",14,0.6086226134134151,up,0.1592524448087128,0.4733891247331095,False
GO:0043067,regulation of programmed cell death (GO:0043067),161,0.4679222448777777,down,0.1595341333929401,0.47348432547685587,False
GO:0001569,branching involved in blood vessel morphogenesis (GO:0001569),14,0.3914354569097463,down,0.15947551851464847,0.47348432547685587,False
GO:0023056,positive regulation of signaling (GO:0023056),37,0.43324281920365365,down,0.1597606233366784,0.4737858047818774,False
GO:0006825,copper ion transport (GO:0006825),11,0.6223355961191288,up,0.1599412357136335,0.4739508648920405,False
GO:0090263,positive regulation of canonical Wnt signaling pathway (GO:0090263),129,0.5357312715698589,up,0.1605646987927909,0.47513648566290423,False
GO:0034067,protein localization to Golgi apparatus (GO:0034067),27,0.4220186841890107,down,0.16059187308722467,0.47513648566290423,False
GO:0099024,plasma membrane invagination (GO:0099024),27,0.42214347494933063,down,0.16126240094354605,0.4758694209748908,False
GO:0060213,positive regulation of nuclear-transcribed mRNA poly(A) tail shortening (GO:0060213),13,0.6121595726148308,up,0.16134143827411274,0.4758694209748908,False
GO:0016579,protein deubiquitination (GO:0016579),242,0.5260869980068955,up,0.16126571352871077,0.4758694209748908,False
GO:0048011,neurotrophin TRK receptor signaling pathway (GO:0048011),14,0.39189379767469834,down,0.16124450980298655,0.4758694209748908,False
GO:1904948,midbrain dopaminergic neuron differentiation (GO:1904948),11,0.37816323729690354,down,0.16165139260745243,0.47641315630152836,False
GO:0048483,autonomic nervous system development (GO:0048483),20,0.4096747495280964,down,0.16185041094914765,0.47662935460412814,False
GO:0006473,protein acetylation (GO:0006473),30,0.42641394335511984,down,0.1628470280520271,0.47919222451616666,False
GO:0043491,protein kinase B signaling (GO:0043491),24,0.4178429322412942,down,0.16339743935829054,0.48043913758604345,False
GO:0034502,protein localization to chromosome (GO:0034502),34,0.5689874683204679,up,0.16369172017406175,0.480931599241066,False
GO:0043981,histone H4-K5 acetylation (GO:0043981),15,0.396260162601626,down,0.16407993128248244,0.4809545435505842,False
GO:0043982,histone H4-K8 acetylation (GO:0043982),15,0.396260162601626,down,0.16407993128248244,0.4809545435505842,False
GO:0070229,negative regulation of lymphocyte apoptotic process (GO:0070229),10,0.3729075337494557,down,0.16392535681121356,0.4809545435505842,False
GO:1903573,negative regulation of response to endoplasmic reticulum stress (GO:1903573),24,0.4180087227595287,down,0.16424873618853308,0.4810766690965317,False
GO:0045446,endothelial cell differentiation (GO:0045446),13,0.38864668807761543,down,0.16437526051914186,0.4810766690965317,False
GO:0008544,epidermis development (GO:0008544),68,0.5487027843969763,up,0.16458045893912654,0.48109428884376915,False
GO:0032986,protein-DNA complex disassembly (GO:0032986),16,0.3996849502018061,down,0.16463495568658382,0.48109428884376915,False
GO:0006878,cellular copper ion homeostasis (GO:0006878),13,0.6111634721471548,up,0.16509580571482485,0.482069585124196,False
GO:1902165,regulation of intrinsic apoptotic signaling pathway in response to DNA damage by p53 class mediator (GO:1902165),13,0.6111121037373868,up,0.1652911848855918,0.48209578304382356,False
GO:0006814,sodium ion transport (GO:0006814),87,0.542990070956142,up,0.16535898068547705,0.48209578304382356,False
GO:1903902,positive regulation of viral life cycle (GO:1903902),22,0.5852947621599787,up,0.16592937658831897,0.4833871930871689,False
GO:0040036,regulation of fibroblast growth factor receptor signaling pathway (GO:0040036),19,0.4083165720084856,down,0.16636574570672769,0.4835442708548797,False
GO:0001932,regulation of protein phosphorylation (GO:0001932),259,0.47507989373997095,down,0.16635006563094523,0.4835442708548797,False
GO:0048284,organelle fusion (GO:0048284),21,0.5872614829750219,up,0.1661197524434116,0.4835442708548797,False
GO:0035065,regulation of histone acetylation (GO:0035065),32,0.4293668114342155,down,0.1665267858255962,0.48364172943069406,False
GO:0007158,neuron cell-cell adhesion (GO:0007158),14,0.6065963739231066,up,0.16717663616904488,0.4837739325611166,False
GO:0032781,positive regulation of ATPase activity (GO:0032781),41,0.5623087314153202,up,0.16721002520106087,0.4837739325611166,False
GO:0051057,positive regulation of small GTPase mediated signal transduction (GO:0051057),29,0.4258719852877837,down,0.1669014367301379,0.4837739325611166,False
GO:0006487,protein N-linked glycosylation (GO:0006487),65,0.45045451495291566,down,0.1668494923097732,0.4837739325611166,False
GO:0060255,regulation of macromolecule metabolic process (GO:0060255),170,0.469338589161784,down,0.16714989636948074,0.4837739325611166,False
GO:0048705,skeletal system morphogenesis (GO:0048705),42,0.4384631776751034,down,0.1673932664393999,0.48393495396695413,False
GO:0051282,regulation of sequestering of calcium ion (GO:0051282),12,0.3850298560907393,down,0.1677816014551774,0.48468820587927486,False
GO:0019751,polyol metabolic process (GO:0019751),47,0.4419837420293153,down,0.16856092345325246,0.4852035817035725,False
GO:0048812,neuron projection morphogenesis (GO:0048812),136,0.46585881941575835,down,0.16867084106251895,0.4852035817035725,False
GO:0071763,nuclear membrane organization (GO:0071763),19,0.4087903723765215,down,0.16856665756375244,0.4852035817035725,False
GO:0060148,positive regulation of posttranscriptional gene silencing (GO:0060148),11,0.3802219148868783,down,0.1688554515815227,0.4852035817035725,False
GO:0010867,positive regulation of triglyceride biosynthetic process (GO:0010867),11,0.3801427349795716,down,0.16857399037531196,0.4852035817035725,False
GO:0150104,transport across blood-brain barrier (GO:0150104),83,0.4563377447880665,down,0.16873759596891025,0.4852035817035725,False
GO:0007020,microtubule nucleation (GO:0007020),19,0.40873076523344604,down,0.16828857307617673,0.4852035817035725,False
GO:0051271,negative regulation of cellular component movement (GO:0051271),15,0.6025435540069687,up,0.16899697669226077,0.4852426439013967,False
GO:0031281,positive regulation of cyclase activity (GO:0031281),14,0.3940050687096359,down,0.16958485241535592,0.4854606378954302,False
GO:1901380,negative regulation of potassium ion transmembrane transport (GO:1901380),11,0.3803565207292997,down,0.16933474462195997,0.4854606378954302,False
GO:0016233,telomere capping (GO:0016233),15,0.6024893534649632,up,0.16922234514702283,0.4854606378954302,False
GO:0030501,positive regulation of bone mineralization (GO:0030501),35,0.5670739603220719,up,0.1694787811997872,0.4854606378954302,False
GO:0007088,regulation of mitotic nuclear division (GO:0007088),56,0.4470063498523628,down,0.16987390055628548,0.48592134601055115,False
GO:0051639,actin filament network formation (GO:0051639),11,0.3805544704975665,down,0.170041439848852,0.4860340477367714,False
GO:0006743,ubiquinone metabolic process (GO:0006743),15,0.6021254355400697,up,0.1707413746921811,0.48630914530672537,False
GO:0015791,polyol transport (GO:0015791),11,0.380760338256564,down,0.17077874546495075,0.48630914530672537,False
GO:0001516,prostaglandin biosynthetic process (GO:0001516),18,0.5933153294421698,up,0.1703563198765048,0.48630914530672537,False
GO:0005977,glycogen metabolic process (GO:0005977),27,0.576147106790769,up,0.17066150001497216,0.48630914530672537,False
GO:0030195,negative regulation of blood coagulation (GO:0030195),40,0.4374022955106785,down,0.17049250917303793,0.48630914530672537,False
GO:0042276,error-prone translesion synthesis (GO:0042276),21,0.58619111232807,up,0.1713766282093453,0.48764557449215806,False
GO:0043523,regulation of neuron apoptotic process (GO:0043523),96,0.4596669843903102,down,0.17162070092813742,0.4879740019643367,False
GO:0009893,positive regulation of metabolic process (GO:0009893),107,0.4618035413236048,down,0.17176947001550125,0.48803116087550275,False
GO:1990440,positive regulation of transcription from RNA polymerase II promoter in response to endoplasmic reticulum stress (GO:1990440),10,0.3753142691246915,down,0.1720551350358296,0.48847689160995633,False
GO:0006282,regulation of DNA repair (GO:0006282),45,0.5587548839161742,up,0.17243507350236265,0.4891894044835165,False
GO:0034644,cellular response to UV (GO:0034644),73,0.45390189036474166,down,0.17291156432149812,0.4898084865358046,False
GO:0045766,positive regulation of angiogenesis (GO:0045766),112,0.46275675849934067,down,0.1728464362909169,0.4898084865358046,False
GO:0030207,chondroitin sulfate catabolic process (GO:0030207),13,0.6090640675740263,up,0.17322338207118282,0.49032558820596744,False
GO:0051154,negative regulation of striated muscle cell differentiation (GO:0051154),19,0.4098067505853727,down,0.1733615713110499,0.490350812813432,False
GO:0099643,signal release from synapse (GO:0099643),43,0.4400959373285144,down,0.17386723606446164,0.4914146247336088,False
GO:1902259,regulation of delayed rectifier potassium channel activity (GO:1902259),17,0.40479224386194457,down,0.17399723424551417,0.49141586708357055,False
GO:0032984,protein-containing complex disassembly (GO:0032984),53,0.5539317042778338,up,0.1741361719236053,0.49144233638856766,False
GO:0010649,regulation of cell communication by electrical coupling (GO:0010649),13,0.39127987743050746,down,0.17458295572727967,0.4923369152963359,False
GO:0070193,synaptonemal complex organization (GO:0070193),14,0.6045016944090722,up,0.17567620641982262,0.49253054076941516,False
GO:0007130,synaptonemal complex assembly (GO:0007130),14,0.6045016944090722,up,0.17567620641982262,0.49253054076941516,False
GO:0050962,detection of light stimulus involved in sensory perception (GO:0050962),10,0.623669618231964,up,0.17557666191593335,0.49253054076941516,False
GO:0002830,positive regulation of type 2 immune response (GO:0002830),14,0.39545682678866967,down,0.1755048273034212,0.49253054076941516,False
GO:1900103,positive regulation of endoplasmic reticulum unfolded protein response (GO:1900103),12,0.3872001083916422,down,0.17595055799496662,0.49253054076941516,False
GO:0031325,positive regulation of cellular metabolic process (GO:0031325),97,0.4602799630092603,down,0.1759877001951171,0.49253054076941516,False
GO:0050908,detection of light stimulus involved in visual perception (GO:0050908),10,0.623669618231964,up,0.17557666191593335,0.49253054076941516,False
GO:0051058,negative regulation of small GTPase mediated signal transduction (GO:0051058),20,0.41256715551038187,down,0.17571089129767226,0.49253054076941516,False
GO:0007193,adenylate cyclase-inhibiting G protein-coupled receptor signaling pathway (GO:0007193),58,0.4486733506229994,down,0.17607999295632137,0.49253054076941516,False
GO:0097193,intrinsic apoptotic signaling pathway (GO:0097193),93,0.4593781077246496,down,0.1753597877812404,0.49253054076941516,False
GO:2000678,negative regulation of transcription regulatory region DNA binding (GO:2000678),14,0.39553563651296003,down,0.1758305543192702,0.49253054076941516,False
GO:0008625,extrinsic apoptotic signaling pathway via death domain receptors (GO:0008625),27,0.4248609013335399,down,0.17639303725512756,0.49304258681554813,False
GO:0000380,"alternative mRNA splicing, via spliceosome (GO:0000380)",16,0.4024597839658527,down,0.17662784830474576,0.493335367172239,False
GO:0048593,camera-type eye morphogenesis (GO:0048593),10,0.3767223109304689,down,0.17694923917847294,0.49386936291681227,False
GO:2000050,regulation of non-canonical Wnt signaling pathway (GO:2000050),15,0.39942895857530003,down,0.17734468415744353,0.49446030039053224,False
GO:0035967,cellular response to topologically incorrect protein (GO:0035967),31,0.430349606051292,down,0.17935769224585663,0.49446030039053224,False
GO:0009792,embryo development ending in birth or egg hatching (GO:0009792),16,0.5969449606550713,up,0.17928332514831657,0.49446030039053224,False
GO:0048538,thymus development (GO:0048538),14,0.3961806318880736,down,0.1785133339945798,0.49446030039053224,False
GO:0010528,regulation of transposition (GO:0010528),13,0.3921911083516101,down,0.17822343499992255,0.49446030039053224,False
GO:0097202,activation of cysteine-type endopeptidase activity (GO:0097202),13,0.6075230152809852,up,0.17937710871009027,0.49446030039053224,False
GO:1900121,negative regulation of receptor binding (GO:1900121),10,0.3772332704311221,down,0.17875065760906816,0.49446030039053224,False
GO:0030948,negative regulation of vascular endothelial growth factor receptor signaling pathway (GO:0030948),13,0.3922648108525816,down,0.17852033684547874,0.49446030039053224,False
GO:0030518,intracellular steroid hormone receptor signaling pathway (GO:0030518),40,0.43845815778003777,down,0.1778179719386892,0.49446030039053224,False
GO:1904892,regulation of receptor signaling pathway via STAT (GO:1904892),13,0.3923541472173956,down,0.17888071105243097,0.49446030039053224,False
GO:0051127,positive regulation of actin nucleation (GO:0051127),11,0.6172891966934471,up,0.17788343866040646,0.49446030039053224,False
GO:0042063,gliogenesis (GO:0042063),16,0.5972262551177444,up,0.1780247741834018,0.49446030039053224,False
GO:0010765,positive regulation of sodium ion transport (GO:0010765),13,0.3921241060779996,down,0.17795384326422714,0.49446030039053224,False
GO:0045662,negative regulation of myoblast differentiation (GO:0045662),13,0.6075967177819568,up,0.17907914736543362,0.49446030039053224,False
GO:0048663,neuron fate commitment (GO:0048663),14,0.396259441612364,down,0.17884321024726912,0.49446030039053224,False
GO:0045822,negative regulation of heart contraction (GO:0045822),12,0.3877565833405917,down,0.17809216744097744,0.49446030039053224,False
GO:0045471,response to ethanol (GO:0045471),14,0.6037903329503457,up,0.17863481464111763,0.49446030039053224,False
GO:2000146,negative regulation of cell motility (GO:2000146),109,0.46285373295075427,down,0.1798258086878547,0.49506130390237535,False
GO:1902224,ketone body metabolic process (GO:1902224),10,0.6224183480911598,up,0.1799866960404365,0.49506130390237535,False
GO:0031998,regulation of fatty acid beta-oxidation (GO:0031998),14,0.3965249059468159,down,0.17995770834754454,0.49506130390237535,False
GO:0002763,positive regulation of myeloid leukocyte differentiation (GO:0002763),35,0.43462812318419525,down,0.18056533344975356,0.49537233549416254,False
GO:1903427,negative regulation of reactive oxygen species biosynthetic process (GO:1903427),11,0.6165528235554946,up,0.1806221829655752,0.49537233549416254,False
GO:0015740,C4-dicarboxylate transport (GO:0015740),14,0.6033361400656194,up,0.18054313224249363,0.49537233549416254,False
GO:0051764,actin crosslink formation (GO:0051764),12,0.3884049976289328,down,0.18061201237861813,0.49537233549416254,False
GO:0051784,negative regulation of nuclear division (GO:0051784),11,0.6165132336018412,up,0.1807703094746601,0.4954203640443539,False
GO:0097345,mitochondrial outer membrane permeabilization (GO:0097345),13,0.6069490291370554,up,0.18171021868301562,0.4976367216351468,False
GO:0006937,regulation of muscle contraction (GO:0006937),26,0.42439513201080487,down,0.18190410611376573,0.4977248429893344,False
GO:0002029,desensitization of G protein-coupled receptor signaling pathway (GO:0002029),11,0.3838773872742053,down,0.18223666301238828,0.4977248429893344,False
GO:0001764,neuron migration (GO:0001764),48,0.5556154997529572,up,0.1822643423515703,0.4977248429893344,False
GO:0032411,positive regulation of transporter activity (GO:0032411),13,0.3931872088192859,down,0.18226728365731226,0.4977248429893344,False
GO:0002902,regulation of B cell apoptotic process (GO:0002902),12,0.3890219589853768,down,0.18303411873540887,0.49847448176184883,False
GO:0009395,phospholipid catabolic process (GO:0009395),24,0.5784987850096328,up,0.18296698269970701,0.49847448176184883,False
GO:0042149,cellular response to glucose starvation (GO:0042149),40,0.43921327909341856,down,0.18319889996731276,0.49847448176184883,False
GO:0016126,sterol biosynthetic process (GO:0016126),35,0.5650269776707894,up,0.1828760391273455,0.49847448176184883,False
GO:0033539,fatty acid beta-oxidation using acyl-CoA dehydrogenase (GO:0033539),10,0.6215241689650167,up,0.18318824801567335,0.49847448176184883,False
GO:0061951,establishment of protein localization to plasma membrane (GO:0061951),35,0.4350693118618743,down,0.18352504285678095,0.4990039337317349,False
GO:0008209,androgen metabolic process (GO:0008209),18,0.5904663265931669,up,0.18378209180480654,0.4993448955699364,False
GO:0038127,ERBB signaling pathway (GO:0038127),63,0.45165034688761135,down,0.18412714515887862,0.49965817847397104,False
GO:0001890,placenta development (GO:0001890),14,0.3975152123507282,down,0.18416085776604574,0.49965817847397104,False
GO:0031644,regulation of nervous system process (GO:0031644),19,0.41210544656448883,down,0.1845807939954469,0.49992888049838274,False
GO:0042255,ribosome assembly (GO:0042255),48,0.5553127512812316,up,0.18465604048991147,0.49992888049838274,False
GO:0045088,regulation of innate immune response (GO:0045088),60,0.4505061297669235,down,0.1845492216239295,0.49992888049838274,False
GO:0048666,neuron development (GO:0048666),142,0.5321485348426642,up,0.18539818460083746,0.5015801099792985,False
GO:0090169,regulation of spindle assembly (GO:0090169),25,0.4236305547487656,down,0.1860854051603028,0.5030805001946034,False
GO:0019217,regulation of fatty acid metabolic process (GO:0019217),17,0.40743040348725584,down,0.18623447130443926,0.503124892918617,False
GO:0006098,pentose-phosphate shunt (GO:0006098),11,0.6149586680883858,up,0.18665828489320502,0.5039109427757484,False
GO:0009746,response to hexose (GO:0009746),25,0.5762184141736857,up,0.1869573845333372,0.5040009662650662,False
GO:1990868,response to chemokine (GO:1990868),13,0.3943173138341828,down,0.18693708767322326,0.5040009662650662,False
GO:0060828,regulation of canonical Wnt signaling pathway (GO:0060828),248,0.4757412649929226,down,0.1873073388805958,0.504585750265696,False
GO:0070534,protein K63-linked ubiquitination (GO:0070534),42,0.5587284982281059,up,0.1876305653414101,0.5050977532576072,False
GO:0044003,modulation by symbiont of host process (GO:0044003),10,0.6202351574974597,up,0.18787745748533846,0.5054036852779353,False
GO:0006974,cellular response to DNA damage stimulus (GO:0006974),336,0.47918271693331044,down,0.18838432529940763,0.5056924304103195,False
GO:1904705,regulation of vascular associated smooth muscle cell proliferation (GO:1904705),37,0.4375695935344956,down,0.18859172378073408,0.5056924304103195,False
GO:0048854,brain morphogenesis (GO:0048854),12,0.6096013703800482,up,0.1885253786229375,0.5056924304103195,False
GO:0030072,peptide hormone secretion (GO:0030072),26,0.5744531108613713,up,0.1886514076010024,0.5056924304103195,False
GO:2000773,negative regulation of cellular senescence (GO:2000773),13,0.3946389247475131,down,0.18828205896629902,0.5056924304103195,False
GO:0048864,stem cell development (GO:0048864),16,0.405272728592584,down,0.18943804993397306,0.5074424600279377,False
GO:0032273,positive regulation of protein polymerization (GO:0032273),67,0.45371563145074906,down,0.18982847303000605,0.5081294271014911,False
GO:0070199,establishment of protein localization to chromosome (GO:0070199),11,0.3860469167344095,down,0.19054171964676847,0.5096789440198821,False
GO:0032780,negative regulation of ATPase activity (GO:0032780),16,0.5944078660820581,up,0.1909348437371826,0.5103705865363873,False
GO:0032958,inositol phosphate biosynthetic process (GO:0032958),11,0.38632140707973944,down,0.19161202830340118,0.5111001570708865,False
GO:0042531,positive regulation of tyrosine phosphorylation of STAT protein (GO:0042531),52,0.44767954046941344,down,0.1915687896201722,0.5111001570708865,False
GO:0051054,positive regulation of DNA metabolic process (GO:0051054),61,0.5483195219905874,up,0.19150979554739855,0.5111001570708865,False
GO:0035627,ceramide transport (GO:0035627),13,0.3954831533950052,down,0.19184655109644788,0.511365494409324,False
GO:0050770,regulation of axonogenesis (GO:0050770),51,0.4472188596401239,down,0.1919811400049769,0.511365494409324,False
GO:0048385,regulation of retinoic acid receptor signaling pathway (GO:0048385),12,0.39137367050876326,down,0.1924874906770936,0.5116363364668648,False
GO:0043489,RNA stabilization (GO:0043489),33,0.5655614890406594,up,0.19223197829604322,0.5116363364668648,False
GO:0006085,acetyl-CoA biosynthetic process (GO:0006085),10,0.6189984032515604,up,0.19245927206997748,0.5116363364668648,False
GO:0031341,regulation of cell killing (GO:0031341),16,0.5939922761984959,up,0.19289538400412165,0.5116886420510096,False
GO:0006370,7-methylguanosine mRNA capping (GO:0006370),31,0.5675325916652298,up,0.1929479740741622,0.5116886420510096,False
GO:0009452,7-methylguanosine RNA capping (GO:0009452),31,0.5675325916652298,up,0.1929479740741622,0.5116886420510096,False
GO:0032102,negative regulation of response to external stimulus (GO:0032102),105,0.4632855063422749,down,0.1931816861104787,0.5116886420510096,False
GO:1903358,regulation of Golgi organization (GO:1903358),16,0.5939323876999912,up,0.19317912227506018,0.5116886420510096,False
GO:2000001,regulation of DNA damage checkpoint (GO:2000001),10,0.38127449557265203,down,0.1934812525200258,0.5121244876541925,False
GO:0046825,regulation of protein export from nucleus (GO:0046825),22,0.42000802612715604,down,0.19385083840993855,0.5123876167866878,False
GO:0038179,neurotrophin signaling pathway (GO:0038179),20,0.41609844634819226,down,0.19381010989966763,0.5123876167866878,False
GO:0006490,oligosaccharide-lipid intermediate biosynthetic process (GO:0006490),13,0.6039618444385879,up,0.19421676073341176,0.5129973352798265,False
GO:0032757,positive regulation of interleukin-8 production (GO:0032757),54,0.4490158016508995,down,0.19469902493787672,0.5135683724076727,False
GO:0050982,detection of mechanical stimulus (GO:0050982),19,0.4140923513336716,down,0.19470374888537656,0.5135683724076727,False
GO:0034329,cell junction assembly (GO:0034329),99,0.46242139640672647,down,0.1958900234592309,0.5148746147888426,False
GO:0006414,translational elongation (GO:0006414),102,0.5370661465762331,up,0.1953750951141342,0.5148746147888426,False
GO:0035510,DNA dealkylation (GO:0035510),10,0.38185803454782985,down,0.19567991286735353,0.5148746147888426,False
GO:0060045,positive regulation of cardiac muscle cell proliferation (GO:0060045),14,0.5997793327719869,up,0.19601343099264135,0.5148746147888426,False
GO:0006307,DNA dealkylation involved in DNA repair (GO:0006307),10,0.38185803454782985,down,0.19567991286735353,0.5148746147888426,False
GO:0002719,negative regulation of cytokine production involved in immune response (GO:0002719),14,0.40019992782688407,down,0.19592049425903457,0.5148746147888426,False
GO:0035590,purinergic nucleotide receptor signaling pathway (GO:0035590),20,0.4166168142877886,down,0.1965781949164389,0.5149906048205516,False
GO:1901264,carbohydrate derivative transport (GO:1901264),18,0.4121342354637938,down,0.19670716553990608,0.5149906048205516,False
GO:0045820,negative regulation of glycolytic process (GO:0045820),10,0.38213673973000434,down,0.196736458313994,0.5149906048205516,False
GO:0060260,regulation of transcription initiation from RNA polymerase II promoter (GO:0060260),60,0.45182826961283135,down,0.19655387244267442,0.5149906048205516,False
GO:1900543,negative regulation of purine nucleotide metabolic process (GO:1900543),10,0.38213673973000434,down,0.196736458313994,0.5149906048205516,False
GO:0006767,water-soluble vitamin metabolic process (GO:0006767),70,0.5445426784935291,up,0.19717816848682213,0.5157908917727699,False
GO:0043247,telomere maintenance in response to DNA damage (GO:0043247),10,0.6175555232980113,up,0.19790790690955062,0.5168912916179783,False
GO:0032693,negative regulation of interleukin-10 production (GO:0032693),15,0.4040708478513357,down,0.19819435920106976,0.5168912916179783,False
GO:0072112,glomerular visceral epithelial cell differentiation (GO:0072112),11,0.3880660043707309,down,0.1985181999885487,0.5168912916179783,False
GO:0030502,negative regulation of bone mineralization (GO:0030502),13,0.3970912079616568,down,0.1987729053829389,0.5168912916179783,False
GO:0061001,regulation of dendritic spine morphogenesis (GO:0061001),32,0.4342781352584028,down,0.19800554330460296,0.5168912916179783,False
GO:2000052,positive regulation of non-canonical Wnt signaling pathway (GO:2000052),11,0.38814254494779404,down,0.19882530832339318,0.5168912916179783,False
GO:0009225,nucleotide-sugar metabolic process (GO:0009225),12,0.607169816798769,up,0.1985195689549083,0.5168912916179783,False
GO:0015718,monocarboxylic acid transport (GO:0015718),49,0.44688100200842995,down,0.198050618329919,0.5168912916179783,False
GO:0043392,negative regulation of DNA binding (GO:0043392),28,0.42985260738041986,down,0.19869712101986614,0.5168912916179783,False
GO:0010821,regulation of mitochondrion organization (GO:0010821),48,0.44645408879975973,down,0.1990787500301976,0.5171956841537941,False
GO:0030216,keratinocyte differentiation (GO:0030216),33,0.435468067462141,down,0.19930754241253923,0.5174079543301651,False
GO:0045923,positive regulation of fatty acid metabolic process (GO:0045923),18,0.4126666085895984,down,0.19943327952299006,0.5174079543301651,False
GO:2001020,regulation of response to DNA damage stimulus (GO:2001020),40,0.44142089205288393,down,0.19962091133791715,0.5175407496272862,False
GO:1990928,response to amino acid starvation (GO:1990928),73,0.5432983808826377,up,0.20049856308511815,0.5190163943115846,False
GO:0006569,tryptophan catabolic process (GO:0006569),11,0.3885833130984681,down,0.20060058899572453,0.5190163943115846,False
GO:0006661,phosphatidylinositol biosynthetic process (GO:0006661),120,0.466202126110383,down,0.20044641500909965,0.5190163943115846,False
GO:1901991,negative regulation of mitotic cell cycle phase transition (GO:1901991),88,0.5393949534040319,up,0.20106444125728018,0.5195200252623673,False
GO:0048732,gland development (GO:0048732),66,0.4545256279095588,down,0.2010691793000673,0.5195200252623673,False
GO:0043162,ubiquitin-dependent protein catabolic process via the multivesicular body sorting pathway (GO:0043162),22,0.5785808011870219,up,0.20183178240789146,0.521135432725073,False
GO:0006260,DNA replication (GO:0006260),105,0.5359947320995356,up,0.2020564125970743,0.5213605258372128,False
GO:0070169,positive regulation of biomineral tissue development (GO:0070169),39,0.5589372563744949,up,0.20257142814773987,0.5223340767942741,False
GO:0030309,poly-N-acetyllactosamine metabolic process (GO:0030309),13,0.6018836572521028,up,0.20328284141506736,0.5238123760104283,False
GO:1905508,protein localization to microtubule organizing center (GO:1905508),15,0.5948161053039102,up,0.20345011666402268,0.5238875033989396,False
GO:0051900,regulation of mitochondrial depolarization (GO:0051900),10,0.38411670779503554,down,0.20436279991278405,0.524110120982228,False
GO:0002526,acute inflammatory response (GO:0002526),22,0.4218416265580323,down,0.20426679480914978,0.524110120982228,False
GO:0090257,regulation of muscle system process (GO:0090257),10,0.3841283205109595,down,0.2044081547744332,0.524110120982228,False
GO:0050855,regulation of B cell receptor signaling pathway (GO:0050855),22,0.42188254924583446,down,0.2045038173091741,0.524110120982228,False
GO:0032715,negative regulation of interleukin-6 production (GO:0032715),28,0.4306856329542012,down,0.20408135776423164,0.524110120982228,False
GO:0071456,cellular response to hypoxia (GO:0071456),128,0.5324606678052262,up,0.2041540471907627,0.524110120982228,False
GO:0070979,protein K11-linked ubiquitination (GO:0070979),27,0.570569174960949,up,0.20418460088222046,0.524110120982228,False
GO:0045723,positive regulation of fatty acid biosynthetic process (GO:0045723),13,0.3984602877524311,down,0.20481254673248483,0.5245469208347839,False
GO:0045070,positive regulation of viral genome replication (GO:0045070),29,0.5678767250894973,up,0.20563363715859884,0.526294457316171,False
GO:0017156,calcium-ion regulated exocytosis (GO:0017156),26,0.4283408218027289,down,0.2057825428578588,0.526320421483384,False
GO:0051591,response to cAMP (GO:0051591),38,0.44082177871094913,down,0.20659722654986779,0.5280480325496283,False
GO:0051043,regulation of membrane protein ectodomain proteolysis (GO:0051043),22,0.4223987031468227,down,0.20751054872039076,0.5296761229825337,False
GO:0033209,tumor necrosis factor-mediated signaling pathway (GO:0033209),113,0.5342855287495948,up,0.20751350349381625,0.5296761229825337,False
GO:0006525,arginine metabolic process (GO:0006525),10,0.38520539991290464,down,0.20864670914808603,0.5307826745799399,False
GO:0009303,rRNA transcription (GO:0009303),18,0.414352456821313,down,0.20824790393350134,0.5307826745799399,False
GO:0000077,DNA damage checkpoint signaling (GO:0000077),29,0.43253395088315366,down,0.20838972447146342,0.5307826745799399,False
GO:1904063,negative regulation of cation transmembrane transport (GO:1904063),18,0.414326644790971,down,0.20811084765643661,0.5307826745799399,False
GO:0046519,sphingoid metabolic process (GO:0046519),12,0.6047987496249843,up,0.2086329454525504,0.5307826745799399,False
GO:0043933,protein-containing complex subunit organization (GO:0043933),109,0.46525455737270527,down,0.2096235071857644,0.5329101627048286,False
GO:0043967,histone H4 acetylation (GO:0043967),48,0.4477444027862547,down,0.21012014153803216,0.5334667778172909,False
GO:0048643,positive regulation of skeletal muscle tissue development (GO:0048643),10,0.6144229931775294,up,0.2101237453358905,0.5334667778172909,False
GO:0034453,microtubule anchoring (GO:0034453),12,0.6043777642288225,up,0.21046694428159307,0.5336237430882904,False
GO:0051248,negative regulation of protein metabolic process (GO:0051248),47,0.44722652327266793,down,0.21041680267231921,0.5336237430882904,False
GO:0010862,positive regulation of pathway-restricted SMAD protein phosphorylation (GO:0010862),47,0.5526739204638209,up,0.21127855046919608,0.5348503305054376,False
GO:0071218,cellular response to misfolded protein (GO:0071218),20,0.5807201974735008,up,0.2112558273106232,0.5348503305054376,False
GO:0090399,replicative senescence (GO:0090399),11,0.3911988893698335,down,0.2113737530787374,0.5348503305054376,False
GO:0050863,regulation of T cell activation (GO:0050863),42,0.44444236881687843,down,0.2125883754230008,0.5375651386529613,False
GO:0051205,protein insertion into membrane (GO:0051205),32,0.5635893879092467,up,0.21295285596702074,0.5381280364309857,False
GO:0045638,negative regulation of myeloid cell differentiation (GO:0045638),20,0.4197299259474372,down,0.21381310361654038,0.5381506980872844,False
GO:1901605,alpha-amino acid metabolic process (GO:1901605),45,0.4464199683554522,down,0.21340805440118282,0.5381506980872844,False
GO:0055117,regulation of cardiac muscle contraction (GO:0055117),36,0.4401501431702774,down,0.21376481915929535,0.5381506980872844,False
GO:0006402,mRNA catabolic process (GO:0006402),44,0.5541786320970303,up,0.21345925191130244,0.5381506980872844,False
GO:1905515,non-motile cilium assembly (GO:1905515),30,0.43442749939481967,down,0.21365348755997182,0.5381506980872844,False
GO:0051965,positive regulation of synapse assembly (GO:0051965),28,0.4321130839996846,down,0.21355308568377318,0.5381506980872844,False
GO:0000725,recombinational repair (GO:0000725),76,0.5411932927230668,up,0.2140102038556433,0.5382895909976492,False
GO:0007399,nervous system development (GO:0007399),434,0.48268831517318456,down,0.21445443735803593,0.5384666196591185,False
GO:0070544,histone H3-K36 demethylation (GO:0070544),10,0.386601829002758,down,0.214236314685343,0.5384666196591185,False
GO:0051917,regulation of fibrinolysis (GO:0051917),13,0.4005976602806055,down,0.21450647569336356,0.5384666196591185,False
GO:1990266,neutrophil migration (GO:1990266),60,0.45377138149924895,down,0.21521992876390494,0.5399002578052192,False
GO:2000352,negative regulation of endothelial cell apoptotic process (GO:2000352),27,0.4311897292901127,down,0.2156893711103175,0.5407202806486677,False
GO:0018193,peptidyl-amino acid modification (GO:0018193),10,0.3870779503556394,down,0.2161665950363869,0.5415587153058227,False
GO:0071276,cellular response to cadmium ion (GO:0071276),16,0.4107697668341125,down,0.21642403133385102,0.5418457761381498,False
GO:0009952,anterior/posterior pattern specification (GO:0009952),59,0.45352805115297207,down,0.2166613489154917,0.5420821216599341,False
GO:0140052,cellular response to oxidised low-density lipoprotein particle stimulus (GO:0140052),10,0.3872666569894034,down,0.21693509971750424,0.5424092506450189,False
GO:2001222,regulation of neuron migration (GO:2001222),26,0.430132692251836,down,0.2173484991014546,0.5430848860947413,False
GO:0043517,"positive regulation of DNA damage response, signal transduction by p53 class mediator (GO:0043517)",13,0.40125204915286794,down,0.21753953179630958,0.5432043739982898,False
GO:0045606,positive regulation of epidermal cell differentiation (GO:0045606),18,0.41624802779955666,down,0.2184925428630422,0.5448666765808804,False
GO:0030866,cortical actin cytoskeleton organization (GO:0030866),20,0.4205401481051256,down,0.21847233650786724,0.5448666765808804,False
GO:1900117,regulation of execution phase of apoptosis (GO:1900117),11,0.3932496489690776,down,0.2201085402728028,0.547098095186593,False
GO:0032691,negative regulation of interleukin-1 beta production (GO:0032691),16,0.4113904294549784,down,0.21963664737450794,0.547098095186593,False
GO:0050672,negative regulation of lymphocyte proliferation (GO:0050672),31,0.43638253131723553,down,0.22003671174798445,0.547098095186593,False
GO:0031529,ruffle organization (GO:0031529),16,0.5885714596823369,up,0.21983502277888534,0.547098095186593,False
GO:0010762,regulation of fibroblast migration (GO:0010762),21,0.42268715582881816,down,0.21985993449383734,0.547098095186593,False
GO:0050927,positive regulation of positive chemotaxis (GO:0050927),15,0.5913279132791328,up,0.22057703824534458,0.5479035403173491,False
GO:0008045,motor neuron axon guidance (GO:0008045),15,0.591184668989547,up,0.22130182415438016,0.5493441223936937,False
GO:0031122,cytoplasmic microtubule organization (GO:0031122),54,0.45195391606833135,down,0.22168100945070834,0.5499254864921758,False
GO:0031399,regulation of protein modification process (GO:0031399),50,0.4501415491934312,down,0.22232597151511935,0.550575629392445,False
GO:0010866,regulation of triglyceride biosynthetic process (GO:0010866),15,0.40899148277197056,down,0.22219545292726417,0.550575629392445,False
GO:0005978,glycogen biosynthetic process (GO:0005978),12,0.6015784532899767,up,0.22295917921086095,0.550575629392445,False
GO:0009250,glucan biosynthetic process (GO:0009250),12,0.6015784532899767,up,0.22295917921086095,0.550575629392445,False
GO:1904356,regulation of telomere maintenance via telomere lengthening (GO:1904356),16,0.41201290687882924,down,0.22289289221483943,0.550575629392445,False
GO:0072503,cellular divalent inorganic cation homeostasis (GO:0072503),97,0.535815425570539,up,0.2223940437743671,0.550575629392445,False
GO:0003184,pulmonary valve morphogenesis (GO:0003184),17,0.5853503141194918,up,0.22295207548795493,0.550575629392445,False
GO:0030865,cortical cytoskeleton organization (GO:0030865),41,0.44510954843958855,down,0.22368826427281396,0.5516577284699501,False
GO:0030261,chromosome condensation (GO:0030261),35,0.44058769818212,down,0.22362504195288913,0.5516577284699501,False
GO:0071300,cellular response to retinoic acid (GO:0071300),42,0.44582266114826485,down,0.22417108509422012,0.5524892305148649,False
GO:0043552,positive regulation of phosphatidylinositol 3-kinase activity (GO:0043552),27,0.43255489717671664,down,0.2249352965422624,0.5540127141459749,False
GO:0051084,'de novo' posttranslational protein folding (GO:0051084),30,0.43624304042604695,down,0.22660525783552854,0.5543390683083346,False
GO:0032200,telomere organization (GO:0032200),42,0.5539324147989478,up,0.22627261977251867,0.5543390683083346,False
GO:0060966,regulation of gene silencing by RNA (GO:0060966),52,0.4514582806955565,down,0.2256532859820254,0.5543390683083346,False
GO:0060147,regulation of posttranscriptional gene silencing (GO:0060147),52,0.4514582806955565,down,0.2256532859820254,0.5543390683083346,False
GO:0006997,nucleus organization (GO:0006997),46,0.4484086569868601,down,0.2257851036665215,0.5543390683083346,False
GO:0051252,regulation of RNA metabolic process (GO:0051252),58,0.45412139992160505,down,0.2265409193183313,0.5543390683083346,False
GO:1900025,negative regulation of substrate adhesion-dependent cell spreading (GO:1900025),12,0.39913044740585896,down,0.22620526735052038,0.5543390683083346,False
GO:2000319,regulation of T-helper 17 cell differentiation (GO:2000319),10,0.38945855712004646,down,0.22600588844148606,0.5543390683083346,False
GO:0010771,negative regulation of cell morphogenesis involved in differentiation (GO:0010771),12,0.39913044740585896,down,0.22620526735052038,0.5543390683083346,False
GO:0062197,cellular response to chemical stress (GO:0062197),96,0.5357381496357092,up,0.22578833150071664,0.5543390683083346,False
GO:0031331,positive regulation of cellular catabolic process (GO:0031331),135,0.4699054649054649,down,0.2267071777820413,0.5543390683083346,False
GO:0032703,negative regulation of interleukin-2 production (GO:0032703),19,0.580064620256647,up,0.22682157501042322,0.5543390683083346,False
GO:1902903,regulation of supramolecular fiber organization (GO:1902903),22,0.4256170745294551,down,0.22698362180549303,0.5543778992326047,False
GO:0060391,positive regulation of SMAD protein signal transduction (GO:0060391),13,0.40335145372599646,down,0.22747801821284508,0.5551177250678621,False
GO:0048562,embryonic organ morphogenesis (GO:0048562),44,0.4474540382171663,down,0.2275792413605393,0.5551177250678621,False
GO:0090407,organophosphate biosynthetic process (GO:0090407),37,0.44278213945248635,down,0.2282102532385546,0.5562991584407696,False
GO:0010829,negative regulation of glucose transmembrane transport (GO:0010829),10,0.6098737117143271,up,0.22882222074014746,0.5572757623592118,False
GO:0000377,"RNA splicing, via transesterification reactions with bulged adenosine as nucleophile (GO:0000377)",243,0.47763942476324095,down,0.22890472917364935,0.5572757623592118,False
GO:1904816,"positive regulation of protein localization to chromosome, telomeric region (GO:1904816)",12,0.6002283966746993,up,0.2291700694745532,0.557563870119936,False
GO:2000142,"regulation of DNA-templated transcription, initiation (GO:2000142)",58,0.45441914040218023,down,0.22956924016257085,0.5581770050875842,False
GO:0010669,epithelial structure maintenance (GO:0010669),10,0.6096617796487154,up,0.22972130173563332,0.558188915748403,False
GO:1905521,regulation of macrophage migration (GO:1905521),10,0.6095775874582668,up,0.230079167430012,0.5586299141255907,False
GO:0051146,striated muscle cell differentiation (GO:0051146),18,0.41833718900536565,down,0.23019735190569424,0.5586299141255907,False
GO:0009435,NAD biosynthetic process (GO:0009435),21,0.5755759119585571,up,0.2303971256061026,0.558757223416846,False
GO:0071320,cellular response to cAMP (GO:0071320),31,0.4378181388828499,down,0.23062347074366307,0.5589487696681879,False
GO:1900015,regulation of cytokine production involved in inflammatory response (GO:1900015),40,0.445354859799506,down,0.2315035586043498,0.560723497947828,False
GO:0050680,negative regulation of epithelial cell proliferation (GO:0050680),70,0.5411944577161969,up,0.23298994081314406,0.5612055276276591,False
GO:2000105,positive regulation of DNA-dependent DNA replication (GO:2000105),10,0.3911830454347511,down,0.23333027719186916,0.5612055276276591,False
GO:0051491,positive regulation of filopodium assembly (GO:0051491),24,0.5702564549388632,up,0.2333205236845649,0.5612055276276591,False
GO:0001701,in utero embryonic development (GO:0001701),24,0.42977016835603576,down,0.2334976972731505,0.5612055276276591,False
GO:0010518,positive regulation of phospholipase activity (GO:0010518),23,0.5718757576369807,up,0.23260962950585773,0.5612055276276591,False
GO:0010935,regulation of macrophage cytokine production (GO:0010935),12,0.4006958356318168,down,0.23349236372739524,0.5612055276276591,False
GO:0010884,positive regulation of lipid storage (GO:0010884),21,0.4247739637180306,down,0.2325624036792826,0.5612055276276591,False
GO:1902305,regulation of sodium ion transmembrane transport (GO:1902305),28,0.43499392088435573,down,0.23362602903350216,0.5612055276276591,False
GO:0051241,negative regulation of multicellular organismal process (GO:0051241),202,0.4756905010560613,down,0.2327429600942471,0.5612055276276591,False
GO:0006367,transcription initiation from RNA polymerase II promoter (GO:0006367),139,0.4707158856199805,down,0.23264985005090677,0.5612055276276591,False
GO:0097061,dendritic spine organization (GO:0097061),26,0.4323792330705108,down,0.23250022839057816,0.5612055276276591,False
GO:1901985,positive regulation of protein acetylation (GO:1901985),12,0.5993791675134764,up,0.23313946157872034,0.5612055276276591,False
GO:0006829,zinc ion transport (GO:0006829),21,0.4247463055617786,down,0.23239071165923353,0.5612055276276591,False
GO:0001953,negative regulation of cell-matrix adhesion (GO:0001953),32,0.43930202916654565,down,0.23449713030695707,0.5629415286419546,False
GO:2000378,negative regulation of reactive oxygen species metabolic process (GO:2000378),21,0.42513351974930647,down,0.2348025937460102,0.5633183036550391,False
GO:0007169,transmembrane receptor protein tyrosine kinase signaling pathway (GO:0007169),388,0.48251353684779447,down,0.23545256124488878,0.5641639701843735,False
GO:1904659,glucose transmembrane transport (GO:1904659),18,0.4192430299451817,down,0.23540863180943705,0.5641639701843735,False
GO:1903214,regulation of protein targeting to mitochondrion (GO:1903214),39,0.44514551967480837,down,0.23562746320491657,0.564226621171874,False
GO:1902166,negative regulation of intrinsic apoptotic signaling pathway in response to DNA damage by p53 class mediator (GO:1902166),12,0.5987380115940346,up,0.23616842751255918,0.5645246635397326,False
GO:0071243,cellular response to arsenic-containing substance (GO:0071243),15,0.5883120402632598,up,0.2361984289579635,0.5645246635397326,False
GO:0090312,positive regulation of protein deacetylation (GO:0090312),14,0.40853509314065045,down,0.2359188878240751,0.5645246635397326,False
GO:0032873,negative regulation of stress-activated MAPK cascade (GO:0032873),36,0.44308134073234745,down,0.23705157835280022,0.5654947400579693,False
GO:0051865,protein autoubiquitination (GO:0051865),64,0.5427214787299003,up,0.23688487320510054,0.5654947400579693,False
GO:0071359,cellular response to dsRNA (GO:0071359),17,0.5828137864124103,up,0.23700879033354516,0.5654947400579693,False
GO:0098656,anion transmembrane transport (GO:0098656),65,0.5423481781376518,up,0.23737205018282204,0.565546415244642,False
GO:1900027,regulation of ruffle assembly (GO:1900027),23,0.4288743029739777,down,0.2375205482427405,0.565546415244642,False
GO:0016125,sterol metabolic process (GO:0016125),62,0.45663080352997565,down,0.23725897347233849,0.565546415244642,False
GO:1902042,negative regulation of extrinsic apoptotic signaling pathway via death domain receptors (GO:1902042),31,0.4388526759275224,down,0.2384737596089349,0.5667487281934148,False
GO:1903432,regulation of TORC1 signaling (GO:1903432),33,0.4407285333727725,down,0.23843935332998334,0.5667487281934148,False
GO:1904355,positive regulation of telomere capping (GO:1904355),17,0.5825780686860957,up,0.23834618998488644,0.5667487281934148,False
GO:1904357,negative regulation of telomere maintenance via telomere lengthening (GO:1904357),24,0.43062332394257113,down,0.23922587899943148,0.5681801872541288,False
GO:0009312,oligosaccharide biosynthetic process (GO:0009312),20,0.575810948163206,up,0.24035933908316276,0.5701447931480284,False
GO:2000010,positive regulation of protein localization to cell surface (GO:2000010),12,0.40223219038217733,down,0.24080462921780688,0.5701447931480284,False
GO:0035249,"synaptic transmission, glutamatergic (GO:0035249)",18,0.5798559688706915,up,0.24067435393649705,0.5701447931480284,False
GO:0015918,sterol transport (GO:0015918),19,0.42226005832329694,down,0.2405972600107087,0.5701447931480284,False
GO:0031175,neuron projection development (GO:0031175),167,0.47370477197727734,down,0.2402922105738694,0.5701447931480284,False
GO:0072523,purine-containing compound catabolic process (GO:0072523),13,0.593762981690512,up,0.24166007361648079,0.571759048367539,False
GO:0000086,G2/M transition of mitotic cell cycle (GO:0000086),127,0.5300399848061407,up,0.24178790234155878,0.571759048367539,False
GO:0051338,regulation of transferase activity (GO:0051338),17,0.41812737639338216,down,0.24238049635058956,0.5724465894506764,False
GO:0007205,protein kinase C-activating G protein-coupled receptor signaling pathway (GO:0007205),10,0.6067673102046741,up,0.2422526515271647,0.5724465894506764,False
GO:0007417,central nervous system development (GO:0007417),258,0.47892364645976243,down,0.2426835702532616,0.5728057137340518,False
GO:0002573,myeloid leukocyte differentiation (GO:0002573),67,0.4587787912826238,down,0.24294270240297366,0.5728862906146769,False
GO:0001836,release of cytochrome c from mitochondria (GO:0001836),17,0.5817615971413247,up,0.24301978423385584,0.5728862906146769,False
GO:0042110,T cell activation (GO:0042110),72,0.46026601485876417,down,0.24333469373958938,0.57327235612066,False
GO:0051168,nuclear export (GO:0051168),81,0.4625686080564768,down,0.2437760493509573,0.5739556518858977,False
GO:0031667,response to nutrient levels (GO:0031667),18,0.42085224871181837,down,0.24487123257254495,0.5761765416548777,False
GO:1901699,cellular response to nitrogen compound (GO:1901699),20,0.42506461449107014,down,0.24583346360732228,0.5770088660040678,False
GO:0003007,heart morphogenesis (GO:0003007),52,0.453492986971172,down,0.24570529026453503,0.5770088660040678,False
GO:0010675,regulation of cellular carbohydrate metabolic process (GO:0010675),16,0.5838348238915183,up,0.24549944781549082,0.5770088660040678,False
GO:0060333,interferon-gamma-mediated signaling pathway (GO:0060333),44,0.4494519458629772,down,0.24574777573272455,0.5770088660040678,False
GO:0006968,cellular defense response (GO:0006968),39,0.44635694191133524,down,0.2461322526490538,0.5773528969065314,False
GO:0045741,positive regulation of epidermal growth factor-activated receptor activity (GO:0045741),11,0.3990667328258781,down,0.2462858511010495,0.5773561392004207,False
GO:0045830,positive regulation of isotype switching (GO:0045830),14,0.41070443449874944,down,0.24721616624454756,0.5791790726161636,False
GO:0007029,endoplasmic reticulum organization (GO:0007029),71,0.5396622405442426,up,0.24748216107188648,0.5794443437936206,False
GO:0055074,calcium ion homeostasis (GO:0055074),93,0.5346243944141847,up,0.24804993982438606,0.5800575966423529,False
GO:0086012,membrane depolarization during cardiac muscle cell action potential (GO:0086012),17,0.41909757689009747,down,0.24800697610333877,0.5800575966423529,False
GO:0032799,low-density lipoprotein receptor particle metabolic process (GO:0032799),10,0.6052808825664102,up,0.24887163366634768,0.5812623808475719,False
GO:0032802,low-density lipoprotein particle receptor catabolic process (GO:0032802),10,0.6052808825664102,up,0.24887163366634768,0.5812623808475719,False
GO:0030858,positive regulation of epithelial cell differentiation (GO:0030858),20,0.574393785392769,up,0.24926305652396585,0.5818183220894785,False
GO:0002689,negative regulation of leukocyte chemotaxis (GO:0002689),11,0.6002391233200663,up,0.24954951302182915,0.5821287225656814,False
GO:0050778,positive regulation of immune response (GO:0050778),65,0.4587708859910081,down,0.24999684343903572,0.5824056467204212,False
GO:0010467,gene expression (GO:0010467),349,0.517856053695398,up,0.25028241607020474,0.5824056467204212,False
GO:0001818,negative regulation of cytokine production (GO:0001818),166,0.4741720534914601,down,0.2501654005274919,0.5824056467204212,False
GO:0031053,primary miRNA processing (GO:0031053),10,0.3949542749310495,down,0.24993025354404363,0.5824056467204212,False
GO:0018149,peptide cross-linking (GO:0018149),26,0.43490952394783466,down,0.25044600146053453,0.5824289905210346,False
GO:0018195,peptidyl-arginine modification (GO:0018195),15,0.585572977158343,up,0.25105009472294115,0.5827619395863622,False
GO:0050848,regulation of calcium-mediated signaling (GO:0050848),25,0.4336915480685449,down,0.25094678617677413,0.5827619395863622,False
GO:1901185,negative regulation of ERBB signaling pathway (GO:1901185),40,0.44756864739212554,down,0.2509595143762996,0.5827619395863622,False
GO:0072337,modified amino acid transport (GO:0072337),14,0.5885095421984595,up,0.2514015658268368,0.583220880233145,False
GO:0036376,sodium ion export across plasma membrane (GO:0036376),13,0.59164124302618,up,0.25247752355282926,0.5853589528336683,False
GO:1905898,positive regulation of response to endoplasmic reticulum stress (GO:1905898),18,0.422221899571843,down,0.25313284039123185,0.5865197700696044,False
GO:0009064,glutamine family amino acid metabolic process (GO:0009064),34,0.4434211673106534,down,0.25335123034864904,0.5865603662433919,False
GO:0045649,regulation of macrophage differentiation (GO:0045649),15,0.41486062717770034,down,0.2534596467895912,0.5865603662433919,False
GO:0086064,cell communication by electrical coupling involved in cardiac conduction (GO:0086064),17,0.42007290168521094,down,0.25375466188891627,0.5868850198443045,False
GO:0050920,regulation of chemotaxis (GO:0050920),30,0.43987412248850155,down,0.25416718430536944,0.5872844606296891,False
GO:0007616,long-term memory (GO:0007616),18,0.5775974162157628,up,0.2542370377943447,0.5872844606296891,False
GO:1902275,regulation of chromatin organization (GO:1902275),14,0.5879039516854911,up,0.2546597373924203,0.5879028508395924,False
GO:1902902,negative regulation of autophagosome assembly (GO:1902902),12,0.405142796310813,down,0.255096551776142,0.5885530540674614,False
GO:0019318,hexose metabolic process (GO:0019318),40,0.5518952491646084,up,0.2558379456783404,0.5899047586370487,False
GO:0005513,detection of calcium ion (GO:0005513),13,0.40907791471057253,down,0.2562195119857028,0.5903369343696386,False
GO:0032392,DNA geometric change (GO:0032392),23,0.5683489574915145,up,0.2563366546023714,0.5903369343696386,False
GO:0034982,mitochondrial protein processing (GO:0034982),11,0.5987690163744048,up,0.25656099547132993,0.5904950581448752,False
GO:0060429,epithelium development (GO:0060429),114,0.4693195745252593,down,0.2572725381246187,0.5906989934059799,False
GO:0030204,chondroitin sulfate metabolic process (GO:0030204),30,0.559761801016703,up,0.2570542040237127,0.5906989934059799,False
GO:0120032,regulation of plasma membrane bounded cell projection assembly (GO:0120032),67,0.45997844614313566,down,0.2569285697575717,0.5906989934059799,False
GO:1905332,positive regulation of morphogenesis of an epithelium (GO:1905332),23,0.43176973896880555,down,0.25716342859927677,0.5906989934059799,False
GO:0050850,positive regulation of calcium-mediated signaling (GO:0050850),11,0.40184330824210046,down,0.25952137547576715,0.5917054564946521,False
GO:0050806,positive regulation of synaptic transmission (GO:0050806),71,0.4612966889283584,down,0.2590979834375984,0.5917054564946521,False
GO:0062013,positive regulation of small molecule metabolic process (GO:0062013),15,0.4157762291908633,down,0.2586004554764362,0.5917054564946521,False
GO:0042274,ribosomal small subunit biogenesis (GO:0042274),39,0.5523116856798865,up,0.25805096730138954,0.5917054564946521,False
GO:0046831,regulation of RNA export from nucleus (GO:0046831),11,0.4017060630694355,down,0.2588557939012429,0.5917054564946521,False
GO:0060415,muscle tissue morphogenesis (GO:0060415),17,0.5789842274095305,up,0.25939862896712695,0.5917054564946521,False
GO:0045198,establishment of epithelial cell apical/basal polarity (GO:0045198),10,0.397070692408187,down,0.2595994702193064,0.5917054564946521,False
GO:0032770,positive regulation of monooxygenase activity (GO:0032770),26,0.43615400255151626,down,0.25961841250382034,0.5917054564946521,False
GO:0030856,regulation of epithelial cell differentiation (GO:0030856),16,0.4186441969859752,down,0.2597388834863158,0.5917054564946521,False
GO:0099177,regulation of trans-synaptic signaling (GO:0099177),32,0.44238045783342533,down,0.2590842369158034,0.5917054564946521,False
GO:0007266,Rho protein signal transduction (GO:0007266),52,0.4548272847403737,down,0.2595146485264903,0.5917054564946521,False
GO:0035024,negative regulation of Rho protein signal transduction (GO:0035024),18,0.423084989336405,down,0.25843756717610644,0.5917054564946521,False
GO:0032269,negative regulation of cellular protein metabolic process (GO:0032269),87,0.46506807990325133,down,0.25964213168433836,0.5917054564946521,False
GO:0032271,regulation of protein polymerization (GO:0032271),35,0.445073462272765,down,0.2605625574482797,0.5925142568353267,False
GO:0090502,"RNA phosphodiester bond hydrolysis, endonucleolytic (GO:0090502)",15,0.41612078977932637,down,0.2605536394098772,0.5925142568353267,False
GO:1901019,regulation of calcium ion transmembrane transporter activity (GO:1901019),29,0.5603593514925568,up,0.260381620044575,0.5925142568353267,False
GO:1903894,regulation of IRE1-mediated unfolded protein response (GO:1903894),14,0.4132450111370584,down,0.260921793352501,0.5926205761593032,False
GO:0048021,regulation of melanin biosynthetic process (GO:0048021),10,0.3973464944113805,down,0.26087834265990784,0.5926205761593032,False
GO:0042994,cytoplasmic sequestering of transcription factor (GO:0042994),14,0.41342336998676826,down,0.2619033496604851,0.5927496834946238,False
GO:0051130,positive regulation of cellular component organization (GO:0051130),107,0.4686202464277124,down,0.26158163916423915,0.5927496834946238,False
GO:0043666,regulation of phosphoprotein phosphatase activity (GO:0043666),34,0.4443551046983972,down,0.26127092109539607,0.5927496834946238,False
GO:0051204,protein insertion into mitochondrial membrane (GO:0051204),22,0.43091194229637003,down,0.261793244327719,0.5927496834946238,False
GO:0071901,negative regulation of protein serine/threonine kinase activity (GO:0071901),75,0.4625270506108202,down,0.26146200002923603,0.5927496834946238,False
GO:1900029,positive regulation of ruffle assembly (GO:1900029),13,0.41015888472482165,down,0.26191628514025556,0.5927496834946238,False
GO:0045995,regulation of embryonic development (GO:0045995),35,0.44525691043413296,down,0.26215810928418026,0.5929431774090016,False
GO:0043508,negative regulation of JUN kinase activity (GO:0043508),10,0.39766874727826973,down,0.26237811605831085,0.5930871240817479,False
GO:0000959,mitochondrial RNA metabolic process (GO:0000959),14,0.4136515033991878,down,0.2631625434288387,0.594505972141504,False
GO:0045346,regulation of MHC class II biosynthetic process (GO:0045346),11,0.40275651650637134,down,0.26398022793758347,0.5952357909798843,False
GO:0043101,purine-containing compound salvage (GO:0043101),12,0.5930789033088484,up,0.2641133235484169,0.5952357909798843,False
GO:0045671,negative regulation of osteoclast differentiation (GO:0045671),15,0.5832926829268292,up,0.2639018665589652,0.5952357909798843,False
GO:0007269,neurotransmitter secretion (GO:0007269),44,0.45133030928270823,down,0.263735145380113,0.5952357909798843,False
GO:0070213,protein auto-ADP-ribosylation (GO:0070213),12,0.4071001364573353,down,0.26503316362998786,0.5958925842611404,False
GO:0071377,cellular response to glucagon stimulus (GO:0071377),18,0.42413844282473956,down,0.265016094342999,0.5958925842611404,False
GO:0090161,Golgi ribbon formation (GO:0090161),13,0.4107239372322701,down,0.2649287219703479,0.5958925842611404,False
GO:0031345,negative regulation of cell projection organization (GO:0031345),47,0.4529915111280405,down,0.26459139268226284,0.5958925842611404,False
GO:0031058,positive regulation of histone modification (GO:0031058),32,0.443143029369898,down,0.26544134002605124,0.5964567551651733,False
GO:0010906,regulation of glucose metabolic process (GO:0010906),33,0.44403596713166177,down,0.2656603440342201,0.596595432162106,False
GO:0000462,"maturation of SSU-rRNA from tricistronic rRNA transcript (SSU-rRNA, 5.8S rRNA, LSU-rRNA) (GO:0000462)",29,0.44033178611995344,down,0.26587931017092525,0.5966319260753972,False
GO:2000008,regulation of protein localization to cell surface (GO:2000008),32,0.44320839264445283,down,0.2659911908762185,0.5966319260753972,False
GO:1901844,regulation of cell communication by electrical coupling involved in cardiac conduction (GO:1901844),12,0.4073590182814118,down,0.26636710198488656,0.5971219963526446,False
GO:0060236,regulation of mitotic spindle organization (GO:0060236),35,0.4457632605627957,down,0.2665970989064045,0.5972845813065518,False
GO:0033625,positive regulation of integrin activation (GO:0033625),11,0.4033662017926331,down,0.266986340692425,0.5978035361548808,False
GO:0006399,tRNA metabolic process (GO:0006399),17,0.5777099852078587,up,0.2671634215236828,0.5978471137695155,False
GO:2000641,regulation of early endosome to late endosome transport (GO:2000641),18,0.5754582442011661,up,0.26756495545566594,0.5983926155915925,False
GO:0090279,regulation of calcium ion import (GO:0090279),24,0.4347245215067817,down,0.2681428410694676,0.599062527243771,False
GO:0034394,protein localization to cell surface (GO:0034394),27,0.4384598668611681,down,0.2681803773424527,0.599062527243771,False
GO:1903859,regulation of dendrite extension (GO:1903859),18,0.42470630749226446,down,0.2686097153665823,0.599668422828397,False
GO:0043923,positive regulation by host of viral transcription (GO:0043923),15,0.4176190476190476,down,0.26916524039714396,0.599849445843929,False
GO:0048488,synaptic vesicle endocytosis (GO:0048488),34,0.4452548632247414,down,0.26906111311984116,0.599849445843929,False
GO:0070862,negative regulation of protein exit from endoplasmic reticulum (GO:0070862),10,0.6009406299898389,up,0.2689183471426625,0.599849445843929,False
GO:0000731,DNA synthesis involved in DNA repair (GO:0000731),43,0.5486559583055127,up,0.26936006833869763,0.5999311445735056,False
GO:0021782,glial cell development (GO:0021782),25,0.43624048794655823,down,0.2696276356690511,0.6001746608525299,False
GO:0006027,glycosaminoglycan catabolic process (GO:0006027),56,0.5425951958736343,up,0.26990846183736883,0.6004473875361525,False
GO:0070613,regulation of protein processing (GO:0070613),21,0.5694634594268677,up,0.2703159278157343,0.6006492760428122,False
GO:0032652,regulation of interleukin-1 production (GO:0032652),16,0.5795881849066465,up,0.27023492381365644,0.6006492760428122,False
GO:0006195,purine nucleotide catabolic process (GO:0006195),13,0.5882174268446843,up,0.27063664124439424,0.6008735555433656,False
GO:0044827,modulation by host of viral genome replication (GO:0044827),13,0.5881995595717214,up,0.27073369533973424,0.6008735555433656,False
GO:0070914,UV-damage excision repair (GO:0070914),12,0.40835099536432173,down,0.27152118355631394,0.6022689176778355,False
GO:0007221,positive regulation of transcription of Notch receptor target (GO:0007221),17,0.42305524335293093,down,0.27190252762770095,0.6027622953196199,False
GO:0000723,telomere maintenance (GO:0000723),49,0.5453183889378573,up,0.2721573960160917,0.6029160725507079,False
GO:0070201,regulation of establishment of protein localization (GO:0070201),13,0.41208631679568325,down,0.2722898055047094,0.6029160725507079,False
GO:0106057,negative regulation of calcineurin-mediated signaling (GO:0106057),12,0.5913417336856062,up,0.2731314565347609,0.6040744108666752,False
GO:0070885,negative regulation of calcineurin-NFAT signaling cascade (GO:0070885),12,0.5913417336856062,up,0.2731314565347609,0.6040744108666752,False
GO:0055088,lipid homeostasis (GO:0055088),61,0.4594854039543687,down,0.27345108439623644,0.6044288829341053,False
GO:0050688,regulation of defense response to virus (GO:0050688),13,0.41232975838980135,down,0.27361974759600904,0.6044494482420864,False
GO:0051016,barbed-end actin filament capping (GO:0051016),19,0.4276415134712143,down,0.274718556465653,0.6061284190561285,False
GO:0072329,monocarboxylic acid catabolic process (GO:0072329),22,0.43277260450466387,down,0.2748591829097129,0.6061284190561285,False
GO:0051693,actin filament capping (GO:0051693),19,0.4276415134712143,down,0.274718556465653,0.6061284190561285,False
GO:0046851,negative regulation of bone remodeling (GO:0046851),11,0.4049761932412031,down,0.27503742318052005,0.606169056434464,False
GO:0006939,smooth muscle contraction (GO:0006939),14,0.41583743627819003,down,0.27543980795473133,0.6067033632824018,False
GO:0045907,positive regulation of vasoconstriction (GO:0045907),16,0.4213192165858474,down,0.2757345131153145,0.6070000047860638,False
GO:0061640,cytoskeleton-dependent cytokinesis (GO:0061640),68,0.4618357826743691,down,0.2761141965238737,0.6074832641618637,False
GO:0008090,retrograde axonal transport (GO:0008090),16,0.4214625860216615,down,0.2766103844931964,0.6081333536992579,False
GO:0042423,catecholamine biosynthetic process (GO:0042423),12,0.5906594470090681,up,0.2767303370643077,0.6081333536992579,False
GO:0033688,regulation of osteoblast proliferation (GO:0033688),17,0.5761385336990944,up,0.27695743422899655,0.6082799930692437,False
GO:0002237,response to molecule of bacterial origin (GO:0002237),68,0.4619807588024886,down,0.27794255734404005,0.6084782743674617,False
GO:0006293,"nucleotide-excision repair, preincision complex stabilization (GO:0006293)",21,0.5684428734611693,up,0.2774174239911058,0.6084782743674617,False
GO:0008589,regulation of smoothened signaling pathway (GO:0008589),48,0.454759690373083,down,0.27792697564226176,0.6084782743674617,False
GO:1901799,negative regulation of proteasomal protein catabolic process (GO:1901799),35,0.5529609031294098,up,0.27801024241466155,0.6084782743674617,False
GO:0006295,"nucleotide-excision repair, DNA incision, 3'-to lesion (GO:0006295)",21,0.5684428734611693,up,0.2774174239911058,0.6084782743674617,False
GO:0043009,chordate embryonic development (GO:0043009),54,0.45735050768334684,down,0.27800791372819267,0.6084782743674617,False
GO:0016925,protein sumoylation (GO:0016925),50,0.5442970498474059,up,0.278257784141954,0.6086688438583804,False
GO:0090329,regulation of DNA-dependent DNA replication (GO:0090329),12,0.5901852335743112,up,0.2792506436073845,0.6104885828258267,False
GO:0050864,regulation of B cell activation (GO:0050864),25,0.4375486494336335,down,0.2795765824199751,0.6105236339657633,False
GO:0061572,actin filament bundle organization (GO:0061572),33,0.44563818417749046,down,0.2795885979959216,0.6105236339657633,False
GO:0017038,protein import (GO:0017038),86,0.5336704859097605,up,0.2800155363768735,0.6105960049346812,False
GO:0051251,positive regulation of lymphocyte activation (GO:0051251),28,0.44105125130192663,down,0.2801046793003811,0.6105960049346812,False
GO:2000756,regulation of peptidyl-lysine acetylation (GO:2000756),10,0.40133255915227173,down,0.27984867264112534,0.6105960049346812,False
GO:0031124,mRNA 3'-end processing (GO:0031124),78,0.4646726381607261,down,0.28033631983325624,0.6107499489532113,False
GO:0034655,nucleobase-containing compound catabolic process (GO:0034655),37,0.5512412581097571,up,0.28053574581833685,0.6108335728409596,False
GO:0046324,regulation of glucose import (GO:0046324),32,0.44497683235046337,down,0.28116575745555017,0.611829715066436,False
GO:1901880,negative regulation of protein depolymerization (GO:1901880),24,0.43651312286408567,down,0.2814771560218642,0.611829715066436,False
GO:0044774,mitotic DNA integrity checkpoint signaling (GO:0044774),12,0.5897811843722479,up,0.2814103263921095,0.611829715066436,False
GO:0071870,cellular response to catecholamine stimulus (GO:0071870),23,0.4351778426539518,down,0.28169427810193515,0.6119509718445819,False
GO:0010558,negative regulation of macromolecule biosynthetic process (GO:0010558),12,0.5896408559068607,up,0.28216304080149457,0.6126059557207503,False
GO:0050651,dermatan sulfate proteoglycan biosynthetic process (GO:0050651),15,0.5801277584204414,up,0.2824803101912977,0.6126059557207503,False
GO:0051783,regulation of nuclear division (GO:0051783),20,0.4305924205023958,down,0.28241110132838854,0.6126059557207503,False
GO:0045022,early endosome to late endosome transport (GO:0045022),19,0.4289864951611227,down,0.2837390085402358,0.6130954500179048,False
GO:0002697,regulation of immune effector process (GO:0002697),42,0.5477691846796545,up,0.28383749281082016,0.6130954500179048,False
GO:0048640,negative regulation of developmental growth (GO:0048640),30,0.4434877753570564,down,0.28383118534031404,0.6130954500179048,False
GO:0098901,regulation of cardiac muscle cell action potential (GO:0098901),25,0.4380063897763578,down,0.28311603881659586,0.6130954500179048,False
GO:0006687,glycosphingolipid metabolic process (GO:0006687),43,0.5472164928945825,up,0.28378293674502875,0.6130954500179048,False
GO:0090208,positive regulation of triglyceride metabolic process (GO:0090208),19,0.428952870618875,down,0.2835110807872395,0.6130954500179048,False
GO:0000737,"DNA catabolic process, endonucleolytic (GO:0000737)",21,0.4324394217232691,down,0.28365821445553985,0.6130954500179048,False
GO:1904779,regulation of protein localization to centrosome (GO:1904779),10,0.40220931920452896,down,0.2841440463289694,0.613408291249733,False
GO:0006283,transcription-coupled nucleotide-excision repair (GO:0006283),72,0.5364311174449906,up,0.2847494133764531,0.6143654863122222,False
GO:0140014,mitotic nuclear division (GO:0140014),71,0.5366359394149915,up,0.2854103944884703,0.6154415158014598,False
GO:0043632,modification-dependent macromolecule catabolic process (GO:0043632),10,0.5974161707069241,up,0.2859923571739923,0.6157690363250043,False
GO:0051209,release of sequestered calcium ion into cytosol (GO:0051209),25,0.4383828056927098,down,0.28604931241883935,0.6157690363250043,False
GO:0070536,protein K63-linked deubiquitination (GO:0070536),31,0.5553749072290151,up,0.28573367559167895,0.6157690363250043,False
GO:0006470,protein dephosphorylation (GO:0006470),134,0.4733912529946636,down,0.28691626469158316,0.6172849642513755,False
GO:0007157,heterophilic cell-cell adhesion via plasma membrane cell adhesion molecules (GO:0007157),39,0.4508561909189524,down,0.28800062167828155,0.6178685469279303,False
GO:0010770,positive regulation of cell morphogenesis involved in differentiation (GO:0010770),50,0.4566638569975294,down,0.2888164866077565,0.6178685469279303,False
GO:0060046,regulation of acrosome reaction (GO:0060046),11,0.5924280254642582,up,0.2883640890723388,0.6178685469279303,False
GO:0045824,negative regulation of innate immune response (GO:0045824),34,0.4474329111674303,down,0.28857392734144605,0.6178685469279303,False
GO:0044819,mitotic G1/S transition checkpoint signaling (GO:0044819),11,0.40755217955891515,down,0.2882608423640983,0.6178685469279303,False
GO:0006700,C21-steroid hormone biosynthetic process (GO:0006700),15,0.4207084785133566,down,0.28753373043458996,0.6178685469279303,False
GO:0031623,receptor internalization (GO:0031623),45,0.4543227098065808,down,0.2888134572769071,0.6178685469279303,False
GO:0019219,regulation of nucleobase-containing compound metabolic process (GO:0019219),11,0.40751390927038356,down,0.288061302746371,0.6178685469279303,False
GO:0009168,purine ribonucleoside monophosphate biosynthetic process (GO:0009168),16,0.5766482040709661,up,0.2883291277984342,0.6178685469279303,False
GO:0034379,very-low-density lipoprotein particle assembly (GO:0034379),12,0.4114237048650427,down,0.2879177397367777,0.6178685469279303,False
GO:1902514,regulation of calcium ion transmembrane transport via high voltage-gated calcium channel (GO:1902514),11,0.5922181987098953,up,0.2894600369435004,0.6182721098392651,False
GO:0038111,interleukin-7-mediated signaling pathway (GO:0038111),19,0.429874488754119,down,0.2898032950609156,0.6182721098392651,False
GO:0043010,camera-type eye development (GO:0043010),26,0.4400695299356312,down,0.28998314880149023,0.6182721098392651,False
GO:0000096,sulfur amino acid metabolic process (GO:0000096),24,0.5624776122292895,up,0.28919674763959924,0.6182721098392651,False
GO:0098761,cellular response to interleukin-7 (GO:0098761),19,0.429874488754119,down,0.2898032950609156,0.6182721098392651,False
GO:0019184,nonribosomal peptide biosynthetic process (GO:0019184),12,0.5882061183210909,up,0.2899372265629643,0.6182721098392651,False
GO:0048499,synaptic vesicle membrane organization (GO:0048499),16,0.42364034960364705,down,0.29014806493823764,0.6182761855678288,False
GO:0002711,positive regulation of T cell mediated immunity (GO:0002711),23,0.5635872090673993,up,0.2909628589451735,0.6184678007517916,False
GO:0035601,protein deacylation (GO:0035601),23,0.43638753636657507,down,0.2907712865221239,0.6184678007517916,False
GO:1902430,negative regulation of amyloid-beta formation (GO:1902430),17,0.4260580822142435,down,0.29105326241548857,0.6184678007517916,False
GO:0010810,regulation of cell-substrate adhesion (GO:0010810),42,0.45291577241712366,down,0.29079880892461063,0.6184678007517916,False
GO:2000774,positive regulation of cellular senescence (GO:2000774),10,0.4035622006096676,down,0.2908591533904069,0.6184678007517916,False
GO:0050856,regulation of T cell receptor signaling pathway (GO:0050856),33,0.44696573544403423,down,0.29149892772488895,0.6190497400448614,False
GO:1904358,positive regulation of telomere maintenance via telomere lengthening (GO:1904358),35,0.5514816966879721,up,0.291653542172467,0.6190497400448614,False
GO:1901137,carbohydrate derivative biosynthetic process (GO:1901137),26,0.5596523056367955,up,0.2922277354262499,0.619838283400871,False
GO:0007413,axonal fasciculation (GO:0007413),12,0.4122342227254691,down,0.2923518821524277,0.619838283400871,False
GO:0035581,sequestering of extracellular ligand from receptor (GO:0035581),14,0.5812237905818232,up,0.29255271447140063,0.6199175675921914,False
GO:0031440,regulation of mRNA 3'-end processing (GO:0031440),11,0.40840996188807127,down,0.29275774002997856,0.6200056437374142,False
GO:0018158,protein oxidation (GO:0018158),11,0.5915398908373011,up,0.29302208497023585,0.6202191787344333,False
GO:0001954,positive regulation of cell-matrix adhesion (GO:0001954),42,0.4531980577660989,down,0.29370085583338945,0.6213091724350508,False
GO:1901028,regulation of mitochondrial outer membrane permeabilization involved in apoptotic signaling pathway (GO:1901028),17,0.5733782449619607,up,0.2947468414679415,0.6231743420779833,False
GO:0045663,positive regulation of myoblast differentiation (GO:0045663),18,0.4289620659949086,down,0.2966054571720078,0.6246027934312549,False
GO:0030855,epithelial cell differentiation (GO:0030855),93,0.531268599409325,up,0.2968805734486426,0.6246027934312549,False
GO:2000515,"negative regulation of CD4-positive, alpha-beta T cell activation (GO:2000515)",11,0.5907797637271566,up,0.2970486170787522,0.6246027934312549,False
GO:0006620,posttranslational protein targeting to endoplasmic reticulum membrane (GO:0006620),11,0.40921759694259985,down,0.2970345723615604,0.6246027934312549,False
GO:0006874,cellular calcium ion homeostasis (GO:0006874),130,0.5264572805199171,up,0.2969546899044224,0.6246027934312549,False
GO:0003161,cardiac conduction system development (GO:0003161),25,0.43964449607900086,down,0.2960305641424733,0.6246027934312549,False
GO:0045600,positive regulation of fat cell differentiation (GO:0045600),48,0.4564366141579717,down,0.2961290803135125,0.6246027934312549,False
GO:0003214,cardiac left ventricle morphogenesis (GO:0003214),14,0.41933824718877416,down,0.2959051767190515,0.6246027934312549,False
GO:0009896,positive regulation of catabolic process (GO:0009896),62,0.4616271315524633,down,0.2956955341962493,0.6246027934312549,False
GO:0060317,cardiac epithelial to mesenchymal transition (GO:0060317),20,0.567329751706113,up,0.2970691904429169,0.6246027934312549,False
GO:0070588,calcium ion transmembrane transport (GO:0070588),86,0.5324738288357478,up,0.2974623648884488,0.625036182119996,False
GO:0043330,response to exogenous dsRNA (GO:0043330),24,0.4386012362890031,down,0.2976048892456401,0.625036182119996,False
GO:0010955,negative regulation of protein processing (GO:0010955),12,0.5865681464061396,up,0.2989873728104212,0.625836752824302,False
GO:0032272,negative regulation of protein polymerization (GO:0032272),27,0.5577060446062421,up,0.2991410579674293,0.625836752824302,False
GO:0006828,manganese ion transport (GO:0006828),14,0.5801909684055964,up,0.29873304453101845,0.625836752824302,False
GO:0006953,acute-phase response (GO:0006953),11,0.4095316772415832,down,0.2987090115932982,0.625836752824302,False
GO:0006576,cellular biogenic amine metabolic process (GO:0006576),13,0.583250324961027,up,0.29853919081557545,0.625836752824302,False
GO:0043647,inositol phosphate metabolic process (GO:0043647),47,0.4562468772724799,down,0.29910813160345817,0.625836752824302,False
GO:1902904,negative regulation of supramolecular fiber organization (GO:1902904),72,0.46463328130503767,down,0.2990571810840471,0.625836752824302,False
GO:0008156,negative regulation of DNA replication (GO:0008156),15,0.5773712737127371,up,0.2993675238663638,0.6258468628239118,False
GO:0032663,regulation of interleukin-2 production (GO:0032663),44,0.5451837546661876,up,0.2994758913855523,0.6258468628239118,False
GO:1904064,positive regulation of cation transmembrane transport (GO:1904064),41,0.4532280538124728,down,0.29982360806703867,0.6262284941620472,False
GO:0045780,positive regulation of bone resorption (GO:0045780),11,0.4098695115127585,down,0.30051711047397534,0.6273315355133673,False
GO:0002003,angiotensin maturation (GO:0002003),10,0.5940978371316592,up,0.3027238235921085,0.630800436527617,False
GO:1903039,positive regulation of leukocyte cell-cell adhesion (GO:1903039),27,0.4427748301339564,down,0.30318612636956677,0.630800436527617,False
GO:2000785,regulation of autophagosome assembly (GO:2000785),33,0.4482554321320227,down,0.30339176156533376,0.630800436527617,False
GO:0002002,regulation of angiotensin levels in blood (GO:0002002),10,0.5940978371316592,up,0.3027238235921085,0.630800436527617,False
GO:1903829,positive regulation of cellular protein localization (GO:1903829),67,0.46365011050366406,down,0.30316321927978507,0.630800436527617,False
GO:0071222,cellular response to lipopolysaccharide (GO:0071222),103,0.4706765140792526,down,0.3033115542605014,0.630800436527617,False
GO:0032024,positive regulation of insulin secretion (GO:0032024),36,0.4504682491259672,down,0.30350930573764856,0.630800436527617,False
GO:0071478,cellular response to radiation (GO:0071478),37,0.4510948859254978,down,0.3030484295356869,0.630800436527617,False
GO:2000117,negative regulation of cysteine-type endopeptidase activity (GO:2000117),46,0.5437534037480083,up,0.30429636222293355,0.6317438981453678,False
GO:2000780,negative regulation of double-strand break repair (GO:2000780),29,0.4449053141470861,down,0.30426919929029095,0.6317438981453678,False
GO:0000491,small nucleolar ribonucleoprotein complex assembly (GO:0000491),10,0.5935955871679489,up,0.30531183634984316,0.6331589914023811,False
GO:0002696,positive regulation of leukocyte activation (GO:0002696),18,0.5697860505335024,up,0.305199610316613,0.6331589914023811,False
GO:0034356,NAD biosynthesis via nicotinamide riboside salvage pathway (GO:0034356),14,0.5790606710440629,up,0.3055958559253331,0.6334016838933271,False
GO:0030449,regulation of complement activation (GO:0030449),41,0.5461184968681209,up,0.30662646251193226,0.633585858876405,False
GO:0097192,extrinsic apoptotic signaling pathway in absence of ligand (GO:0097192),20,0.43393930593872515,down,0.3062677377992925,0.633585858876405,False
GO:0033500,carbohydrate homeostasis (GO:0033500),67,0.4639139998506942,down,0.3066869593717584,0.633585858876405,False
GO:0090128,regulation of synapse maturation (GO:0090128),10,0.5934126868921469,up,0.30625792688750475,0.633585858876405,False
GO:0048706,embryonic skeletal system development (GO:0048706),34,0.44934607293427237,down,0.3064824031084412,0.633585858876405,False
GO:0034440,lipid oxidation (GO:0034440),12,0.41468513195714657,down,0.30603800823847416,0.633585858876405,False
GO:0043030,regulation of macrophage activation (GO:0043030),30,0.5538784797869766,up,0.3068740328650643,0.6336272219146375,False
GO:0072348,sulfur compound transport (GO:0072348),27,0.5567658107741761,up,0.30708401053046164,0.6337158062796742,False
GO:0031280,negative regulation of cyclase activity (GO:0031280),14,0.5787205448655465,up,0.30768130144342565,0.6342582480298443,False
GO:0070861,regulation of protein exit from endoplasmic reticulum (GO:0070861),11,0.5888319380074113,up,0.3075347691278044,0.6342582480298443,False
GO:0007009,plasma membrane organization (GO:0007009),59,0.4616535032650624,down,0.3079947321025771,0.6345594887914584,False
GO:0031442,positive regulation of mRNA 3'-end processing (GO:0031442),10,0.4070431122078676,down,0.3086240908238065,0.6348216792270597,False
GO:0006670,sphingosine metabolic process (GO:0006670),17,0.5713165689064406,up,0.30852297360664815,0.6348216792270597,False
GO:1900120,regulation of receptor binding (GO:1900120),10,0.4069850486282479,down,0.30832199857996656,0.6348216792270597,False
GO:0055090,acylglycerol homeostasis (GO:0055090),23,0.5612625262647487,up,0.30896097559302593,0.6351701790917872,False
GO:0051249,regulation of lymphocyte activation (GO:0051249),13,0.5814144626640997,up,0.3093219183393301,0.6354939174942622,False
GO:0031163,metallo-sulfur cluster assembly (GO:0031163),22,0.562574749909574,up,0.30945353693959987,0.6354939174942622,False
GO:0006639,acylglycerol metabolic process (GO:0006639),39,0.4530585058827737,down,0.31015243418290517,0.6363755405473174,False
GO:0051480,regulation of cytosolic calcium ion concentration (GO:0051480),143,0.4754519204274392,down,0.31021839558976794,0.6363755405473174,False
GO:0010001,glial cell differentiation (GO:0010001),29,0.4456074698954479,down,0.31047375661261567,0.6365551128819736,False
GO:0010922,positive regulation of phosphatase activity (GO:0010922),21,0.4361331684907221,down,0.31081187471924643,0.6369040739114542,False
GO:0051972,regulation of telomerase activity (GO:0051972),44,0.4559231852393923,down,0.31147157588930874,0.6378476441086454,False
GO:0006656,phosphatidylcholine biosynthetic process (GO:0006656),33,0.4491269677778306,down,0.3116086697952333,0.6378476441086454,False
GO:0055119,relaxation of cardiac muscle (GO:0055119),13,0.5809856481129926,up,0.31187713451401244,0.6379961600480868,False
GO:0043044,ATP-dependent chromatin remodeling (GO:0043044),42,0.4549381255422577,down,0.3120176316607437,0.6379961600480868,False
GO:0072655,establishment of protein localization to mitochondrion (GO:0072655),45,0.5434886499402628,up,0.31254190214499966,0.6387238334245602,False
GO:2000318,positive regulation of T-helper 17 type immune response (GO:2000318),10,0.4081811583684134,down,0.3145846032252898,0.6423970644225221,False
GO:0060291,long-term synaptic potentiation (GO:0060291),20,0.4350776825903877,down,0.3146780241753351,0.6423970644225221,False
GO:0044257,cellular protein catabolic process (GO:0044257),58,0.538096495985516,up,0.3152883693096701,0.6432968180697034,False
GO:0000398,"mRNA splicing, via spliceosome (GO:0000398)",266,0.48216971470180026,down,0.315639913825584,0.6433797755278405,False
GO:0032872,regulation of stress-activated MAPK cascade (GO:0032872),47,0.4577195061019951,down,0.3156682737298474,0.6433797755278405,False
GO:0032733,positive regulation of interleukin-10 production (GO:0032733),31,0.44801919890848846,down,0.3162978049073887,0.6443166348086602,False
GO:1901797,negative regulation of signal transduction by p53 class mediator (GO:1901797),18,0.5681566661181611,up,0.3166303830865278,0.6446479028702093,False
GO:0090200,positive regulation of release of cytochrome c from mitochondria (GO:0090200),24,0.5589609170030883,up,0.3172007959008397,0.6450089598513076,False
GO:1901652,response to peptide (GO:1901652),36,0.5481492780150499,up,0.3172049158597955,0.6450089598513076,False
GO:0071880,adenylate cyclase-activating adrenergic receptor signaling pathway (GO:0071880),17,0.4299679218920276,down,0.3173178800639441,0.6450089598513076,False
GO:0002702,positive regulation of production of molecular mediator of immune response (GO:0002702),33,0.44975993154483657,down,0.3176674425289183,0.64537365265784,False
GO:0031274,positive regulation of pseudopodium assembly (GO:0031274),10,0.5910146610538539,up,0.31884183057752,0.6460294141990028,False
GO:1903206,negative regulation of hydrogen peroxide-induced cell death (GO:1903206),12,0.41687473990844776,down,0.31861865537686795,0.6460294141990028,False
GO:2000434,regulation of protein neddylation (GO:2000434),10,0.5910524023806067,up,0.3186411932533265,0.6460294141990028,False
GO:0051603,proteolysis involved in cellular protein catabolic process (GO:0051603),71,0.5342056410121969,up,0.3185799879368224,0.6460294141990028,False
GO:0031272,regulation of pseudopodium assembly (GO:0031272),10,0.5910146610538539,up,0.31884183057752,0.6460294141990028,False
GO:0045724,positive regulation of cilium assembly (GO:0045724),19,0.4340026655091673,down,0.31913490029933733,0.6462050160621131,False
GO:1903305,regulation of regulated secretory pathway (GO:1903305),35,0.4513762762513489,down,0.3192692328237279,0.6462050160621131,False
GO:0003231,cardiac ventricle development (GO:0003231),20,0.4357397996224771,down,0.3196389035518128,0.6466081926250805,False
GO:0046339,diacylglycerol metabolic process (GO:0046339),23,0.44010627121383544,down,0.31989562863166066,0.6467825796374674,False
GO:0042130,negative regulation of T cell proliferation (GO:0042130),28,0.44587927249791487,down,0.3213817741111632,0.6484389950696408,False
GO:0071482,cellular response to light stimulus (GO:0071482),65,0.4644690987988458,down,0.3215063609579436,0.6484389950696408,False
GO:0032642,regulation of chemokine production (GO:0032642),37,0.4529316055552327,down,0.3215696677368822,0.6484389950696408,False
GO:0006390,mitochondrial transcription (GO:0006390),10,0.4094092030773697,down,0.3211008213468718,0.6484389950696408,False
GO:0001938,positive regulation of endothelial cell proliferation (GO:0001938),75,0.46690595307349236,down,0.32133404838410873,0.6484389950696408,False
GO:0014812,muscle cell migration (GO:0014812),10,0.40956887792132385,down,0.3219545155435716,0.648870073037602,False
GO:0071542,dopaminergic neuron differentiation (GO:0071542),20,0.43608102221576883,down,0.32221536656163074,0.6490509215975918,False
GO:0071383,cellular response to steroid hormone stimulus (GO:0071383),20,0.5638739654421374,up,0.32255624933284965,0.6491994506267837,False
GO:0000729,DNA double-strand break processing (GO:0000729),17,0.5692634333482507,up,0.32265864532473876,0.6491994506267837,False
GO:0071702,organic substance transport (GO:0071702),120,0.47389908256880736,down,0.3228025741845806,0.6491994506267837,False
GO:0007035,vacuolar acidification (GO:0007035),18,0.5671838752246453,up,0.32358711392494977,0.6494866235890238,False
GO:0042733,embryonic digit morphogenesis (GO:0042733),18,0.4328161247753547,down,0.32358711392494977,0.6494866235890238,False
GO:0007409,axonogenesis (GO:0007409),237,0.4814135378695004,down,0.32326620797558947,0.6494866235890238,False
GO:0072657,protein localization to membrane (GO:0072657),187,0.4791067296534582,down,0.3236302975437002,0.6494866235890238,False
GO:0002431,Fc receptor mediated stimulatory signaling pathway (GO:0002431),71,0.4661658878351542,down,0.3238647700154723,0.6496134704752441,False
GO:0032878,regulation of establishment or maintenance of cell polarity (GO:0032878),18,0.43298551622447434,down,0.32480859059109246,0.6511622537589925,False
GO:0032370,positive regulation of lipid transport (GO:0032370),12,0.4180046260004452,down,0.32524117567969624,0.6515846663663928,False
GO:0048009,insulin-like growth factor receptor signaling pathway (GO:0048009),11,0.4144725034575226,down,0.3258782262317551,0.6515846663663928,False
GO:0032092,positive regulation of protein binding (GO:0032092),58,0.46271727787006284,down,0.32573699317542404,0.6515846663663928,False
GO:0007129,homologous chromosome pairing at meiosis (GO:0007129),28,0.5536352281639411,up,0.32574193559096776,0.6515846663663928,False
GO:0048520,positive regulation of behavior (GO:0048520),10,0.5897721004499927,up,0.3254936035360232,0.6515846663663928,False
GO:0006584,catecholamine metabolic process (GO:0006584),14,0.5757589583843177,up,0.32623719571420373,0.6519587372729055,False
GO:0045589,regulation of regulatory T cell differentiation (GO:0045589),22,0.4395928324572358,down,0.32651283311908896,0.652165969468512,False
GO:0090656,t-circle formation (GO:0090656),10,0.5893743649295979,up,0.3276417261787501,0.6533885738149311,False
GO:0090737,telomere maintenance via telomere trimming (GO:0090737),10,0.5893743649295979,up,0.3276417261787501,0.6533885738149311,False
GO:0001325,formation of extrachromosomal circular DNA (GO:0001325),10,0.5893743649295979,up,0.3276417261787501,0.6533885738149311,False
GO:0019731,antibacterial humoral response (GO:0019731),28,0.44698046383859846,down,0.33132638542041826,0.653861071747995,False
GO:0014912,negative regulation of smooth muscle cell migration (GO:0014912),14,0.5751969206137204,up,0.3298391150458345,0.653861071747995,False
GO:0006801,superoxide metabolic process (GO:0006801),31,0.4495550741043383,down,0.3308089874360459,0.653861071747995,False
GO:0032231,regulation of actin filament bundle assembly (GO:0032231),26,0.44477374842764483,down,0.3295116146606777,0.653861071747995,False
GO:0043562,cellular response to nitrogen levels (GO:0043562),10,0.5889156626506024,up,0.3301305211634412,0.653861071747995,False
GO:0106058,positive regulation of calcineurin-mediated signaling (GO:0106058),12,0.41886837189946674,down,0.330363750265502,0.653861071747995,False
GO:0036294,cellular response to decreased oxygen levels (GO:0036294),66,0.4653445825259487,down,0.32989016806594107,0.653861071747995,False
GO:0045807,positive regulation of endocytosis (GO:0045807),46,0.5413927347117223,up,0.33113101893733865,0.653861071747995,False
GO:0006851,mitochondrial calcium ion transmembrane transport (GO:0006851),20,0.5627631770001452,up,0.33104284684196006,0.653861071747995,False
GO:1904706,negative regulation of vascular associated smooth muscle cell proliferation (GO:1904706),17,0.568064347523085,up,0.3311066231072485,0.653861071747995,False
GO:0006995,cellular response to nitrogen starvation (GO:0006995),10,0.5889156626506024,up,0.3301305211634412,0.653861071747995,False
GO:0006333,chromatin assembly or disassembly (GO:0006333),10,0.4111511104659602,down,0.33049383197172,0.653861071747995,False
GO:0000281,mitotic cytokinesis (GO:0000281),47,0.45905764122148734,down,0.33122846904932735,0.653861071747995,False
GO:2001214,positive regulation of vasculogenesis (GO:2001214),10,0.41106111191754974,down,0.33000421281859627,0.653861071747995,False
GO:1903706,regulation of hemopoiesis (GO:1903706),12,0.41886837189946674,down,0.330363750265502,0.653861071747995,False
GO:0070527,platelet aggregation (GO:0070527),35,0.45250435793143523,down,0.3306258705416584,0.653861071747995,False
GO:0039532,negative regulation of viral-induced cytoplasmic pattern recognition receptor signaling pathway (GO:0039532),10,0.5891914646537959,up,0.32863263035650736,0.653861071747995,False
GO:0050818,regulation of coagulation (GO:0050818),11,0.4149370255803887,down,0.32851275173750283,0.653861071747995,False
GO:0006488,dolichol-linked oligosaccharide biosynthetic process (GO:0006488),17,0.5684648968478733,up,0.3282688399532039,0.653861071747995,False
GO:0070886,positive regulation of calcineurin-NFAT signaling cascade (GO:0070886),12,0.41886837189946674,down,0.330363750265502,0.653861071747995,False
GO:0070328,triglyceride homeostasis (GO:0070328),29,0.5520616935475793,up,0.3316647251112158,0.6541884047565478,False
GO:0090068,positive regulation of cell cycle process (GO:0090068),93,0.4709293774756185,down,0.3321364504724945,0.6542554183042933,False
GO:0002042,cell migration involved in sprouting angiogenesis (GO:0002042),17,0.43206375993686863,down,0.3320175685187884,0.6542554183042933,False
GO:2000369,regulation of clathrin-dependent endocytosis (GO:2000369),15,0.5722919086333721,up,0.33221617074982046,0.6542554183042933,False
GO:0019220,regulation of phosphate metabolic process (GO:0019220),15,0.42786875725900114,down,0.3332918485913565,0.6560332027540298,False
GO:0006898,receptor-mediated endocytosis (GO:0006898),133,0.4757634792651461,down,0.3338643769269236,0.6564787878091349,False
GO:0046949,fatty-acyl-CoA biosynthetic process (GO:0046949),27,0.4462861839415807,down,0.3338209553172615,0.6564787878091349,False
GO:0034110,regulation of homotypic cell-cell adhesion (GO:0034110),12,0.4195651753138035,down,0.3345340958268812,0.6574548318504458,False
GO:0034498,early endosome to Golgi transport (GO:0034498),10,0.588076643925098,up,0.33471439145738613,0.6574685068865176,False
GO:0043112,receptor metabolic process (GO:0043112),54,0.462114042765768,down,0.33522531119035137,0.6580038623178628,False
GO:0002862,negative regulation of inflammatory response to antigenic stimulus (GO:0002862),127,0.47528130659850226,down,0.3354567592376333,0.6580038623178628,False
GO:0045833,negative regulation of lipid metabolic process (GO:0045833),23,0.44200857139970906,down,0.33550737403710695,0.6580038623178628,False
GO:0061371,determination of heart left/right asymmetry (GO:0061371),46,0.45903687988607633,down,0.33617445242505295,0.6582910160290273,False
GO:0046883,regulation of hormone secretion (GO:0046883),16,0.5694670286593687,up,0.3358921780936991,0.6582910160290273,False
GO:0010634,positive regulation of epithelial cell migration (GO:0010634),91,0.470847014701048,down,0.33600912842814024,0.6582910160290273,False
GO:0010517,regulation of phospholipase activity (GO:0010517),11,0.5833869997149523,up,0.3381324519286749,0.6588985493668363,False
GO:0051283,negative regulation of sequestering of calcium ion (GO:0051283),24,0.4433807227982535,down,0.3368025242826016,0.6588985493668363,False
GO:0070741,response to interleukin-6 (GO:0070741),11,0.41653909903822806,down,0.3377045008076902,0.6588985493668363,False
GO:0001578,microtubule bundle formation (GO:0001578),42,0.4573603829117734,down,0.3387429926879333,0.6588985493668363,False
GO:0036465,synaptic vesicle recycling (GO:0036465),31,0.45026256999992503,down,0.3376361676171422,0.6588985493668363,False
GO:0050820,positive regulation of coagulation (GO:0050820),10,0.41262882856728117,down,0.33860023788794136,0.6588985493668363,False
GO:1900048,positive regulation of hemostasis (GO:1900048),10,0.41262882856728117,down,0.33860023788794136,0.6588985493668363,False
GO:0050974,detection of mechanical stimulus involved in sensory perception (GO:0050974),15,0.42859272164150214,down,0.3381667253837545,0.6588985493668363,False
GO:0010907,positive regulation of glucose metabolic process (GO:0010907),14,0.42598522525063565,down,0.3374988195546197,0.6588985493668363,False
GO:0043388,positive regulation of DNA binding (GO:0043388),30,0.4495424836601307,down,0.3386055025117326,0.6588985493668363,False
GO:0048017,inositol lipid-mediated signaling (GO:0048017),51,0.46119808230233145,down,0.33747064517692527,0.6588985493668363,False
GO:0010575,positive regulation of vascular endothelial growth factor production (GO:0010575),24,0.4434618028327186,down,0.3374949084329101,0.6588985493668363,False
GO:0042326,negative regulation of phosphorylation (GO:0042326),84,0.46976513977037676,down,0.3376912964973624,0.6588985493668363,False
GO:0000054,ribosomal subunit export from nucleus (GO:0000054),13,0.5765411639634972,up,0.33917795648705507,0.6594064525655561,False
GO:0051570,regulation of histone H3-K9 methylation (GO:0051570),10,0.41285237334881697,down,0.33983757331503417,0.6598628358340557,False
GO:0062208,positive regulation of pattern recognition receptor signaling pathway (GO:0062208),13,0.4235593394469186,down,0.3398125323309613,0.6598628358340557,False
GO:0048675,axon extension (GO:0048675),23,0.557460451349604,up,0.3399511278943331,0.6598628358340557,False
GO:2000725,regulation of cardiac muscle cell differentiation (GO:2000725),11,0.4169534738864666,down,0.3401085800304716,0.6598628358340557,False
GO:0042177,negative regulation of protein catabolic process (GO:0042177),39,0.45594178020956266,down,0.34081118684582834,0.6602136678679622,False
GO:2001169,regulation of ATP biosynthetic process (GO:2001169),16,0.43124074450477656,down,0.3408390714477988,0.6602136678679622,False
GO:0032211,negative regulation of telomere maintenance via telomerase (GO:0032211),19,0.4369127168018781,down,0.3409402157957585,0.6602136678679622,False
GO:0010646,regulation of cell communication (GO:0010646),36,0.4541612997988837,down,0.3409856512927335,0.6602136678679622,False
GO:0071229,cellular response to acid chemical (GO:0071229),27,0.4472264177736468,down,0.34235169717189695,0.6611710730005117,False
GO:0042304,regulation of fatty acid biosynthetic process (GO:0042304),29,0.44903411014529915,down,0.34194300962970836,0.6611710730005117,False
GO:0034724,DNA replication-independent nucleosome organization (GO:0034724),10,0.41320365800551606,down,0.34178780640345396,0.6611710730005117,False
GO:0120162,positive regulation of cold-induced thermogenesis (GO:0120162),93,0.47153144289797494,down,0.34224740739764226,0.6611710730005117,False
GO:0035690,cellular response to drug (GO:0035690),25,0.5548730758059831,up,0.34208128366194324,0.6611710730005117,False
GO:1904376,negative regulation of protein localization to cell periphery (GO:1904376),19,0.5628717804500798,up,0.34259209060555873,0.6612986257846739,False
GO:0046683,response to organophosphorus (GO:0046683),15,0.429388308168796,down,0.34357640901478825,0.6618513557100517,False
GO:0010738,regulation of protein kinase A signaling (GO:0010738),20,0.5612051691592856,up,0.3431873496885366,0.6618513557100517,False
GO:0050779,RNA destabilization (GO:0050779),18,0.43551670844989077,down,0.3434177256015506,0.6618513557100517,False
GO:0030150,protein import into mitochondrial matrix (GO:0030150),17,0.5663528318581048,up,0.34341036823868065,0.6618513557100517,False
GO:0005980,glycogen catabolic process (GO:0005980),15,0.5705671699574139,up,0.3438807649646104,0.6621013916298311,False
GO:0001754,eye photoreceptor cell differentiation (GO:0001754),12,0.421244277985851,down,0.34472220509592877,0.6632935845761704,False
GO:0019228,neuronal action potential (GO:0019228),22,0.441851500806573,down,0.3449268262467927,0.6632935845761704,False
GO:0010592,positive regulation of lamellipodium assembly (GO:0010592),24,0.5556632588849196,up,0.34502458274948167,0.6632935845761704,False
GO:0007176,regulation of epidermal growth factor-activated receptor activity (GO:0007176),27,0.4475631376700274,down,0.3454403630933912,0.6637564828841098,False
GO:0090090,negative regulation of canonical Wnt signaling pathway (GO:0090090),162,0.4785744346198861,down,0.3459726932883773,0.6644427471609191,False
GO:0050870,positive regulation of T cell activation (GO:0050870),64,0.46599764473263355,down,0.3464970936685965,0.6651130952859243,False
GO:0032008,positive regulation of TOR signaling (GO:0032008),41,0.5423735660614583,up,0.3475713975186143,0.6665006626835714,False
GO:0006833,water transport (GO:0006833),16,0.43217536804204537,down,0.34744261486921113,0.6665006626835714,False
GO:0098916,anterograde trans-synaptic signaling (GO:0098916),228,0.5180015879532881,up,0.34800407825085544,0.666993162610154,False
GO:0022011,myelination in peripheral nervous system (GO:0022011),13,0.4248971515100079,down,0.348331855565468,0.6672842061413233,False
GO:0006182,cGMP biosynthetic process (GO:0006182),10,0.5854986209899841,up,0.34905432608756526,0.6679934706610167,False
GO:0042044,fluid transport (GO:0042044),16,0.432380440779349,down,0.3489023644996252,0.6679934706610167,False
GO:0071391,cellular response to estrogen stimulus (GO:0071391),14,0.5721897074500076,up,0.349546893266066,0.668261777297474,False
GO:1902186,regulation of viral release from host cell (GO:1902186),22,0.5575993431248565,up,0.3495020791569746,0.668261777297474,False
GO:1904380,endoplasmic reticulum mannose trimming (GO:1904380),19,0.4380635931797201,down,0.3498211047995118,0.6684490934531729,False
GO:0006836,neurotransmitter transport (GO:0006836),73,0.4683913930752233,down,0.3500365434312921,0.6685239724244163,False
GO:1904292,regulation of ERAD pathway (GO:1904292),11,0.4187244644798936,down,0.35050657900456883,0.6687482163804475,False
GO:0030177,positive regulation of Wnt signaling pathway (GO:0030177),152,0.521916718961208,up,0.35033400858270847,0.6687482163804475,False
GO:0044839,cell cycle G2/M phase transition (GO:0044839),128,0.5237973206222507,up,0.35190073710597014,0.6688536034495753,False
GO:0007250,activation of NF-kappaB-inducing kinase activity (GO:0007250),15,0.4306426635694928,down,0.35221714053798825,0.6688536034495753,False
GO:0015980,energy derivation by oxidation of organic compounds (GO:0015980),25,0.5538449027011327,up,0.35120259394495934,0.6688536034495753,False
GO:0009071,serine family amino acid catabolic process (GO:0009071),10,0.41508782116417475,down,0.3523700292229791,0.6688536034495753,False
GO:0003180,aortic valve morphogenesis (GO:0003180),32,0.547522731894373,up,0.35195872782146354,0.6688536034495753,False
GO:0045191,regulation of isotype switching (GO:0045191),13,0.4253728676526424,down,0.3513937021609428,0.6688536034495753,False
GO:0009167,purine ribonucleoside monophosphate metabolic process (GO:0009167),20,0.5602439378539277,up,0.35082023338409807,0.6688536034495753,False
GO:0006026,aminoglycan catabolic process (GO:0006026),29,0.5500118194548227,up,0.3510560134318519,0.6688536034495753,False
GO:0090201,negative regulation of release of cytochrome c from mitochondria (GO:0090201),16,0.5671422660355991,up,0.35231489404242333,0.6688536034495753,False
GO:0050658,RNA transport (GO:0050658),72,0.46834716445788777,down,0.35267788212474316,0.6688536034495753,False
GO:1902373,negative regulation of mRNA catabolic process (GO:1902373),29,0.549853058133688,up,0.35258726004614793,0.6688536034495753,False
GO:0006508,proteolysis (GO:0006508),268,0.48353464418044917,down,0.3523235520160083,0.6688536034495753,False
GO:0006206,pyrimidine nucleobase metabolic process (GO:0006206),12,0.5773596957291758,up,0.353341796726914,0.6693330498393213,False
GO:0034605,cellular response to heat (GO:0034605),35,0.45469909521042584,down,0.35346008405698937,0.6693330498393213,False
GO:0016226,iron-sulfur cluster assembly (GO:0016226),24,0.5547036101187883,up,0.3534054719768407,0.6693330498393213,False
GO:0019934,cGMP-mediated signaling (GO:0019934),13,0.5741134482496772,up,0.3547190069912225,0.6712165716002133,False
GO:0032212,positive regulation of telomere maintenance via telomerase (GO:0032212),32,0.5472422145077419,up,0.3548086543787049,0.6712165716002133,False
GO:0003009,skeletal muscle contraction (GO:0003009),19,0.43885835508739324,down,0.3560388980828869,0.6732081457768645,False
GO:0051053,negative regulation of DNA metabolic process (GO:0051053),25,0.5532657566076097,up,0.3564076440787095,0.6735696033834305,False
GO:0051444,negative regulation of ubiquitin-protein transferase activity (GO:0051444),15,0.5686546651180797,up,0.35711713840954173,0.6743437799703208,False
GO:0030705,cytoskeleton-dependent intracellular transport (GO:0030705),21,0.4419994634317687,down,0.3573506453309636,0.6743437799703208,False
GO:0090280,positive regulation of calcium ion import (GO:0090280),13,0.4262863319828653,down,0.35732066342133795,0.6743437799703208,False
GO:0010632,regulation of epithelial cell migration (GO:0010632),50,0.462411277430606,down,0.3575501655199994,0.674384772659054,False
GO:0031507,heterochromatin assembly (GO:0031507),21,0.44210594733333886,down,0.3582340504397201,0.6750033548523887,False
GO:0034109,homotypic cell-cell adhesion (GO:0034109),41,0.4585406960014855,down,0.3580728442354616,0.6750033548523887,False
GO:0002685,regulation of leukocyte migration (GO:0002685),17,0.43576691957926095,down,0.35904825193818724,0.6752295634105377,False
GO:1902410,mitotic cytokinetic process (GO:1902410),19,0.5608206833729695,up,0.358569561941531,0.6752295634105377,False
GO:0031098,stress-activated protein kinase signaling cascade (GO:0031098),27,0.4490262017565375,down,0.359066182282904,0.6752295634105377,False
GO:0042509,regulation of tyrosine phosphorylation of STAT protein (GO:0042509),61,0.4660682334032718,down,0.35903355270957704,0.6752295634105377,False
GO:0099172,presynapse organization (GO:0099172),10,0.4166874727826971,down,0.3615152891881136,0.6758957767306415,False
GO:0045684,positive regulation of epidermis development (GO:0045684),10,0.5833851066918275,up,0.36109715470425363,0.6758957767306415,False
GO:0010923,negative regulation of phosphatase activity (GO:0010923),25,0.5528521638106303,up,0.36015439358657597,0.6758957767306415,False
GO:1902115,regulation of organelle assembly (GO:1902115),72,0.5311319466661496,up,0.36065752535870865,0.6758957767306415,False
GO:0046513,ceramide biosynthetic process (GO:0046513),40,0.4583321226209502,down,0.361586443536297,0.6758957767306415,False
GO:0002091,negative regulation of receptor internalization (GO:0002091),12,0.4237242206931258,down,0.3601274500767957,0.6758957767306415,False
GO:0034614,cellular response to reactive oxygen species (GO:0034614),60,0.46591922275524544,down,0.36089185869354956,0.6758957767306415,False
GO:0000375,"RNA splicing, via transesterification reactions (GO:0000375)",25,0.4472977054893988,down,0.3615181456961082,0.6758957767306415,False
GO:0034121,regulation of toll-like receptor signaling pathway (GO:0034121),25,0.552658727853616,up,0.36191519181121345,0.6758957767306415,False
GO:0006268,DNA unwinding involved in DNA replication (GO:0006268),16,0.565964458898342,up,0.3608259503910516,0.6758957767306415,False
GO:0034330,cell junction organization (GO:0034330),71,0.46873054286631843,down,0.3618922189095487,0.6758957767306415,False
GO:0051403,stress-activated MAPK cascade (GO:0051403),61,0.466180719664219,down,0.3606288053453468,0.6758957767306415,False
GO:0032801,receptor catabolic process (GO:0032801),25,0.5528225384838803,up,0.36042371605836354,0.6758957767306415,False
GO:0071425,hematopoietic stem cell proliferation (GO:0071425),11,0.4204901764128335,down,0.3610720643674352,0.6758957767306415,False
GO:0032655,regulation of interleukin-12 production (GO:0032655),47,0.4617033025471563,down,0.3634265530711175,0.6767650070072623,False
GO:0051289,protein homotetramerization (GO:0051289),50,0.537176573172504,up,0.3628461619079083,0.6767650070072623,False
GO:1901970,positive regulation of mitotic sister chromatid separation (GO:1901970),12,0.5756007509992355,up,0.3643943977671229,0.6767650070072623,False
GO:0046599,regulation of centriole replication (GO:0046599),16,0.4343839832747757,down,0.36336838160384255,0.6767650070072623,False
GO:0048704,embryonic skeletal system morphogenesis (GO:0048704),31,0.4528732767086729,down,0.3636055481335705,0.6767650070072623,False
GO:1903800,positive regulation of production of miRNAs involved in gene silencing by miRNA (GO:1903800),10,0.4170968210190158,down,0.3638792477074406,0.6767650070072623,False
GO:0046655,folic acid metabolic process (GO:0046655),18,0.5617165645478216,up,0.3645217266849029,0.6767650070072623,False
GO:0048485,sympathetic nervous system development (GO:0048485),16,0.4343676500479108,down,0.36324895532262735,0.6767650070072623,False
GO:0045842,positive regulation of mitotic metaphase/anaphase transition (GO:0045842),12,0.5756007509992355,up,0.3643943977671229,0.6767650070072623,False
GO:0006323,DNA packaging (GO:0006323),14,0.4299070460041396,down,0.3637211085286641,0.6767650070072623,False
GO:1902101,positive regulation of metaphase/anaphase transition of cell cycle (GO:1902101),12,0.5756007509992355,up,0.3643943977671229,0.6767650070072623,False
GO:0034587,piRNA metabolic process (GO:0034587),18,0.4381527620485718,down,0.3635071011611761,0.6767650070072623,False
GO:0034656,nucleobase-containing small molecule catabolic process (GO:0034656),15,0.5675512969415408,up,0.3648975176160112,0.6771312545584787,False
GO:0016051,carbohydrate biosynthetic process (GO:0016051),21,0.5569232513822163,up,0.3663511989226401,0.6794963802022367,False
GO:0021955,central nervous system neuron axonogenesis (GO:0021955),13,0.4277313476837314,down,0.36682427207006896,0.6800412824837593,False
GO:1900101,regulation of endoplasmic reticulum unfolded protein response (GO:1900101),10,0.41766003774132676,down,0.3671475462605083,0.6803080815662471,False
GO:0070633,transepithelial transport (GO:0070633),15,0.567173828881146,up,0.36758335451912616,0.6805785706423425,False
GO:0032682,negative regulation of chemokine production (GO:0032682),15,0.4328358497870693,down,0.3676523836662694,0.6805785706423425,False
GO:0090103,cochlea morphogenesis (GO:0090103),11,0.5782878136843994,up,0.36849991275449734,0.6814673249203747,False
GO:0031112,positive regulation of microtubule polymerization or depolymerization (GO:0031112),26,0.4491238379094547,down,0.36903081607868427,0.6814673249203747,False
GO:0006376,mRNA splice site selection (GO:0006376),30,0.5473696441539578,up,0.3689924150769289,0.6814673249203747,False
GO:0030278,regulation of ossification (GO:0030278),35,0.45614343820038183,down,0.36901816662347575,0.6814673249203747,False
GO:0045540,regulation of cholesterol biosynthetic process (GO:0045540),17,0.5629246762297462,up,0.3689205000280824,0.6814673249203747,False
GO:0072711,cellular response to hydroxyurea (GO:0072711),10,0.41813906227318914,down,0.3699416337692707,0.6827353785594293,False
GO:0061014,positive regulation of mRNA catabolic process (GO:0061014),44,0.5390335014437773,up,0.3700774949428386,0.6827353785594293,False
GO:0032386,regulation of intracellular transport (GO:0032386),38,0.4580233452562458,down,0.37032723856108607,0.6828639843763732,False
GO:1901292,nucleoside phosphate catabolic process (GO:1901292),14,0.5690767233405368,up,0.3707184405790218,0.6832531803285858,False
GO:0045661,regulation of myoblast differentiation (GO:0045661),34,0.5443026401461488,up,0.3711045256371489,0.683632571996943,False
GO:0032740,positive regulation of interleukin-17 production (GO:0032740),22,0.4451490773914031,down,0.3729753704183,0.6867454271828212,False
GO:0071712,ER-associated misfolded protein catabolic process (GO:0071712),11,0.4224723134257451,down,0.373167879308286,0.686766504714376,False
GO:0090109,regulation of cell-substrate junction assembly (GO:0090109),21,0.4439217052912819,down,0.37350872660683276,0.687060426779688,False
GO:0045806,negative regulation of endocytosis (GO:0045806),24,0.44768401537374264,down,0.3748100927753045,0.6873803342179323,False
GO:0002011,morphogenesis of an epithelial sheet (GO:0002011),10,0.5811235302656409,up,0.37426857989898654,0.6873803342179323,False
GO:0045821,positive regulation of glycolytic process (GO:0045821),20,0.557289095397125,up,0.3749512026092544,0.6873803342179323,False
GO:0060428,lung epithelium development (GO:0060428),10,0.41887066337639717,down,0.37423438765910766,0.6873803342179323,False
GO:0002285,lymphocyte activation involved in immune response (GO:0002285),12,0.4260190749934675,down,0.37476176471295275,0.6873803342179323,False
GO:1900544,positive regulation of purine nucleotide metabolic process (GO:1900544),20,0.557289095397125,up,0.3749512026092544,0.6873803342179323,False
GO:2000273,positive regulation of signaling receptor activity (GO:2000273),37,0.4577876441145661,down,0.37401879738268295,0.6873803342179323,False
GO:0097553,calcium ion transmembrane import into cytosol (GO:0097553),41,0.46002335975007336,down,0.37552246449993665,0.6874308435561098,False
GO:1903844,regulation of cellular response to transforming growth factor beta stimulus (GO:1903844),23,0.4466105846937126,down,0.3752661576812961,0.6874308435561098,False
GO:1903115,regulation of actin filament-based movement (GO:1903115),10,0.580923210915953,up,0.37544939513290854,0.6874308435561098,False
GO:0007286,spermatid development (GO:0007286),35,0.5432236241387898,up,0.3759682020876498,0.687765729994303,False
GO:0006515,protein quality control for misfolded or incompletely synthesized proteins (GO:0006515),25,0.5511054313099042,up,0.37624937773218525,0.687765729994303,False
GO:0007218,neuropeptide signaling pathway (GO:0007218),59,0.533291711097664,up,0.3761260182001427,0.687765729994303,False
GO:0034728,nucleosome organization (GO:0034728),66,0.4685609034601445,down,0.37674594848804877,0.6883417064620275,False
GO:0006359,regulation of transcription by RNA polymerase III (GO:0006359),18,0.43989668734855597,down,0.3771933955548412,0.6888274190368381,False
GO:0035194,post-transcriptional gene silencing by RNA (GO:0035194),20,0.443043415129955,down,0.3777294648420416,0.6889461897229118,False
GO:0006486,protein glycosylation (GO:0006486),124,0.4770947868990783,down,0.37780334158282536,0.6889461897229118,False
GO:2000679,positive regulation of transcription regulatory region DNA binding (GO:2000679),20,0.4430419631189197,down,0.37771730518375524,0.6889461897229118,False
GO:1905145,cellular response to acetylcholine (GO:1905145),10,0.4197271011757875,down,0.37929860238124113,0.6904306875313894,False
GO:0002726,positive regulation of T cell cytokine production (GO:0002726),20,0.4431726441120952,down,0.3788126402817834,0.6904306875313894,False
GO:0035872,"nucleotide-binding domain, leucine rich repeat containing receptor signaling pathway (GO:0035872)",24,0.55182103337109,up,0.37934551880184963,0.6904306875313894,False
GO:0001817,regulation of cytokine production (GO:0001817),129,0.47760031833396793,down,0.37905503567062016,0.6904306875313894,False
GO:0009070,serine family amino acid biosynthetic process (GO:0009070),12,0.5731571001364574,up,0.38010374006787573,0.6914788902050133,False
GO:0008361,regulation of cell size (GO:0008361),23,0.44717754970098594,down,0.3803582530224371,0.6916101887411812,False
GO:1904953,Wnt signaling pathway involved in midbrain dopaminergic neuron differentiation (GO:1904953),10,0.42008419219044857,down,0.3814225164914399,0.6922635276889937,False
GO:0051873,killing by host of symbiont cells (GO:0051873),10,0.42011903033822035,down,0.3816301176898723,0.6922635276889937,False
GO:0045687,positive regulation of glial cell differentiation (GO:0045687),17,0.43866898057207665,down,0.3811707195832358,0.6922635276889937,False
GO:0016570,histone modification (GO:0016570),109,0.4757534897163619,down,0.38130160841430094,0.6922635276889937,False
GO:0022604,regulation of cell morphogenesis (GO:0022604),31,0.45460687592302446,down,0.38152205669471617,0.6922635276889937,False
GO:0010921,regulation of phosphatase activity (GO:0010921),25,0.4495120534417659,down,0.3820436845746258,0.6926824548716805,False
GO:0051247,positive regulation of protein metabolic process (GO:0051247),104,0.47523333773734056,down,0.3823394035217901,0.6928874140268274,False
GO:0010721,negative regulation of cell development (GO:0010721),24,0.4485686348542496,down,0.3829398407019833,0.6936441336115676,False
GO:0030258,lipid modification (GO:0030258),37,0.5413729145497407,up,0.383594528665832,0.693835978650215,False
GO:0001947,heart looping (GO:0001947),42,0.4611373332060282,down,0.3832561283044764,0.693835978650215,False
GO:0010466,negative regulation of peptidase activity (GO:0010466),52,0.5349119821840224,up,0.3835231368428903,0.693835978650215,False
GO:0120178,steroid hormone biosynthetic process (GO:0120178),29,0.4533411996145656,down,0.38428925864199004,0.6940995990614611,False
GO:0055091,phospholipid homeostasis (GO:0055091),11,0.4242538613401463,down,0.38425107665869473,0.6940995990614611,False
GO:0001916,positive regulation of T cell mediated cytotoxicity (GO:0001916),14,0.5671396632750833,up,0.38428580241709953,0.6940995990614611,False
GO:0060766,negative regulation of androgen receptor signaling pathway (GO:0060766),14,0.43297647737123945,down,0.38510880234976497,0.6949180244113504,False
GO:0042417,dopamine metabolic process (GO:0042417),17,0.5608459191795656,up,0.3849486373007014,0.6949180244113504,False
GO:1903861,positive regulation of dendrite extension (GO:1903861),17,0.4393265988665052,down,0.3862976919670781,0.6967318809468033,False
GO:0090343,positive regulation of cell aging (GO:0090343),11,0.424929529882497,down,0.3885066215912433,0.6995508709988624,False
GO:0043525,positive regulation of neuron apoptotic process (GO:0043525),24,0.4491870213857667,down,0.3886865342628797,0.6995508709988624,False
GO:0001843,neural tube closure (GO:0001843),34,0.45729265820967707,down,0.38857788151446404,0.6995508709988624,False
GO:0010635,regulation of mitochondrial fusion (GO:0010635),11,0.5750651914570158,up,0.38853998062510864,0.6995508709988624,False
GO:0006397,mRNA processing (GO:0006397),288,0.48528383259675517,down,0.3889672520265227,0.6995508709988624,False
GO:1903531,negative regulation of secretion by cell (GO:1903531),36,0.5414790280562093,up,0.38887788290590397,0.6995508709988624,False
GO:0045332,phospholipid translocation (GO:0045332),27,0.4521782442370336,down,0.38955084019977637,0.7001393737695913,False
GO:0071333,cellular response to glucose stimulus (GO:0071333),31,0.4553780933032468,down,0.3896636483067776,0.7001393737695913,False
GO:0031929,TOR signaling (GO:0031929),26,0.45131787379601723,down,0.3900365643146153,0.7004775986957082,False
GO:0031347,regulation of defense response (GO:0031347),77,0.47172685944574944,down,0.3906439659823624,0.7012364235547092,False
GO:0042886,amide transport (GO:0042886),27,0.5475915383258244,up,0.39183740576403703,0.7027136075947955,False
GO:0031648,protein destabilization (GO:0031648),30,0.4548341805858146,down,0.39168450618587225,0.7027136075947955,False
GO:0051604,protein maturation (GO:0051604),95,0.47463681759696097,down,0.3924621748305238,0.7035014315369456,False
GO:0043270,positive regulation of ion transport (GO:0043270),48,0.46437558733203516,down,0.3928996864776665,0.7036206377761043,False
GO:0001656,metanephros development (GO:0001656),26,0.45160385810709663,down,0.39282715350820674,0.7036206377761043,False
GO:0030593,neutrophil chemotaxis (GO:0030593),53,0.46619547130322614,down,0.3943014227319943,0.7057358147802162,False
GO:0035455,response to interferon-alpha (GO:0035455),16,0.5614728215104968,up,0.39445292046771907,0.7057358147802162,False
GO:1905037,autophagosome organization (GO:1905037),50,0.46525156227292547,down,0.39503479540378517,0.7064436487348218,False
GO:2000279,negative regulation of DNA biosynthetic process (GO:2000279),30,0.45523408375695956,down,0.39589115010568643,0.7076414384311351,False
GO:0060485,mesenchyme development (GO:0060485),16,0.43896999041784024,down,0.39786772670994375,0.7094346336468236,False
GO:0038084,vascular endothelial growth factor signaling pathway (GO:0038084),14,0.43471858706607985,down,0.3975827115782121,0.7094346336468236,False
GO:0032774,RNA biosynthetic process (GO:0032774),31,0.4561427511188743,down,0.3978394552124431,0.7094346336468236,False
GO:0051791,medium-chain fatty acid metabolic process (GO:0051791),10,0.4228538249383074,down,0.39814249731094953,0.7094346336468236,False
GO:0006940,regulation of smooth muscle contraction (GO:0006940),20,0.4455176419340787,down,0.39879868590581913,0.7094346336468236,False
GO:0030214,hyaluronan catabolic process (GO:0030214),18,0.4425908180155066,down,0.3989517726255404,0.7094346336468236,False
GO:0006865,amino acid transport (GO:0006865),49,0.4651389707775222,down,0.39827032824187736,0.7094346336468236,False
GO:0030889,negative regulation of B cell proliferation (GO:0030889),11,0.42640755481888915,down,0.39791516293026197,0.7094346336468236,False
GO:0061952,midbody abscission (GO:0061952),16,0.5610735648537994,up,0.39753105619892515,0.7094346336468236,False
GO:0043618,regulation of transcription from RNA polymerase II promoter in response to stress (GO:0043618),86,0.5263210424212733,up,0.39839923160245305,0.7094346336468236,False
GO:0061136,regulation of proteasomal protein catabolic process (GO:0061136),53,0.533493006659332,up,0.39867357666231173,0.7094346336468236,False
GO:1902749,regulation of cell cycle G2/M phase transition (GO:1902749),81,0.5270474310543355,up,0.399650299840254,0.7098464432712569,False
GO:0051017,actin filament bundle assembly (GO:0051017),33,0.4577921449108481,down,0.40118735954801077,0.7098464432712569,False
GO:0035025,positive regulation of Rho protein signal transduction (GO:0035025),30,0.4557918179617526,down,0.4018034046146556,0.7098464432712569,False
GO:2000758,positive regulation of peptidyl-lysine acetylation (GO:2000758),19,0.44439417745199333,down,0.4012592702743879,0.7098464432712569,False
GO:0060037,pharyngeal system development (GO:0060037),16,0.5606634193791922,up,0.4007081742258364,0.7098464432712569,False
GO:0042167,heme catabolic process (GO:0042167),13,0.5671530287261081,up,0.40171806085736383,0.7098464432712569,False
GO:1903541,regulation of exosomal secretion (GO:1903541),18,0.5571413821696948,up,0.40115510791230147,0.7098464432712569,False
GO:1904950,negative regulation of establishment of protein localization (GO:1904950),10,0.4232805922485121,down,0.40075755403358737,0.7098464432712569,False
GO:0006787,porphyrin-containing compound catabolic process (GO:0006787),13,0.5671530287261081,up,0.40171806085736383,0.7098464432712569,False
GO:0034599,cellular response to oxidative stress (GO:0034599),117,0.522523450882703,up,0.39950673325676034,0.7098464432712569,False
GO:0045445,myoblast differentiation (GO:0045445),15,0.4373886953155246,down,0.4010144435619507,0.7098464432712569,False
GO:0051169,nuclear transport (GO:0051169),16,0.5607850111791863,up,0.39976469812727145,0.7098464432712569,False
GO:0071384,cellular response to corticosteroid stimulus (GO:0071384),15,0.5625977545489741,up,0.40111637360024777,0.7098464432712569,False
GO:0010557,positive regulation of macromolecule biosynthetic process (GO:0010557),122,0.5220105590711608,up,0.4005358619348336,0.7098464432712569,False
GO:1990253,cellular response to leucine starvation (GO:1990253),10,0.5764813470750472,up,0.40222076569640486,0.7102529628894151,False
GO:0071353,cellular response to interleukin-4 (GO:0071353),10,0.4236492959790971,down,0.40302510751647447,0.711342127878077,False
GO:0045669,positive regulation of osteoblast differentiation (GO:0045669),42,0.5371869434723588,up,0.4041029067612366,0.7115888232801162,False
GO:0000154,rRNA modification (GO:0000154),21,0.4473554653899662,down,0.40347656462139847,0.7115888232801162,False
GO:0050810,regulation of steroid biosynthetic process (GO:0050810),15,0.4377642276422764,down,0.40384511721867433,0.7115888232801162,False
GO:0002724,regulation of T cell cytokine production (GO:0002724),15,0.5622202864885791,up,0.40396210225079754,0.7115888232801162,False
GO:0045786,negative regulation of cell cycle (GO:0045786),72,0.4715581343493393,down,0.4036474522843658,0.7115888232801162,False
GO:0070198,"protein localization to chromosome, telomeric region (GO:0070198)",14,0.5642485907576933,up,0.4050916341259595,0.7129988715729765,False
GO:1902894,negative regulation of pri-miRNA transcription by RNA polymerase II (GO:1902894),13,0.43343770798622433,down,0.4058719515229896,0.7137099268088547,False
GO:0001504,neurotransmitter uptake (GO:0001504),12,0.4307140299431912,down,0.40582656052098376,0.7137099268088547,False
GO:0030833,regulation of actin filament polymerization (GO:0030833),71,0.4715483454472765,down,0.4067635982103044,0.71494639852256,False
GO:0019752,carboxylic acid metabolic process (GO:0019752),34,0.4589828029058868,down,0.40762670065982254,0.7161315773981968,False
GO:0032527,protein exit from endoplasmic reticulum (GO:0032527),23,0.4501942076127364,down,0.4081592116793843,0.7165990248136312,False
GO:0032816,positive regulation of natural killer cell activation (GO:0032816),13,0.5662228138274825,up,0.4082706281629995,0.7165990248136312,False
GO:0034654,nucleobase-containing compound biosynthetic process (GO:0034654),19,0.5547376980027022,up,0.40865108077120016,0.7169350367091407,False
GO:0071622,regulation of granulocyte chemotaxis (GO:0071622),19,0.5546658637533548,up,0.40926633748743724,0.7176824864030742,False
GO:0045005,DNA-dependent DNA replication maintenance of fidelity (GO:0045005),39,0.5381180786515515,up,0.40986377752140657,0.7180652840695597,False
GO:0045143,homologous chromosome segregation (GO:0045143),19,0.5545741604563156,up,0.41005257192055533,0.7180652840695597,False
GO:0046426,negative regulation of receptor signaling pathway via JAK-STAT (GO:0046426),16,0.44051801736403495,down,0.4099448386446183,0.7180652840695597,False
GO:0021952,central nervous system projection neuron axonogenesis (GO:0021952),12,0.5685431969727763,up,0.4108784286729644,0.7187654335289155,False
GO:0033683,"nucleotide-excision repair, DNA incision (GO:0033683)",39,0.5380085589290611,up,0.4112103851193637,0.7187654335289155,False
GO:2001244,positive regulation of intrinsic apoptotic signaling pathway (GO:2001244),37,0.5390242063784977,up,0.41117404272550495,0.7187654335289155,False
GO:0061045,negative regulation of wound healing (GO:0061045),27,0.5457013886199433,up,0.4109169299139416,0.7187654335289155,False
GO:0034113,heterotypic cell-cell adhesion (GO:0034113),27,0.5455497032992095,up,0.41247161784713904,0.7206378841520951,False
GO:0030201,heparan sulfate proteoglycan metabolic process (GO:0030201),21,0.44840785823535434,down,0.41294191512569245,0.7210828335377534,False
GO:0140238,presynaptic endocytosis (GO:0140238),24,0.4517634302421268,down,0.41318902372370925,0.7210828335377534,False
GO:0045039,protein insertion into mitochondrial inner membrane (GO:0045039),10,0.4253041079982581,down,0.4132966201189232,0.7210828335377534,False
GO:0036297,interstrand cross-link repair (GO:0036297),54,0.5321383852967237,up,0.41367144475809914,0.721404960904584,False
GO:1901222,regulation of NIK/NF-kappaB signaling (GO:1901222),77,0.47309514617095044,down,0.41398277917997206,0.7216161219805303,False
GO:0007005,mitochondrion organization (GO:0007005),166,0.5182875044756002,up,0.41551861592798667,0.7235752236067945,False
GO:0015813,L-glutamate transmembrane transport (GO:0015813),10,0.5743271882711569,up,0.41560612686499265,0.7235752236067945,False
GO:1903725,regulation of phospholipid metabolic process (GO:1903725),10,0.425684424444767,down,0.4156789908355405,0.7235752236067945,False
GO:0035584,calcium-mediated signaling using intracellular calcium source (GO:0035584),20,0.4475969217366052,down,0.4170404663409759,0.7256121508400557,False
GO:0043551,regulation of phosphatidylinositol 3-kinase activity (GO:0043551),34,0.45987145330227613,down,0.41786167075457137,0.7260418310453912,False
GO:0010464,regulation of mesenchymal cell proliferation (GO:0010464),11,0.42941903062678816,down,0.41750505070958077,0.7260418310453912,False
GO:0010560,positive regulation of glycoprotein biosynthetic process (GO:0010560),12,0.4324608773916325,down,0.4177665417066172,0.7260418310453912,False
GO:0030949,positive regulation of vascular endothelial growth factor receptor signaling pathway (GO:0030949),10,0.4261169981129337,down,0.41839854445432634,0.7266417944666941,False
GO:0030212,hyaluronan metabolic process (GO:0030212),23,0.45141905406497496,down,0.41978415856506723,0.7287145599255377,False
GO:0009247,glycolipid biosynthetic process (GO:0009247),39,0.5372739572530367,up,0.4203104071330921,0.7292943157620395,False
GO:0045655,regulation of monocyte differentiation (GO:0045655),14,0.43788341967837335,down,0.42085760027376884,0.7295762695787957,False
GO:1901381,positive regulation of potassium ion transmembrane transport (GO:1901381),44,0.46493325337299646,down,0.42068197295832654,0.7295762695787957,False
GO:0031293,membrane protein intracellular domain proteolysis (GO:0031293),21,0.5506254892036387,up,0.42175094607685126,0.7307495963402912,False
GO:0060401,cytosolic calcium ion transport (GO:0060401),28,0.45618679690774266,down,0.42211240853719434,0.7307495963402912,False
GO:1901841,regulation of high voltage-gated calcium channel activity (GO:1901841),10,0.5733139788067935,up,0.4219918493663348,0.7307495963402912,False
GO:0051983,regulation of chromosome segregation (GO:0051983),17,0.44389491088845084,down,0.4230624584163697,0.731392846295939,False
GO:0051280,negative regulation of release of sequestered calcium ion into cytosol (GO:0051280),11,0.569762776997709,up,0.4229240531621109,0.731392846295939,False
GO:0060315,negative regulation of ryanodine-sensitive calcium-release channel activity (GO:0060315),11,0.569762776997709,up,0.4229240531621109,0.731392846295939,False
GO:0046839,phospholipid dephosphorylation (GO:0046839),37,0.5379970882614848,up,0.42359577798928016,0.7319812236507242,False
GO:0002407,dendritic cell chemotaxis (GO:0002407),15,0.5595451025938831,up,0.42447425276578843,0.7322294712013006,False
GO:0070207,protein homotrimerization (GO:0070207),14,0.4383707956049061,down,0.4245116285714895,0.7322294712013006,False
GO:0043011,myeloid dendritic cell differentiation (GO:0043011),10,0.5729612425606039,up,0.4242283861734676,0.7322294712013006,False
GO:0070206,protein trimerization (GO:0070206),14,0.4383707956049061,down,0.4245116285714895,0.7322294712013006,False
GO:0042573,retinoic acid metabolic process (GO:0042573),14,0.5615327661798438,up,0.42523685113705456,0.7328867402364652,False
GO:0010332,response to gamma radiation (GO:0010332),23,0.45199106998545335,down,0.42527912345385177,0.7328867402364652,False
GO:0043604,amide biosynthetic process (GO:0043604),48,0.46682361147440926,down,0.4262298020978359,0.7341914801803322,False
GO:0032232,negative regulation of actin filament bundle assembly (GO:0032232),27,0.4558337528884758,down,0.426811433607194,0.7341930919147786,False
GO:0010896,regulation of triglyceride catabolic process (GO:0010896),12,0.43375286705571525,down,0.42672915623143826,0.7341930919147786,False
GO:0016569,covalent chromatin modification (GO:0016569),14,0.5613409267194001,up,0.4266816474651627,0.7341930919147786,False
GO:0006998,nuclear envelope organization (GO:0006998),20,0.4487316683606795,down,0.4271998810923118,0.7343243438553317,False
GO:0034375,high-density lipoprotein particle remodeling (GO:0034375),17,0.44440307047960015,down,0.4272749345870597,0.7343243438553317,False
GO:0032495,response to muramyl dipeptide (GO:0032495),12,0.4340456212679887,down,0.42877547911895286,0.7362360309181476,False
GO:0000466,"maturation of 5.8S rRNA from tricistronic rRNA transcript (SSU-rRNA, 5.8S rRNA, LSU-rRNA) (GO:0000466)",22,0.45127559978139364,down,0.4287089201732295,0.7362360309181476,False
GO:0032728,positive regulation of interferon-beta production (GO:0032728),33,0.4602667779415208,down,0.429362939014981,0.7365778506032669,False
GO:0099504,synaptic vesicle cycle (GO:0099504),30,0.458320987654321,down,0.42927158087848927,0.7365778506032669,False
GO:0048821,erythrocyte development (GO:0048821),10,0.4279460008709537,down,0.43001253344229085,0.737025548733217,False
GO:0006750,glutathione biosynthetic process (GO:0006750),11,0.5687149628910168,up,0.42992367635449513,0.737025548733217,False
GO:0046903,secretion (GO:0046903),14,0.4391879280093908,down,0.43067938796048666,0.7378351032222791,False
GO:0034123,positive regulation of toll-like receptor signaling pathway (GO:0034123),27,0.5437499193163188,up,0.43118298541681455,0.7380479578831012,False
GO:0061912,selective autophagy (GO:0061912),57,0.46987686962624303,down,0.4311927958526107,0.7380479578831012,False
GO:0009855,determination of bilateral symmetry (GO:0009855),26,0.4554557092969478,down,0.4315799232930376,0.7383773789131672,False
GO:0007019,microtubule depolymerization (GO:0007019),17,0.5550272783484728,up,0.43202608228207573,0.7384745065776986,False
GO:0046164,alcohol catabolic process (GO:0046164),11,0.4315806420962617,down,0.43191048177452196,0.7384745065776986,False
GO:0019372,lipoxygenase pathway (GO:0019372),14,0.43944509658339104,down,0.4326312147375183,0.738510439918725,False
GO:1901163,regulation of trophoblast cell migration (GO:1901163),14,0.4394285050624878,down,0.43250513611193897,0.738510439918725,False
GO:0010883,regulation of lipid storage (GO:0010883),22,0.4516584249253491,down,0.4323452260759101,0.738510439918725,False
GO:0071407,cellular response to organic cyclic compound (GO:0071407),146,0.4812391971913596,down,0.43328186272227576,0.7389559826014352,False
GO:0043949,regulation of cAMP-mediated signaling (GO:0043949),25,0.45473714783618935,down,0.4332338945430334,0.7389559826014352,False
GO:2000026,regulation of multicellular organismal development (GO:2000026),25,0.45485216381063026,down,0.43440359638665804,0.7398710557227633,False
GO:1903169,regulation of calcium ion transmembrane transport (GO:1903169),23,0.4528951834491676,down,0.43404944884033303,0.7398710557227633,False
GO:0007032,endosome organization (GO:0007032),40,0.5357053610344327,up,0.434336911461764,0.7398710557227633,False
GO:0065002,intracellular protein transmembrane transport (GO:0065002),41,0.4647867359710384,down,0.4350471859061651,0.7403819095811794,False
GO:0071404,cellular response to low-density lipoprotein particle stimulus (GO:0071404),13,0.5625041876421006,up,0.4350939299911545,0.7403819095811794,False
GO:0090218,positive regulation of lipid kinase activity (GO:0090218),29,0.45820720906612283,down,0.4358114475995899,0.7412703232041455,False
GO:0046320,regulation of fatty acid oxidation (GO:0046320),16,0.5561863004152269,up,0.4363711608575559,0.7418896517851679,False
GO:0032695,negative regulation of interleukin-12 production (GO:0032695),13,0.5621379085463634,up,0.43778991114410737,0.743968249538351,False
GO:0071168,protein localization to chromatin (GO:0071168),20,0.5500580804414114,up,0.4381925757658378,0.7439858728199744,False
GO:2001044,regulation of integrin-mediated signaling pathway (GO:2001044),14,0.44015645804211756,down,0.43805681472198255,0.7439858728199744,False
GO:0050807,regulation of synapse organization (GO:0050807),26,0.5437768249932414,up,0.4395578277298924,0.7442620094698764,False
GO:0070301,cellular response to hydrogen peroxide (GO:0070301),34,0.46167396100533703,down,0.4390808805390626,0.7442620094698764,False
GO:0032467,positive regulation of cytokinesis (GO:0032467),32,0.4605242134619295,down,0.4394129327133893,0.7442620094698764,False
GO:0061548,ganglion development (GO:0061548),12,0.5644954465832438,up,0.43905799100468823,0.7442620094698764,False
GO:0060348,bone development (GO:0060348),38,0.53625656231697,up,0.43905974920025836,0.7442620094698764,False
GO:0033344,cholesterol efflux (GO:0033344),23,0.5465050206077259,up,0.4399249736966683,0.7442620094698764,False
GO:0003215,cardiac right ventricle morphogenesis (GO:0003215),13,0.5618631992245604,up,0.4398181884579607,0.7442620094698764,False
GO:0048260,positive regulation of receptor-mediated endocytosis (GO:0048260),41,0.5348588988882856,up,0.4396830022351297,0.7442620094698764,False
GO:0014902,myotube differentiation (GO:0014902),19,0.44889986611318633,down,0.4404937623669105,0.7448920377430636,False
GO:0006349,regulation of gene expression by genetic imprinting (GO:0006349),10,0.42960661924807664,down,0.44071763383414486,0.7449384960485346,False
GO:0030001,metal ion transport (GO:0030001),87,0.4761362481003446,down,0.44125786715419524,0.7455194165326782,False
GO:0030279,negative regulation of ossification (GO:0030279),23,0.4536742868110554,down,0.44169026712417336,0.745585751313747,False
GO:0099054,presynapse assembly (GO:0099054),16,0.4444543250384738,down,0.4416196420302666,0.745585751313747,False
GO:0045176,apical protein localization (GO:0045176),10,0.5701988677601975,up,0.44198147131033727,0.745745427348803,False
GO:0034103,regulation of tissue remodeling (GO:0034103),20,0.4503862349353855,down,0.4422687460336555,0.7458983342399536,False
GO:0034204,lipid translocation (GO:0034204),20,0.4504515754319733,down,0.44287000729205295,0.7465804167372252,False
GO:0035456,response to interferon-beta (GO:0035456),22,0.5471482166948726,up,0.44379442652345746,0.7468111179252326,False
GO:0033875,ribonucleoside bisphosphate metabolic process (GO:0033875),28,0.4581868881982165,down,0.44360789191717687,0.7468111179252326,False
GO:0034032,purine nucleoside bisphosphate metabolic process (GO:0034032),28,0.4581868881982165,down,0.44360789191717687,0.7468111179252326,False
GO:0051851,modulation by host of symbiont process (GO:0051851),31,0.46026215768443623,down,0.44363416448964854,0.7468111179252326,False
GO:0032897,negative regulation of viral transcription (GO:0032897),14,0.44101506924886036,down,0.4446573246469402,0.7479313669116825,False
GO:0009889,regulation of biosynthetic process (GO:0009889),11,0.5664108275883911,up,0.44555024962653667,0.7491011067524174,False
GO:0002861,regulation of inflammatory response to antigenic stimulus (GO:0002861),128,0.4805214372068634,down,0.44608036525726125,0.749660091014972,False
GO:0060122,inner ear receptor cell stereocilium organization (GO:0060122),10,0.5694933952678183,up,0.4465826065857368,0.7498396754226205,False
GO:0046135,pyrimidine nucleoside catabolic process (GO:0046135),10,0.4304804761213529,down,0.4464117094892889,0.7498396754226205,False
GO:1904030,negative regulation of cyclin-dependent protein kinase activity (GO:1904030),22,0.4531620036804017,down,0.4467988235310961,0.7498707688732069,False
GO:0030277,maintenance of gastrointestinal epithelium (GO:0030277),11,0.5661627305454968,up,0.44725192407736236,0.7499675278627035,False
GO:0071577,zinc ion transmembrane transport (GO:0071577),22,0.4531910455878742,down,0.44708067741251123,0.7499675278627035,False
GO:0098911,regulation of ventricular cardiac muscle cell action potential (GO:0098911),12,0.4369344520899264,down,0.449271939100626,0.7523569381936752,False
GO:0070509,calcium ion import (GO:0070509),28,0.45869106058782766,down,0.4491234159214864,0.7523569381936752,False
GO:0120035,regulation of plasma membrane bounded cell projection organization (GO:0120035),27,0.45792077077658583,down,0.4489847293982997,0.7523569381936752,False
GO:0032435,negative regulation of proteasomal ubiquitin-dependent protein catabolic process (GO:0032435),29,0.5404525849548356,up,0.4506718962217241,0.7537030433725748,False
GO:0009166,nucleotide catabolic process (GO:0009166),16,0.5544567931705334,up,0.4506229924262327,0.7537030433725748,False
GO:0002460,adaptive immune response based on somatic recombination of immune receptors built from immunoglobulin superfamily domains (GO:0002460),16,0.44553776242051163,down,0.4505777186366946,0.7537030433725748,False
GO:0008211,glucocorticoid metabolic process (GO:0008211),10,0.5685048628247932,up,0.4530755076067148,0.7547532920184608,False
GO:0030497,fatty acid elongation (GO:0030497),13,0.439845358752507,down,0.4525535304777918,0.7547532920184608,False
GO:1902230,negative regulation of intrinsic apoptotic signaling pathway in response to DNA damage (GO:1902230),25,0.5434249201277955,up,0.45214254433285983,0.7547532920184608,False
GO:0007204,positive regulation of cytosolic calcium ion concentration (GO:0007204),142,0.4817249898716168,down,0.451562460292958,0.7547532920184608,False
GO:0048710,regulation of astrocyte differentiation (GO:0048710),12,0.5625356869804218,up,0.45309075821936073,0.7547532920184608,False
GO:0007271,"synaptic transmission, cholinergic (GO:0007271)",18,0.5511788031606831,up,0.45207959726381386,0.7547532920184608,False
GO:0043297,apical junction assembly (GO:0043297),58,0.471509143239236,down,0.45265861151749864,0.7547532920184608,False
GO:0050435,amyloid-beta metabolic process (GO:0050435),16,0.5542317576003949,up,0.4524965614433506,0.7547532920184608,False
GO:1904427,positive regulation of calcium ion transmembrane transport (GO:1904427),25,0.5433714783618937,up,0.4526992436339563,0.7547532920184608,False
GO:2000112,regulation of cellular macromolecule biosynthetic process (GO:2000112),360,0.4885316761988561,down,0.4533670457543906,0.7548820037517135,False
GO:0033700,phospholipid efflux (GO:0033700),12,0.4375586718152697,down,0.45377273902518134,0.7552259759203654,False
GO:0007076,mitotic chromosome condensation (GO:0007076),26,0.4576128800184102,down,0.45421733178082635,0.7553030861221719,False
GO:0070542,response to fatty acid (GO:0070542),18,0.5509464948876047,up,0.4541349500027675,0.7553030861221719,False
GO:2000116,regulation of cysteine-type endopeptidase activity (GO:2000116),22,0.45397649717633454,down,0.45474179878938625,0.755843839968511,False
GO:0046486,glycerolipid metabolic process (GO:0046486),11,0.43500649275239917,down,0.45532108800732585,0.7564752022828678,False
GO:0010224,response to UV-B (GO:0010224),13,0.440260772848892,down,0.4556811568968865,0.756540657312121,False
GO:0042471,ear morphogenesis (GO:0042471),22,0.45410058532644426,down,0.455958856476538,0.756540657312121,False
GO:0051988,regulation of attachment of spindle microtubules to kinetochore (GO:0051988),10,0.431929162432864,down,0.4559430327642279,0.756540657312121,False
GO:0033619,membrane protein proteolysis (GO:0033619),38,0.5348970750378867,up,0.45641217937429934,0.7566308550553835,False
GO:0050871,positive regulation of B cell activation (GO:0050871),49,0.46925251528269274,down,0.456248375880977,0.7566308550553835,False
GO:0045089,positive regulation of innate immune response (GO:0045089),33,0.5374236525970882,up,0.4566677269793801,0.7567237607832191,False
GO:0006658,phosphatidylserine metabolic process (GO:0006658),33,0.5373457425923872,up,0.4576055189957855,0.756954964479291,False
GO:0050729,positive regulation of inflammatory response (GO:0050729),84,0.47655450123373666,down,0.4572108628113273,0.756954964479291,False
GO:0046887,positive regulation of hormone secretion (GO:0046887),18,0.44944068556752587,down,0.4575722172890091,0.756954964479291,False
GO:0010755,regulation of plasminogen activation (GO:0010755),12,0.4380498214441251,down,0.4573318722545351,0.756954964479291,False
GO:0015936,coenzyme A metabolic process (GO:0015936),14,0.44284221048832995,down,0.4588905222050286,0.7578446097357143,False
GO:0006002,fructose 6-phosphate metabolic process (GO:0006002),10,0.5676905211206271,up,0.4584640837298609,0.7578446097357143,False
GO:1902001,fatty acid transmembrane transport (GO:1902001),19,0.45091122509491294,down,0.4586948679711499,0.7578446097357143,False
GO:0014706,striated muscle tissue development (GO:0014706),33,0.5372348198738298,up,0.4589425437814225,0.7578446097357143,False
GO:0042462,eye photoreceptor cell development (GO:0042462),15,0.5550948509485095,up,0.4599127931401905,0.7587860915096749,False
GO:0033962,P-body assembly (GO:0033962),12,0.43838854532609434,down,0.4597955523394879,0.7587860915096749,False
GO:1901992,positive regulation of mitotic cell cycle phase transition (GO:1901992),57,0.4717456033245507,down,0.4603202693242452,0.7587982536057636,False
GO:0046653,tetrahydrofolate metabolic process (GO:0046653),10,0.5674234286543766,up,0.46023925496911255,0.7587982536057636,False
GO:1903364,positive regulation of cellular protein catabolic process (GO:1903364),18,0.5502173050304421,up,0.4606205797243066,0.7589634486943071,False
GO:0051457,maintenance of protein location in nucleus (GO:0051457),20,0.5475664295048642,up,0.4613290112584665,0.7597753942041293,False
GO:0140289,protein mono-ADP-ribosylation (GO:0140289),11,0.435895947044478,down,0.461513975282445,0.7597753942041293,False
GO:0048285,organelle fission (GO:0048285),25,0.5425094394423468,up,0.4617323582164946,0.7598051343666655,False
GO:1903322,positive regulation of protein modification by small protein conjugation or removal (GO:1903322),77,0.5242291015169018,up,0.4619369242320557,0.7598121221215035,False
GO:1901888,regulation of cell junction assembly (GO:1901888),27,0.45913532912487254,down,0.46218387162404106,0.7598887841655777,False
GO:1902176,negative regulation of oxidative stress-induced intrinsic apoptotic signaling pathway (GO:1902176),18,0.5498672293689281,up,0.4637525641639457,0.7618545025264238,False
GO:0048145,regulation of fibroblast proliferation (GO:0048145),45,0.4684510316768381,down,0.4637811880657824,0.7618545025264238,False
GO:0110156,methylguanosine-cap decapping (GO:0110156),10,0.4331397880679344,down,0.4639951252081157,0.7618759783179146,False
GO:0071709,membrane assembly (GO:0071709),33,0.5367990520509258,up,0.46421627971286994,0.7619092812422829,False
GO:0009152,purine ribonucleotide biosynthetic process (GO:0009152),48,0.5303959465612618,up,0.4660159491804674,0.7631006590271617,False
GO:0032722,positive regulation of chemokine production (GO:0032722),45,0.46859020310633215,down,0.4657552278059265,0.7631006590271617,False
GO:1902254,negative regulation of intrinsic apoptotic signaling pathway by p53 class mediator (GO:1902254),16,0.5526075089288307,up,0.46614928208962136,0.7631006590271617,False
GO:0071897,DNA biosynthetic process (GO:0071897),17,0.5510858388305668,up,0.46572705183849805,0.7631006590271617,False
GO:1901317,regulation of flagellated sperm motility (GO:1901317),11,0.5634996463297474,up,0.46574890419874004,0.7631006590271617,False
GO:0010951,negative regulation of endopeptidase activity (GO:0010951),51,0.5294944044354167,up,0.4659444586572714,0.7631006590271617,False
GO:0045048,protein insertion into ER membrane (GO:0045048),35,0.5354627708143106,up,0.46760440826693717,0.7636003501811702,False
GO:0030323,respiratory tube development (GO:0030323),30,0.46175550714112806,down,0.4682663892753498,0.7636003501811702,False
GO:0010642,negative regulation of platelet-derived growth factor receptor signaling pathway (GO:0010642),10,0.4336971984322833,down,0.4677290179305965,0.7636003501811702,False
GO:0001510,RNA methylation (GO:0001510),56,0.4719728148243512,down,0.46787565473868564,0.7636003501811702,False
GO:1903055,positive regulation of extracellular matrix organization (GO:1903055),18,0.45061835945188156,down,0.46811649941234845,0.7636003501811702,False
GO:0006296,"nucleotide-excision repair, DNA incision, 5'-to lesion (GO:0006296)",37,0.5345340982798127,up,0.4670611545334604,0.7636003501811702,False
GO:0090304,nucleic acid metabolic process (GO:0090304),70,0.5250775878186086,up,0.46780052290887675,0.7636003501811702,False
GO:0002053,positive regulation of mesenchymal cell proliferation (GO:0002053),10,0.4336130062418348,down,0.46716397923607733,0.7636003501811702,False
GO:0003176,aortic valve development (GO:0003176),36,0.5349669594636037,up,0.4676083085270685,0.7636003501811702,False
GO:0022400,regulation of rhodopsin mediated signaling pathway (GO:0022400),23,0.4563929408437045,down,0.4689477913485046,0.7640545414883497,False
GO:0044772,mitotic cell cycle phase transition (GO:0044772),202,0.5147536401379023,up,0.46892066876345606,0.7640545414883497,False
GO:0050832,defense response to fungus (GO:0050832),15,0.446107239643825,down,0.4697619308391997,0.7647240359111951,False
GO:0007200,phospholipase C-activating G protein-coupled receptor signaling pathway (GO:0007200),75,0.47587085514834204,down,0.4696369709772976,0.7647240359111951,False
GO:0050912,detection of chemical stimulus involved in sensory perception of taste (GO:0050912),15,0.5538521099496709,up,0.4700970187319996,0.7649412235308771,False
GO:0046847,filopodium assembly (GO:0046847),16,0.4479623392084555,down,0.4709928282383449,0.7660702390686287,False
GO:0006688,glycosphingolipid biosynthetic process (GO:0006688),16,0.5519451058393101,up,0.47178213201280894,0.7666634734237201,False
GO:1905523,positive regulation of macrophage migration (GO:1905523),19,0.45235249524671245,down,0.4719922826331058,0.7666634734237201,False
GO:0072330,monocarboxylic acid biosynthetic process (GO:0072330),59,0.4729560591397108,down,0.4721660621982099,0.7666634734237201,False
GO:0038094,Fc-gamma receptor signaling pathway (GO:0038094),69,0.47497464842870835,down,0.4719151923769629,0.7666634734237201,False
GO:0034035,purine ribonucleoside bisphosphate metabolic process (GO:0034035),13,0.5574846006441152,up,0.47286661866268276,0.7674724367084106,False
GO:0043086,negative regulation of catalytic activity (GO:0043086),25,0.45859831542259655,down,0.47348663032426597,0.7678216283967254,False
GO:0042359,vitamin D metabolic process (GO:0042359),12,0.4402491072206254,down,0.47345986192918477,0.7678216283967254,False
GO:0007194,negative regulation of adenylate cyclase activity (GO:0007194),13,0.5572579096183997,up,0.4746140491085603,0.7693195258991263,False
GO:0016180,snRNA processing (GO:0016180),16,0.4484251139696275,down,0.4749466264693414,0.7693195258991263,False
GO:1905517,macrophage migration (GO:1905517),14,0.5551253282010229,up,0.4750188056039425,0.7693195258991263,False
GO:0030178,negative regulation of Wnt signaling pathway (GO:0030178),187,0.4849921568211312,down,0.4783313480566689,0.7700254919277794,False
GO:0070830,bicellular tight junction assembly (GO:0070830),51,0.47126303143045384,down,0.4774748871126593,0.7700254919277794,False
GO:0043090,amino acid import (GO:0043090),20,0.4541875998257587,down,0.4780172410318213,0.7700254919277794,False
GO:0034765,regulation of ion transmembrane transport (GO:0034765),34,0.46471630690566806,down,0.47626351020585933,0.7700254919277794,False
GO:0032649,regulation of interferon-gamma production (GO:0032649),71,0.5243160919916896,up,0.4783148492663548,0.7700254919277794,False
GO:0034248,regulation of cellular amide metabolic process (GO:0034248),32,0.5363183772477704,up,0.4768721800675625,0.7700254919277794,False
GO:0035338,long-chain fatty-acyl-CoA biosynthetic process (GO:0035338),18,0.4517460225274495,down,0.4783378746125476,0.7700254919277794,False
GO:0097028,dendritic cell differentiation (GO:0097028),23,0.45730905022628093,down,0.4783382071670955,0.7700254919277794,False
GO:0007398,ectoderm development (GO:0007398),10,0.4349194367832777,down,0.47597433563730274,0.7700254919277794,False
GO:0000387,spliceosomal snRNP assembly (GO:0000387),38,0.46668912089038006,down,0.4771369288490822,0.7700254919277794,False
GO:0031054,pre-miRNA processing (GO:0031054),14,0.44527079436054207,down,0.47819801428018793,0.7700254919277794,False
GO:0034311,diol metabolic process (GO:0034311),19,0.4529332827946274,down,0.4774101848646748,0.7700254919277794,False
GO:0001881,receptor recycling (GO:0001881),10,0.43527943097691973,down,0.47841798901519594,0.7700254919277794,False
GO:0032924,activin receptor signaling pathway (GO:0032924),17,0.4503660457155741,down,0.4784998904491895,0.7700254919277794,False
GO:0045717,negative regulation of fatty acid biosynthetic process (GO:0045717),12,0.5590855422969351,up,0.4783999962242712,0.7700254919277794,False
GO:0021953,central nervous system neuron differentiation (GO:0021953),34,0.46493419714709044,down,0.4789911339313947,0.7704891310440118,False
GO:0046470,phosphatidylcholine metabolic process (GO:0046470),73,0.4760913443877531,down,0.4796500700797637,0.7705134732773786,False
GO:1901224,positive regulation of NIK/NF-kappaB signaling (GO:1901224),51,0.4714157724478002,down,0.4798188304458656,0.7705134732773786,False
GO:0032880,regulation of protein localization (GO:0032880),59,0.4734034899604014,down,0.47952658008110693,0.7705134732773786,False
GO:0048565,digestive tract development (GO:0048565),36,0.46593854815331326,down,0.4792151428296195,0.7705134732773786,False
GO:0098781,ncRNA transcription (GO:0098781),14,0.4455466283955585,down,0.48041865939632955,0.7711502222134058,False
GO:0007606,sensory perception of chemical stimulus (GO:0007606),62,0.4741678961304016,down,0.48146073955727875,0.7715169349982081,False
GO:0042339,keratan sulfate metabolic process (GO:0042339),32,0.5359906530517387,up,0.48085799263283513,0.7715169349982081,False
GO:0060334,regulation of interferon-gamma-mediated signaling pathway (GO:0060334),22,0.4566443924036931,down,0.48130857292234297,0.7715169349982081,False
GO:0050771,negative regulation of axonogenesis (GO:0050771),27,0.4608587325561881,down,0.48127903156700924,0.7715169349982081,False
GO:0046931,pore complex assembly (GO:0046931),18,0.45225258362291204,down,0.48296884748980595,0.7736067730273792,False
GO:0031126,sno(s)RNA 3'-end processing (GO:0031126),11,0.5610424298729955,up,0.48318637575000345,0.7736285028365399,False
GO:0045666,positive regulation of neuron differentiation (GO:0045666),43,0.5308437565046266,up,0.48381466168651666,0.7743075999058893,False
GO:0034111,negative regulation of homotypic cell-cell adhesion (GO:0034111),10,0.43613296559732906,down,0.484239109221126,0.7746600342790936,False
GO:0000045,autophagosome assembly (GO:0000045),52,0.47201943479884356,down,0.48492105509118655,0.7754239300003671,False
GO:1902656,calcium ion import into cytosol (GO:1902656),15,0.5520054200542005,up,0.48545802794826987,0.7756924499777961,False
GO:0031109,microtubule polymerization or depolymerization (GO:0031109),25,0.540285216381063,up,0.48549799004674077,0.7756924499777961,False
GO:0090051,negative regulation of cell migration involved in sprouting angiogenesis (GO:0090051),14,0.44629324683620436,down,0.4864575208045233,0.7757444188669227,False
GO:0055001,muscle cell development (GO:0055001),33,0.4649642670385219,down,0.48589696043681296,0.7757444188669227,False
GO:0033144,negative regulation of intracellular steroid hormone receptor signaling pathway (GO:0033144),29,0.46266654913988425,down,0.4863449259474645,0.7757444188669227,False
GO:0006308,DNA catabolic process (GO:0006308),13,0.4442552250606371,down,0.48636827903359225,0.7757444188669227,False
GO:0032660,regulation of interleukin-17 production (GO:0032660),32,0.46447506027946434,down,0.4865531169218057,0.7757444188669227,False
GO:0045745,positive regulation of G protein-coupled receptor signaling pathway (GO:0045745),18,0.4527026809020014,down,0.48710397377414505,0.7762963750106437,False
GO:0048489,synaptic vesicle transport (GO:0048489),11,0.5603905153028368,up,0.4878714394776573,0.7771929315156465,False
GO:0030004,cellular monovalent inorganic cation homeostasis (GO:0030004),20,0.5447393640191666,up,0.4883868446382492,0.7776873642791264,False
GO:0031664,regulation of lipopolysaccharide-mediated signaling pathway (GO:0031664),16,0.45003847382328177,down,0.48887206780451364,0.7781333416628284,False
GO:0045109,intermediate filament organization (GO:0045109),17,0.5484229117629977,up,0.4892986684798605,0.7781592660562309,False
GO:0006595,polyamine metabolic process (GO:0006595),13,0.5553706789117044,up,0.4892983839353211,0.7781592660562309,False
GO:0072710,response to hydroxyurea (GO:0072710),11,0.4399288436566337,down,0.49017546497042264,0.778962795513251,False
GO:0002827,positive regulation of T-helper 1 type immune response (GO:0002827),12,0.4424943626668215,down,0.49024259545669346,0.778962795513251,False
GO:0048524,positive regulation of viral process (GO:0048524),59,0.5259411322956354,up,0.4904200252269031,0.778962795513251,False
GO:0035721,intraciliary retrograde transport (GO:0035721),13,0.5552009398185579,up,0.49063099274151933,0.7789716850014996,False
GO:0051246,regulation of protein metabolic process (GO:0051246),44,0.5299956937659998,up,0.49095490368647343,0.779074204613017,False
GO:0051258,protein polymerization (GO:0051258),56,0.47342894104064487,down,0.49131175782608405,0.779074204613017,False
GO:2000243,positive regulation of reproductive process (GO:2000243),31,0.46428832472468573,down,0.4911675700639857,0.779074204613017,False
GO:0034378,chylomicron assembly (GO:0034378),10,0.4372884308317608,down,0.4921801959259192,0.7797992828517174,False
GO:0045937,positive regulation of phosphate metabolic process (GO:0045937),28,0.5374954873458955,up,0.4920796298135627,0.7797992828517174,False
GO:0033169,histone H3-K9 demethylation (GO:0033169),11,0.44031418587219306,down,0.49296330153757595,0.7799262791897895,False
GO:0035914,skeletal muscle cell differentiation (GO:0035914),11,0.44035905448633356,down,0.4932884639536792,0.7799262791897895,False
GO:0031123,RNA 3'-end processing (GO:0031123),69,0.4761594076456799,down,0.49314856780987626,0.7799262791897895,False
GO:0034116,positive regulation of heterotypic cell-cell adhesion (GO:0034116),14,0.44712282288136646,down,0.4932152051816058,0.7799262791897895,False
GO:0048268,clathrin coat assembly (GO:0048268),15,0.5510994967092528,up,0.4930918001605499,0.7799262791897895,False
GO:0071875,adrenergic receptor signaling pathway (GO:0071875),20,0.45580223609699433,down,0.49366645576266266,0.7801986944615747,False
GO:0060191,regulation of lipase activity (GO:0060191),14,0.5527485928316334,up,0.49426712888551605,0.7808226654988597,False
GO:0070528,protein kinase C signaling (GO:0070528),10,0.4376687472782697,down,0.49480916841708145,0.7813535286452914,False
GO:0006213,pyrimidine nucleoside metabolic process (GO:0006213),14,0.44743183995818936,down,0.49574523633546475,0.782411740925294,False
GO:0010595,positive regulation of endothelial cell migration (GO:0010595),83,0.47839618686546487,down,0.4958918600538905,0.782411740925294,False
GO:0032469,endoplasmic reticulum calcium ion homeostasis (GO:0032469),20,0.45605924205023957,down,0.4961824415810987,0.7825446989260322,False
GO:0010390,histone monoubiquitination (GO:0010390),24,0.4599125787807499,down,0.49647339353173425,0.7826781303681911,False
GO:0001580,detection of chemical stimulus involved in sensory perception of bitter taste (GO:0001580),11,0.5591685054000697,up,0.49671919445901513,0.782740301031593,False
GO:0009074,aromatic amino acid family catabolic process (GO:0009074),16,0.4509930601933854,down,0.49721386807739487,0.7830870378813354,False
GO:0051968,"positive regulation of synaptic transmission, glutamatergic (GO:0051968)",18,0.45380937170291646,down,0.4973521419077609,0.7830870378813354,False
GO:0010640,regulation of platelet-derived growth factor receptor signaling pathway (GO:0010640),12,0.5561192888734043,up,0.5007628261179137,0.7851977674515281,False
GO:0050805,negative regulation of synaptic transmission (GO:0050805),23,0.45942096331016646,down,0.5003721222187569,0.7851977674515281,False
GO:0033013,tetrapyrrole metabolic process (GO:0033013),20,0.4563903005662843,down,0.4994334262101565,0.7851977674515281,False
GO:0050709,negative regulation of protein secretion (GO:0050709),37,0.4679174787548313,down,0.4992694910286798,0.7851977674515281,False
GO:0071318,cellular response to ATP (GO:0071318),14,0.5520994495762941,up,0.49959591688257843,0.7851977674515281,False
GO:0070875,positive regulation of glycogen metabolic process (GO:0070875),13,0.44603190201587506,down,0.5003682108569931,0.7851977674515281,False
GO:0120031,plasma membrane bounded cell projection assembly (GO:0120031),262,0.5120797234736005,up,0.49984489244334807,0.7851977674515281,False
GO:0070593,dendrite self-avoidance (GO:0070593),16,0.5486494236185719,up,0.5003574834057981,0.7851977674515281,False
GO:0090305,nucleic acid phosphodiester bond hydrolysis (GO:0090305),73,0.5228641858634216,up,0.4990500283070708,0.7851977674515281,False
GO:2001258,negative regulation of cation channel activity (GO:2001258),26,0.4618624281408562,down,0.5007118919496758,0.7851977674515281,False
GO:0010977,negative regulation of neuron projection development (GO:0010977),56,0.474031118014228,down,0.5011848338884349,0.7855347417102619,False
GO:0045936,negative regulation of phosphate metabolic process (GO:0045936),21,0.457808865545405,down,0.503151872092073,0.7882920490893155,False
GO:0046467,membrane lipid biosynthetic process (GO:0046467),58,0.47466649557449375,down,0.5042837614906601,0.788437059906873,False
GO:1902993,positive regulation of amyloid precursor protein catabolic process (GO:1902993),22,0.45886609832533803,down,0.5040614332939903,0.788437059906873,False
GO:0007252,I-kappaB phosphorylation (GO:0007252),10,0.4390100159674844,down,0.5041404059387552,0.788437059906873,False
GO:0042098,T cell proliferation (GO:0042098),13,0.5534968486597311,up,0.5041171228818941,0.788437059906873,False
GO:0071498,cellular response to fluid shear stress (GO:0071498),12,0.5556886256520435,up,0.5040550840870888,0.788437059906873,False
GO:1904994,regulation of leukocyte adhesion to vascular endothelial cell (GO:1904994),13,0.446619288614527,down,0.5050432961384387,0.7885560990393584,False
GO:0140131,positive regulation of lymphocyte chemotaxis (GO:0140131),14,0.5514668978418579,up,0.5048177029369306,0.7885560990393584,False
GO:1900047,negative regulation of hemostasis (GO:1900047),12,0.5555144247984592,up,0.5053900206836355,0.7885560990393584,False
GO:0045069,regulation of viral genome replication (GO:0045069),58,0.5252603224218632,up,0.5055160950591469,0.7885560990393584,False
GO:0015914,phospholipid transport (GO:0015914),55,0.47405919661733614,down,0.5054860036180673,0.7885560990393584,False
GO:1902175,regulation of oxidative stress-induced intrinsic apoptotic signaling pathway (GO:1902175),17,0.45337913317368295,down,0.5056072852263959,0.7885560990393584,False
GO:0001778,plasma membrane repair (GO:0001778),12,0.5554055492649692,up,0.5062253005661547,0.7891954644666768,False
GO:0015695,organic cation transport (GO:0015695),19,0.45600687163372483,down,0.5066407773352447,0.78951868053927,False
GO:0010243,response to organonitrogen compound (GO:0010243),40,0.5302288246404184,up,0.5080491925373077,0.7913883315375804,False
GO:0015698,inorganic anion transport (GO:0015698),54,0.47404522047701025,down,0.50914697130658,0.7927727677199746,False
GO:0042551,neuron maturation (GO:0042551),17,0.45381811473645733,down,0.5096230046658838,0.7931883695928179,False
GO:0086003,cardiac muscle cell contraction (GO:0086003),19,0.45635228738590583,down,0.5099835902191394,0.7934240187453633,False
GO:2001022,positive regulation of response to DNA damage stimulus (GO:2001022),55,0.4743583509513742,down,0.5104072789865002,0.7937576093463695,False
GO:0046134,pyrimidine nucleoside biosynthetic process (GO:0046134),14,0.4492672769581106,down,0.5109142777690548,0.7942204326139447,False
GO:0019229,regulation of vasoconstriction (GO:0019229),29,0.4647810295746799,down,0.5113699541662171,0.7946031282885955,False
GO:0050854,regulation of antigen receptor-mediated signaling pathway (GO:0050854),13,0.447501485217065,down,0.5121078181956257,0.7946454972263352,False
GO:1903543,positive regulation of exosomal secretion (GO:1903543),14,0.5505398466113892,up,0.5125222776036813,0.7946454972263352,False
GO:0003203,endocardial cushion morphogenesis (GO:0003203),19,0.5434153975949282,up,0.5122383272255687,0.7946454972263352,False
GO:1902992,negative regulation of amyloid precursor protein catabolic process (GO:1902992),19,0.45662739727702345,down,0.5126542398399268,0.7946454972263352,False
GO:0060396,growth hormone receptor signaling pathway (GO:0060396),15,0.4511304684475416,down,0.5121533424851206,0.7946454972263352,False
GO:0016075,rRNA catabolic process (GO:0016075),16,0.45265541972763434,down,0.5119197410932834,0.7946454972263352,False
GO:0034080,CENP-A containing nucleosome assembly (GO:0034080),28,0.5355700882612899,up,0.5145775465836153,0.7963250241500013,False
GO:0048484,enteric nervous system development (GO:0048484),10,0.44047031499491945,down,0.5144043311253192,0.7963250241500013,False
GO:1903038,negative regulation of leukocyte cell-cell adhesion (GO:1903038),18,0.4555984680559992,down,0.5141593771036689,0.7963250241500013,False
GO:0061641,CENP-A containing chromatin organization (GO:0061641),28,0.5355700882612899,up,0.5145775465836153,0.7963250241500013,False
GO:0007026,negative regulation of microtubule depolymerization (GO:0007026),21,0.4590576313001823,down,0.5158721120574304,0.7980028226075994,False
GO:0032926,negative regulation of activin receptor signaling pathway (GO:0032926),10,0.5592480766439251,up,0.5163960784324797,0.7981431848664072,False
GO:0006446,regulation of translational initiation (GO:0006446),63,0.5235879883472346,up,0.5170149763292282,0.7981431848664072,False
GO:0007077,mitotic nuclear membrane disassembly (GO:0007077),12,0.4459493462629078,down,0.5166803365691479,0.7981431848664072,False
GO:0072001,renal system development (GO:0072001),51,0.526261196258529,up,0.5162293177505384,0.7981431848664072,False
GO:1903052,positive regulation of proteolysis involved in cellular protein catabolic process (GO:1903052),28,0.46463427791309975,down,0.5169965260367202,0.7981431848664072,False
GO:0010043,response to zinc ion (GO:0010043),17,0.4546721644694814,down,0.5174832657243167,0.7985411012580689,False
GO:0010256,endomembrane system organization (GO:0010256),176,0.485923912466949,down,0.5187844036725494,0.8002233603619275,False
GO:0032456,endocytic recycling (GO:0032456),49,0.4734544401961215,down,0.5200805175299543,0.8018965052809418,False
GO:0009584,detection of visible light (GO:0009584),16,0.5463500682365923,up,0.5208248541231235,0.8027178674071547,False
GO:1901018,positive regulation of potassium ion transmembrane transporter activity (GO:1901018),14,0.5495070244351624,up,0.5211775356872921,0.8029351717554423,False
GO:0045778,positive regulation of ossification (GO:0045778),39,0.5296142819678384,up,0.5219938839724139,0.8032392260256298,False
GO:0032388,positive regulation of intracellular transport (GO:0032388),39,0.47041700938144454,down,0.5224337386251592,0.8032392260256298,False
GO:0030182,neuron differentiation (GO:0030182),172,0.48588543782971966,down,0.5224152281706522,0.8032392260256298,False
GO:0002686,negative regulation of leukocyte migration (GO:0002686),10,0.5584555087821165,up,0.5220231014887001,0.8032392260256298,False
GO:0030206,chondroitin sulfate biosynthetic process (GO:0030206),21,0.5403532499716504,up,0.521930425499732,0.8032392260256298,False
GO:1901570,fatty acid derivative biosynthetic process (GO:1901570),33,0.4680296075624645,down,0.5248545557041696,0.8038365585126551,False
GO:0002710,negative regulation of T cell mediated immunity (GO:0002710),10,0.4419015822325446,down,0.5245686162931328,0.8038365585126551,False
GO:0009306,protein secretion (GO:0009306),56,0.5245786837657241,up,0.5243734213986877,0.8038365585126551,False
GO:0018130,heterocycle biosynthetic process (GO:0018130),15,0.45260356174990324,down,0.5249528221967705,0.8038365585126551,False
GO:0031330,negative regulation of cellular catabolic process (GO:0031330),65,0.47724584516966023,down,0.5255106819216855,0.8038365585126551,False
GO:0010812,negative regulation of cell-substrate adhesion (GO:0010812),39,0.4704982178831551,down,0.5235761540186681,0.8038365585126551,False
GO:1905475,regulation of protein localization to membrane (GO:1905475),28,0.5346447348219213,up,0.5255772910918494,0.8038365585126551,False
GO:0045116,protein neddylation (GO:0045116),13,0.5509954304449398,up,0.5242620041510834,0.8038365585126551,False
GO:0042311,vasodilation (GO:0042311),13,0.4491140066019574,down,0.5251526683535688,0.8038365585126551,False
GO:1903170,negative regulation of calcium ion transmembrane transport (GO:1903170),11,0.5553889844912955,up,0.5246166981531856,0.8038365585126551,False
GO:0030163,protein catabolic process (GO:0030163),63,0.4768866975339411,down,0.5254845066209883,0.8038365585126551,False
GO:0051349,positive regulation of lyase activity (GO:0051349),15,0.45259388308168796,down,0.5248681944595441,0.8038365585126551,False
GO:1901653,cellular response to peptide (GO:1901653),56,0.4753642132454017,down,0.52341022827399,0.8038365585126551,False
GO:0042325,regulation of phosphorylation (GO:0042325),122,0.48340935667209245,down,0.5263047859821885,0.8045967784110718,False
GO:0010948,negative regulation of cell cycle process (GO:0010948),61,0.5234309834826318,up,0.5264986037480306,0.8045967784110718,False
GO:0042908,xenobiotic transport (GO:0042908),16,0.45430326083800343,down,0.5267180525557171,0.804607963489261,False
GO:1900746,regulation of vascular endothelial growth factor signaling pathway (GO:1900746),19,0.4582444320814814,down,0.5284978153660268,0.8067658585965531,False
GO:0070757,interleukin-35-mediated signaling pathway (GO:0070757),11,0.4451362422271724,down,0.5285560660723528,0.8067658585965531,False
GO:0000082,G1/S transition of mitotic cell cycle (GO:0000082),83,0.5199707242796392,up,0.5290274957283196,0.8071606159684298,False
GO:0000098,sulfur amino acid catabolic process (GO:0000098),10,0.44256060386122803,down,0.5292830740309572,0.8072258543624531,False
GO:0010638,positive regulation of organelle organization (GO:0010638),32,0.46793386689132266,down,0.52996757085261,0.8079449341816518,False
GO:0061384,heart trabecula morphogenesis (GO:0061384),19,0.5415584058298842,up,0.5304465090831032,0.80835018439221,False
GO:0000018,regulation of DNA recombination (GO:0000018),30,0.5330041152263374,up,0.5313686046835167,0.8087805447690927,False
GO:0006040,amino sugar metabolic process (GO:0006040),10,0.4428480185803455,down,0.531345887268817,0.8087805447690927,False
GO:0071103,DNA conformation change (GO:0071103),17,0.5438708266859795,up,0.5310362646061808,0.8087805447690927,False
GO:0010823,negative regulation of mitochondrion organization (GO:0010823),34,0.5309481045257939,up,0.5321056508848823,0.8089285506237909,False
GO:0031953,negative regulation of protein autophosphorylation (GO:0031953),10,0.4429002758020032,down,0.5317213817228048,0.8089285506237909,False
GO:0086010,membrane depolarization during action potential (GO:0086010),26,0.46460609012527454,down,0.5320194224655912,0.8089285506237909,False
GO:0000002,mitochondrial genome maintenance (GO:0000002),12,0.5519675018629814,up,0.5329705012576029,0.8092702607166085,False
GO:0048012,hepatocyte growth factor receptor signaling pathway (GO:0048012),11,0.44569841956905015,down,0.5327892010576196,0.8092702607166085,False
GO:0034249,negative regulation of cellular amide metabolic process (GO:0034249),83,0.4802097953083134,down,0.5327582201964279,0.8092702607166085,False
GO:0043518,"negative regulation of DNA damage response, signal transduction by p53 class mediator (GO:0043518)",14,0.5480614881764674,up,0.5334165433044252,0.809515815088496,False
GO:0033363,secretory granule organization (GO:0033363),10,0.5568442444476702,up,0.5335590661010388,0.809515815088496,False
GO:0086001,cardiac muscle cell action potential (GO:0086001),30,0.46719535221496006,down,0.5338529307757692,0.8096378114484177,False
GO:0000028,ribosomal small subunit assembly (GO:0000028),16,0.455123551787218,down,0.5341652008162358,0.8097876125883222,False
GO:0051261,protein depolymerization (GO:0051261),28,0.5338578731809336,up,0.5350244828854309,0.8107662259626206,False
GO:0045776,negative regulation of blood pressure (GO:0045776),15,0.45385017421602786,down,0.5359109553868152,0.811785245120683,False
GO:0006890,"retrograde vesicle-mediated transport, Golgi to endoplasmic reticulum (GO:0006890)",80,0.5199234545454545,up,0.5375156874577756,0.8131500096160965,False
GO:0000724,double-strand break repair via homologous recombination (GO:0000724),93,0.5184653214697656,up,0.5378838318288389,0.8131500096160965,False
GO:0055078,sodium ion homeostasis (GO:0055078),22,0.5379445721995021,up,0.5376900256644879,0.8131500096160965,False
GO:0010952,positive regulation of peptidase activity (GO:0010952),21,0.5388652411652934,up,0.5373939098288002,0.8131500096160965,False
GO:0051350,negative regulation of lyase activity (GO:0051350),16,0.5444753767530996,up,0.5378256488244819,0.8131500096160965,False
GO:0038096,Fc-gamma receptor signaling pathway involved in phagocytosis (GO:0038096),68,0.4784528695009571,down,0.5386296602748994,0.813305056298843,False
GO:0044743,protein transmembrane import into intracellular organelle (GO:0044743),30,0.5324502541757443,up,0.5382812557855365,0.813305056298843,False
GO:1904152,"regulation of retrograde protein transport, ER to cytosol (GO:1904152)",13,0.45075556230541425,down,0.5386049185670476,0.813305056298843,False
GO:0048168,regulation of neuronal synaptic plasticity (GO:0048168),29,0.46724809035672715,down,0.5413957921274615,0.8171564821088187,False
GO:0044344,cellular response to fibroblast growth factor stimulus (GO:0044344),88,0.4812495205495758,down,0.5428388512547637,0.8174141791134549,False
GO:0099622,cardiac muscle cell membrane repolarization (GO:0099622),11,0.5529871939696582,up,0.5427528718992807,0.8174141791134549,False
GO:0051354,negative regulation of oxidoreductase activity (GO:0051354),10,0.4443925097982291,down,0.5425002683318032,0.8174141791134549,False
GO:0002833,positive regulation of response to biotic stimulus (GO:0002833),40,0.4721418712770594,down,0.5418817452745759,0.8174141791134549,False
GO:0033365,protein localization to organelle (GO:0033365),131,0.5153692562389302,up,0.5430584259267985,0.8174141791134549,False
GO:1905477,positive regulation of protein localization to membrane (GO:1905477),96,0.48204436974300763,down,0.5428089675095855,0.8174141791134549,False
GO:0048525,negative regulation of viral process (GO:0048525),60,0.522685467849009,up,0.5430750675892186,0.8174141791134549,False
GO:0050667,homocysteine metabolic process (GO:0050667),11,0.5528552274574804,up,0.5437583455898332,0.8178418117362415,False
GO:0002090,regulation of receptor internalization (GO:0002090),35,0.470361085747489,down,0.5437904163455842,0.8178418117362415,False
GO:0046928,regulation of neurotransmitter secretion (GO:0046928),33,0.4695173805335911,down,0.5443232420248584,0.8179944758321267,False
GO:0031349,positive regulation of defense response (GO:0031349),91,0.48162544881494945,down,0.5442634764104098,0.8179944758321267,False
GO:0010827,regulation of glucose transmembrane transport (GO:0010827),17,0.4575895983574916,down,0.5447994447375487,0.8180618740655273,False
GO:0030225,macrophage differentiation (GO:0030225),14,0.5467445362047726,up,0.5446919503948521,0.8180618740655273,False
GO:0030203,glycosaminoglycan metabolic process (GO:0030203),54,0.5236989773122444,up,0.5466490533804385,0.819770915143543,False
GO:0046638,positive regulation of alpha-beta T cell differentiation (GO:0046638),13,0.4517717634551732,down,0.547018240503113,0.819770915143543,False
GO:0030030,cell projection organization (GO:0030030),30,0.5317821350762527,up,0.5466795556528117,0.819770915143543,False
GO:0060211,regulation of nuclear-transcribed mRNA poly(A) tail shortening (GO:0060211),15,0.5449051490514906,up,0.5469658174521811,0.819770915143543,False
GO:0032869,cellular response to insulin stimulus (GO:0032869),125,0.4843907952228372,down,0.5462219378291564,0.819770915143543,False
GO:0072507,divalent inorganic cation homeostasis (GO:0072507),25,0.46531164681963405,down,0.5481176387052911,0.8197989761865808,False
GO:0031118,rRNA pseudouridine synthesis (GO:0031118),10,0.445138626796342,down,0.5479302612686545,0.8197989761865808,False
GO:1903530,regulation of secretion by cell (GO:1903530),57,0.523006743558122,up,0.5477126523466,0.8197989761865808,False
GO:0042158,lipoprotein biosynthetic process (GO:0042158),11,0.44762513064684706,down,0.5474260774396812,0.8197989761865808,False
GO:0010613,positive regulation of cardiac muscle hypertrophy (GO:0010613),18,0.45910083792303497,down,0.5478966450507987,0.8197989761865808,False
GO:0061099,negative regulation of protein tyrosine kinase activity (GO:0061099),23,0.4639453188136415,down,0.549328744148414,0.8208522273731322,False
GO:0042129,regulation of T cell proliferation (GO:0042129),62,0.47803566554709653,down,0.5494710796995472,0.8208522273731322,False
GO:0000070,mitotic sister chromatid segregation (GO:0000070),96,0.5176700427835501,up,0.549245382030072,0.8208522273731322,False
GO:0046503,glycerolipid catabolic process (GO:0046503),19,0.4603841756790629,down,0.5498394454800604,0.8210791404353815,False
GO:0030193,regulation of blood coagulation (GO:0030193),27,0.46684653748671406,down,0.550834445171999,0.8214952847147603,False
GO:0002065,columnar/cuboidal epithelial cell differentiation (GO:0002065),10,0.5544433154303963,up,0.5509844461677696,0.8214952847147603,False
GO:0007368,determination of left/right symmetry (GO:0007368),39,0.4724189107034295,down,0.5509642986814935,0.8214952847147603,False
GO:0033559,unsaturated fatty acid metabolic process (GO:0033559),39,0.5276205759992371,up,0.55039421954073,0.8214952847147603,False
GO:0010881,regulation of cardiac muscle contraction by regulation of the release of sequestered calcium ion (GO:0010881),16,0.5430035715322744,up,0.5513653340769318,0.8217401619464842,False
GO:0035774,positive regulation of insulin secretion involved in cellular response to glucose stimulus (GO:0035774),12,0.5495601428446999,up,0.5521141775825955,0.8225330226122485,False
GO:1902003,regulation of amyloid-beta formation (GO:1902003),34,0.47061301496863234,down,0.5529951933960235,0.823465356395324,False
GO:0036149,phosphatidylinositol acyl-chain remodeling (GO:0036149),17,0.5415307304174937,up,0.5531741967032127,0.823465356395324,False
GO:0008064,regulation of actin polymerization or depolymerization (GO:0008064),28,0.46774022880712396,down,0.5544714832480471,0.8250727092820096,False
GO:0010608,posttranscriptional regulation of gene expression (GO:0010608),45,0.4747101940650328,down,0.557014237323965,0.8252202383626392,False
GO:0031055,chromatin remodeling at centromere (GO:0031055),30,0.5310636649721617,up,0.5557825930409461,0.8252202383626392,False
GO:0051348,negative regulation of transferase activity (GO:0051348),27,0.4672348949390892,down,0.5555107554925742,0.8252202383626392,False
GO:0090344,negative regulation of cell aging (GO:0090344),17,0.45881088947571597,down,0.5564434545069481,0.8252202383626392,False
GO:0001941,postsynaptic membrane organization (GO:0001941),17,0.45880064087891964,down,0.5563452398542392,0.8252202383626392,False
GO:0090100,positive regulation of transmembrane receptor protein serine/threonine kinase signaling pathway (GO:0090100),88,0.4819217431098014,down,0.5573989587885795,0.8252202383626392,False
GO:0010832,negative regulation of myotube differentiation (GO:0010832),13,0.4528482666511817,down,0.5560011960735802,0.8252202383626392,False
GO:0019933,cAMP-mediated signaling (GO:0019933),25,0.4659982573337206,down,0.5560657377211965,0.8252202383626392,False
GO:0051781,positive regulation of cell division (GO:0051781),39,0.47282271811560517,down,0.5568107810330423,0.8252202383626392,False
GO:0006622,protein targeting to lysosome (GO:0006622),19,0.4610291555349053,down,0.5563547199935119,0.8252202383626392,False
GO:0043516,"regulation of DNA damage response, signal transduction by p53 class mediator (GO:0043516)",28,0.4679082862703277,down,0.5565364599527292,0.8252202383626392,False
GO:0090150,establishment of protein localization to membrane (GO:0090150),67,0.47928381820107324,down,0.557325181544782,0.8252202383626392,False
GO:0032367,intracellular cholesterol transport (GO:0032367),15,0.5437979094076655,up,0.556893963775241,0.8252202383626392,False
GO:0006388,"tRNA splicing, via endonucleolytic cleavage and ligation (GO:0006388)",14,0.5452035987008839,up,0.5580336565117814,0.8258375572177865,False
GO:0046902,regulation of mitochondrial membrane permeability (GO:0046902),18,0.5397956977798427,up,0.558748204205974,0.8265725189365287,False
GO:0035066,positive regulation of histone acetylation (GO:0035066),22,0.4640698801097256,down,0.5594963130324819,0.8271327019242901,False
GO:0030890,positive regulation of B cell proliferation (GO:0030890),29,0.5312925074672912,up,0.5595630142730631,0.8271327019242901,False
GO:0050913,sensory perception of bitter taste (GO:0050913),12,0.5484980015290963,up,0.5606665258070164,0.8284410332629579,False
GO:0055062,phosphate ion homeostasis (GO:0055062),10,0.4469444041225141,down,0.5611822756986937,0.8285663186006712,False
GO:0007416,synapse assembly (GO:0007416),67,0.5205134904748099,up,0.5611882078790204,0.8285663186006712,False
GO:0042572,retinol metabolic process (GO:0042572),14,0.5447659973370609,up,0.5618512564821089,0.8288999672643481,False
GO:0046823,negative regulation of nucleocytoplasmic transport (GO:0046823),13,0.453533923251129,down,0.5617599839309219,0.8288999672643481,False
GO:0043029,T cell homeostasis (GO:0043029),11,0.44956503837586176,down,0.5623614057199432,0.8290076999206158,False
GO:0043968,histone H2A acetylation (GO:0043968),16,0.5418293940009873,up,0.5622858564308352,0.8290076999206158,False
GO:0032206,positive regulation of telomere maintenance (GO:0032206),30,0.5305214233841685,up,0.5627014496042526,0.829186712645272,False
GO:0003382,epithelial cell morphogenesis (GO:0003382),17,0.5404221738640285,up,0.5638170738408886,0.8292780245099893,False
GO:0010569,regulation of double-strand break repair via homologous recombination (GO:0010569),41,0.5260203235495481,up,0.5640752183590225,0.8292780245099893,False
GO:0061512,protein localization to cilium (GO:0061512),30,0.4695134350036311,down,0.5631476515361664,0.8292780245099893,False
GO:0120163,negative regulation of cold-induced thermogenesis (GO:0120163),45,0.47514998869837577,down,0.5638928080277918,0.8292780245099893,False
GO:1904036,negative regulation of epithelial cell apoptotic process (GO:1904036),37,0.4725560007098737,down,0.5632953246761307,0.8292780245099893,False
GO:0043248,proteasome assembly (GO:0043248),11,0.4497814634558335,down,0.5640397838018254,0.8292780245099893,False
GO:0030521,androgen receptor signaling pathway (GO:0030521),14,0.4555274651889152,down,0.5644184518741913,0.8294611344280541,False
GO:0060078,regulation of postsynaptic membrane potential (GO:0060078),35,0.5281057524694944,up,0.5648266906780302,0.8297395963368583,False
GO:1904645,response to amyloid-beta (GO:1904645),44,0.5250052176761659,up,0.5658369905019913,0.830580381181909,False
GO:0030316,osteoclast differentiation (GO:0030316),22,0.4646480780857687,down,0.5658335880944163,0.830580381181909,False
GO:0003171,atrioventricular valve development (GO:0003171),14,0.45572137858947187,down,0.5661178885530115,0.8306712384067979,False
GO:0071636,positive regulation of transforming growth factor beta production (GO:0071636),11,0.549917652896401,up,0.5663771392896042,0.8307302742944581,False
GO:0031638,zymogen activation (GO:0031638),39,0.4735826508839061,down,0.5678946914841225,0.8314233713582724,False
GO:0098789,pre-mRNA cleavage required for polyadenylation (GO:0098789),13,0.5458161546948493,up,0.5672451214565442,0.8314233713582724,False
GO:0048662,negative regulation of smooth muscle cell proliferation (GO:0048662),33,0.5286004546070783,up,0.5694563791781866,0.8314233713582724,False
GO:0034105,positive regulation of tissue remodeling (GO:0034105),10,0.4480940629989839,down,0.5696992729133008,0.8314233713582724,False
GO:1902229,regulation of intrinsic apoptotic signaling pathway in response to DNA damage (GO:1902229),16,0.4588547867243532,down,0.5686969372642325,0.8314233713582724,False
GO:0007093,mitotic cell cycle checkpoint signaling (GO:0007093),23,0.46576617302408274,down,0.5696775017447573,0.8314233713582724,False
GO:0060261,positive regulation of transcription initiation from RNA polymerase II promoter (GO:0060261),22,0.5351261870879679,up,0.5683170508890545,0.8314233713582724,False
GO:1902187,negative regulation of viral release from host cell (GO:1902187),13,0.545590580373694,up,0.5691548777671995,0.8314233713582724,False
GO:0033233,regulation of protein sumoylation (GO:0033233),18,0.4612125846553933,down,0.5687541540228549,0.8314233713582724,False
GO:0006607,NLS-bearing protein import into nucleus (GO:0006607),12,0.5476511918241733,up,0.5675306721801614,0.8314233713582724,False
GO:0036151,phosphatidylcholine acyl-chain remodeling (GO:0036151),29,0.46950079831402486,down,0.569560957982794,0.8314233713582724,False
GO:1990090,cellular response to nerve growth factor stimulus (GO:1990090),21,0.4640042925458503,down,0.5678499911060121,0.8314233713582724,False
GO:0043281,regulation of cysteine-type endopeptidase activity involved in apoptotic process (GO:0043281),82,0.5181685071876466,up,0.56919907284981,0.8314233713582724,False
GO:0060390,regulation of SMAD protein signal transduction (GO:0060390),21,0.46444820595369474,down,0.5726342734233804,0.8316135936020211,False
GO:0036444,calcium import into the mitochondrion (GO:0036444),10,0.5514414283640586,up,0.5731578908401163,0.8316135936020211,False
GO:1902969,mitotic DNA replication (GO:1902969),10,0.5515401364494121,up,0.5724221017687056,0.8316135936020211,False
GO:0071352,cellular response to interleukin-2 (GO:0071352),11,0.5493264429218442,up,0.5709833266775731,0.8316135936020211,False
GO:0071360,cellular response to exogenous dsRNA (GO:0071360),14,0.543473932646721,up,0.5731962152915492,0.8316135936020211,False
GO:0070873,regulation of glycogen metabolic process (GO:0070873),12,0.5470777806811253,up,0.5722014137310625,0.8316135936020211,False
GO:2001034,positive regulation of double-strand break repair via nonhomologous end joining (GO:2001034),15,0.5419608981804104,up,0.573556857596332,0.8316135936020211,False
GO:2000114,regulation of establishment of cell polarity (GO:2000114),16,0.459335709515375,down,0.5732242075073402,0.8316135936020211,False
GO:0045910,negative regulation of DNA recombination (GO:0045910),41,0.5254753099631886,up,0.5722659820837022,0.8316135936020211,False
GO:1901606,alpha-amino acid catabolic process (GO:1901606),30,0.5296886952311789,up,0.5734070931720248,0.8316135936020211,False
GO:0046033,AMP metabolic process (GO:0046033),13,0.454735497357877,down,0.5719209304856072,0.8316135936020211,False
GO:0038110,interleukin-2-mediated signaling pathway (GO:0038110),11,0.5493264429218442,up,0.5709833266775731,0.8316135936020211,False
GO:0055023,positive regulation of cardiac muscle tissue growth (GO:0055023),17,0.5395476269374119,up,0.5722823199869653,0.8316135936020211,False
GO:1903513,endoplasmic reticulum to cytosol transport (GO:1903513),15,0.45782617111885404,down,0.5716133822612302,0.8316135936020211,False
GO:0051769,regulation of nitric-oxide synthase biosynthetic process (GO:0051769),13,0.5452511021874009,up,0.5720347404424151,0.8316135936020211,False
GO:0045841,negative regulation of mitotic metaphase/anaphase transition (GO:0045841),21,0.5354826486556753,up,0.5733812078192142,0.8316135936020211,False
GO:0035051,cardiocyte differentiation (GO:0035051),11,0.4509058181395889,down,0.5727977670040789,0.8316135936020211,False
GO:0060337,type I interferon signaling pathway (GO:0060337),45,0.47584229390681004,down,0.5748029392731804,0.832002827593505,False
GO:0051353,positive regulation of oxidoreductase activity (GO:0051353),18,0.46182562037601677,down,0.5748793360443838,0.832002827593505,False
GO:0071357,cellular response to type I interferon (GO:0071357),45,0.47584229390681004,down,0.5748029392731804,0.832002827593505,False
GO:0071219,cellular response to molecule of bacterial origin (GO:0071219),97,0.4835041944642314,down,0.5741236783310077,0.832002827593505,False
GO:0090501,RNA phosphodiester bond hydrolysis (GO:0090501),27,0.5311697197371649,up,0.5749220698978583,0.832002827593505,False
GO:0009164,nucleoside catabolic process (GO:0009164),11,0.45124101308052067,down,0.5754211485148117,0.8324074814327539,False
GO:0051145,smooth muscle cell differentiation (GO:0051145),12,0.5465358224699746,up,0.5766326723400468,0.8338420610696902,False
GO:0007423,sensory organ development (GO:0007423),52,0.4776607138465116,down,0.5771182867015405,0.8339084424605497,False
GO:0034199,activation of protein kinase A activity (GO:0034199),16,0.4597331513690874,down,0.5769784644561471,0.8339084424605497,False
GO:0002753,cytoplasmic pattern recognition receptor signaling pathway (GO:0002753),26,0.5315018421411288,up,0.5780702967858904,0.8349659694245554,False
GO:0060765,regulation of androgen receptor signaling pathway (GO:0060765),31,0.4712053855899485,down,0.578823874624771,0.8354181721658129,False
GO:0009063,cellular amino acid catabolic process (GO:0009063),88,0.4828908942775443,down,0.5787193550275164,0.8354181721658129,False
GO:0090181,regulation of cholesterol metabolic process (GO:0090181),20,0.5357078553797009,up,0.5802607137558378,0.8359015903060739,False
GO:2000272,negative regulation of signaling receptor activity (GO:2000272),25,0.5319581760092942,up,0.580049120689414,0.8359015903060739,False
GO:0046605,regulation of centrosome cycle (GO:0046605),21,0.5348990615587583,up,0.579703663676034,0.8359015903060739,False
GO:0035296,regulation of tube diameter (GO:0035296),12,0.4538633878194892,down,0.5799070840677276,0.8359015903060739,False
GO:0003018,vascular process in circulatory system (GO:0003018),12,0.4538633878194892,down,0.5799070840677276,0.8359015903060739,False
GO:0070203,regulation of establishment of protein localization to telomere (GO:0070203),11,0.5480595644049366,up,0.5809133406595379,0.8362656839607627,False
GO:0009890,negative regulation of biosynthetic process (GO:0009890),16,0.46017596329742444,down,0.5811748860850436,0.8362656839607627,False
GO:0031570,DNA integrity checkpoint signaling (GO:0031570),37,0.4737904270706874,down,0.5809777138591339,0.8362656839607627,False
GO:0046006,regulation of activated T cell proliferation (GO:0046006),28,0.4699083775608015,down,0.5813958663091546,0.8362664091432019,False
GO:0001990,regulation of systemic arterial blood pressure by hormone (GO:0001990),15,0.45892179636082076,down,0.5816466697817733,0.8363100145876672,False
GO:0010720,positive regulation of cell development (GO:0010720),35,0.47312110898979,down,0.5819373475964396,0.8364108978527075,False
GO:0051924,regulation of calcium ion transport (GO:0051924),54,0.4783689535295593,down,0.5821889813610646,0.8364556084479234,False
GO:0032725,positive regulation of granulocyte macrophage colony-stimulating factor production (GO:0032725),11,0.5478088280317986,up,0.5828881974710081,0.8365096227799976,False
GO:0007268,chemical synaptic transmission (GO:0007268),288,0.5093815141640895,up,0.5828699653016555,0.8365096227799976,False
GO:0051031,tRNA transport (GO:0051031),36,0.5264388854992882,up,0.5828555294027702,0.8365096227799976,False
GO:1904869,regulation of protein localization to Cajal body (GO:1904869),11,0.5476953368313257,up,0.5837831084601202,0.8368440402075721,False
GO:1904871,positive regulation of protein localization to Cajal body (GO:1904871),11,0.5476953368313257,up,0.5837831084601202,0.8368440402075721,False
GO:0048025,"negative regulation of mRNA splicing, via spliceosome (GO:0048025)",14,0.45767503017582867,down,0.583375050111609,0.8368440402075721,False
GO:0050765,negative regulation of phagocytosis (GO:0050765),17,0.4617744420493094,down,0.5851928261950734,0.8375986376444956,False
GO:1901881,positive regulation of protein depolymerization (GO:1901881),12,0.545507553542568,up,0.585084383110806,0.8375986376444956,False
GO:0031110,regulation of microtubule polymerization or depolymerization (GO:0031110),28,0.47020922116777114,down,0.5851795641048241,0.8375986376444956,False
GO:0045050,protein insertion into ER membrane by stop-transfer membrane-anchor sequence (GO:0045050),10,0.549894033967194,up,0.5847506884526453,0.8375986376444956,False
GO:0034244,negative regulation of transcription elongation from RNA polymerase II promoter (GO:0034244),12,0.5450962459716052,up,0.5884811115786337,0.8416700061152932,False
GO:0032785,"negative regulation of DNA-templated transcription, elongation (GO:0032785)",12,0.5450962459716052,up,0.5884811115786337,0.8416700061152932,False
GO:1903363,negative regulation of cellular protein catabolic process (GO:1903363),10,0.5493250108869212,up,0.5890409557046232,0.8421531643375937,False
GO:0051588,regulation of neurotransmitter transport (GO:0051588),16,0.46122673422573246,down,0.5911895127847931,0.8425740066615665,False
GO:0007519,skeletal muscle tissue development (GO:0007519),36,0.47415268052851944,down,0.591316240626203,0.8425740066615665,False
GO:0010941,regulation of cell death (GO:0010941),95,0.5159441823417683,up,0.5908656710304008,0.8425740066615665,False
GO:0006513,protein monoubiquitination (GO:0006513),37,0.5254698594230235,up,0.5916966341056393,0.8425740066615665,False
GO:0000413,protein peptidyl-prolyl isomerization (GO:0000413),20,0.5348047045157543,up,0.5898753677007581,0.8425740066615665,False
GO:0010745,negative regulation of macrophage derived foam cell differentiation (GO:0010745),12,0.45528602812376,down,0.5916462143291495,0.8425740066615665,False
GO:0016236,macroautophagy (GO:0016236),115,0.5144989997721,up,0.5907828756010842,0.8425740066615665,False
GO:0060393,regulation of pathway-restricted SMAD protein phosphorylation (GO:0060393),58,0.5203947216728002,up,0.5908654440051755,0.8425740066615665,False
GO:0003073,regulation of systemic arterial blood pressure (GO:0003073),14,0.5413834010129124,up,0.591778843592516,0.8425740066615665,False
GO:0055013,cardiac muscle cell development (GO:0055013),23,0.5323498363504121,up,0.5911030751812605,0.8425740066615665,False
GO:0055075,potassium ion homeostasis (GO:0055075),24,0.5317676415633199,up,0.5899496900102784,0.8425740066615665,False
GO:0006650,glycerophospholipid metabolic process (GO:0006650),77,0.48244989055972826,down,0.5941254458242295,0.8437726867305281,False
GO:0034762,regulation of transmembrane transport (GO:0034762),32,0.47275622403625484,down,0.5936167469795218,0.8437726867305281,False
GO:0060627,regulation of vesicle-mediated transport (GO:0060627),94,0.5158963000482363,up,0.5939318927714208,0.8437726867305281,False
GO:0007259,receptor signaling pathway via JAK-STAT (GO:0007259),30,0.5281859114015977,up,0.5929677610703517,0.8437726867305281,False
GO:0050808,synapse organization (GO:0050808),125,0.4862319836877367,down,0.5945510071062678,0.8437726867305281,False
GO:0000381,"regulation of alternative mRNA splicing, via spliceosome (GO:0000381)",52,0.5213068404141857,up,0.5948449309894195,0.8437726867305281,False
GO:0010942,positive regulation of cell death (GO:0010942),59,0.47992819425199224,down,0.5936153200291959,0.8437726867305281,False
GO:0045740,positive regulation of DNA replication (GO:0045740),17,0.5373322219299475,up,0.5939924929581128,0.8437726867305281,False
GO:1903900,regulation of viral life cycle (GO:1903900),23,0.5320240524486827,up,0.5948452845550836,0.8437726867305281,False
GO:0006270,DNA replication initiation (GO:0006270),37,0.5252649069547204,up,0.5946825173282253,0.8437726867305281,False
GO:0051383,kinetochore organization (GO:0051383),12,0.4557650804711165,down,0.5956236109660995,0.8439782939901729,False
GO:0098655,cation transmembrane transport (GO:0098655),43,0.4766380846054243,down,0.5958802718970955,0.8439782939901729,False
GO:0031334,positive regulation of protein-containing complex assembly (GO:0031334),113,0.48556451683559904,down,0.5956363244115795,0.8439782939901729,False
GO:0071346,cellular response to interferon-gamma (GO:0071346),85,0.4833726402984819,down,0.5958576691096553,0.8439782939901729,False
GO:0009235,cobalamin metabolic process (GO:0009235),19,0.46498003924901116,down,0.5970657197523049,0.8453416480106356,False
GO:0050684,regulation of mRNA processing (GO:0050684),32,0.47306488394387475,down,0.5978070679328911,0.8457598689554107,False
GO:0033630,positive regulation of cell adhesion mediated by integrin (GO:0033630),17,0.5369564400474168,up,0.5977120725305487,0.8457598689554107,False
GO:0097428,protein maturation by iron-sulfur cluster transfer (GO:0097428),12,0.5438139341327217,up,0.5991289326847008,0.8464951426314902,False
GO:0006309,apoptotic DNA fragmentation (GO:0006309),14,0.5405558989078632,up,0.5992101333070654,0.8464951426314902,False
GO:0014910,regulation of smooth muscle cell migration (GO:0014910),20,0.46605633802816904,down,0.5991095212967452,0.8464951426314902,False
GO:0070647,protein modification by small protein conjugation or removal (GO:0070647),14,0.5405548619378067,up,0.5992194721765228,0.8464951426314902,False
GO:0060231,mesenchymal to epithelial transition (GO:0060231),10,0.5478647118594862,up,0.6001171107692331,0.8473524815753167,False
GO:1902850,microtubule cytoskeleton organization involved in mitosis (GO:1902850),124,0.5136090911909766,up,0.6002731658299173,0.8473524815753167,False
GO:0010665,regulation of cardiac muscle cell apoptotic process (GO:0010665),11,0.45445307798693,down,0.6008433862119751,0.8475265763860251,False
GO:0051052,regulation of DNA metabolic process (GO:0051052),44,0.522793979726356,up,0.6006847069157888,0.8475265763860251,False
GO:0032355,response to estradiol (GO:0032355),33,0.47372187977033714,down,0.601210022813674,0.8477284819822548,False
GO:1900273,positive regulation of long-term synaptic potentiation (GO:1900273),13,0.4582553501315478,down,0.6021782148369945,0.848130549659681,False
GO:0006883,cellular sodium ion homeostasis (GO:0006883),15,0.5388869531552458,up,0.6019564151634755,0.848130549659681,False
GO:0006812,cation transport (GO:0006812),168,0.48836849173711544,down,0.6023895862861008,0.848130549659681,False
GO:0043484,regulation of RNA splicing (GO:0043484),69,0.4818446502916168,down,0.6017517556911826,0.848130549659681,False
GO:0120192,tight junction assembly (GO:0120192),54,0.4795597027218201,down,0.603131330980585,0.848544932644421,False
GO:0042398,cellular modified amino acid biosynthetic process (GO:0042398),20,0.5335763031799041,up,0.6030690578113173,0.848544932644421,False
GO:1901214,regulation of neuron death (GO:1901214),81,0.48332647342557933,down,0.6036180315806634,0.8489147919115522,False
GO:0002092,positive regulation of receptor internalization (GO:0002092),22,0.46807898342763155,down,0.6041294547978207,0.8493191334500125,False
GO:0010586,miRNA metabolic process (GO:0010586),20,0.5334499782198344,up,0.6044333529480751,0.8494315330611518,False
GO:0071705,nitrogen compound transport (GO:0071705),136,0.48716197338809064,down,0.6047412145244333,0.849549417293028,False
GO:0006284,base-excision repair (GO:0006284),48,0.4785266563974385,down,0.6065624756280601,0.8504895159687053,False
GO:1902931,negative regulation of alcohol biosynthetic process (GO:1902931),13,0.5407574830372577,up,0.6107918379907074,0.8504895159687053,False
GO:0007064,mitotic sister chromatid cohesion (GO:0007064),15,0.538091366627952,up,0.6094086726503039,0.8504895159687053,False
GO:0016254,preassembly of GPI anchor in ER membrane (GO:0016254),16,0.46293990824356107,down,0.6076851909493551,0.8504895159687053,False
GO:1903672,positive regulation of sprouting angiogenesis (GO:1903672),15,0.46191056910569106,down,0.609426854603696,0.8504895159687053,False
GO:0030032,lamellipodium assembly (GO:0030032),26,0.4709703581730071,down,0.6082626625841963,0.8504895159687053,False
GO:0032720,negative regulation of tumor necrosis factor production (GO:0032720),41,0.47678199598291676,down,0.6067777182893241,0.8504895159687053,False
GO:0097696,receptor signaling pathway via STAT (GO:0097696),25,0.4705756607609643,down,0.6104423121318884,0.8504895159687053,False
GO:0099175,regulation of postsynapse organization (GO:0099175),28,0.47217819070579986,down,0.6102209534697112,0.8504895159687053,False
GO:0019941,modification-dependent protein catabolic process (GO:0019941),196,0.5106557728611162,up,0.6063472131275214,0.8504895159687053,False
GO:1903201,regulation of oxidative stress-induced cell death (GO:1903201),11,0.45555631802873703,down,0.6096907031774494,0.8504895159687053,False
GO:0098742,cell-cell adhesion via plasma-membrane adhesion molecules (GO:0098742),166,0.48847710829318614,down,0.6079261156342979,0.8504895159687053,False
GO:0032101,regulation of response to external stimulus (GO:0032101),122,0.4866455014126351,down,0.6100123275064668,0.8504895159687053,False
GO:0014031,mesenchymal cell development (GO:0014031),18,0.46492951702464724,down,0.6063609996035657,0.8504895159687053,False
GO:0006760,folic acid-containing compound metabolic process (GO:0006760),19,0.5339516173404821,up,0.6083025919803562,0.8504895159687053,False
GO:0043486,histone exchange (GO:0043486),36,0.5245980094973384,up,0.6093670731906242,0.8504895159687053,False
GO:0001574,ganglioside biosynthetic process (GO:0001574),15,0.4620499419279907,down,0.6107365885227163,0.8504895159687053,False
GO:0008210,estrogen metabolic process (GO:0008210),16,0.4632475173495165,down,0.6106686861666085,0.8504895159687053,False
GO:0002474,antigen processing and presentation of peptide antigen via MHC class I (GO:0002474),25,0.47046877722916064,down,0.609146069939738,0.8504895159687053,False
GO:0070972,protein localization to endoplasmic reticulum (GO:0070972),16,0.4630578704375853,down,0.6088285356220045,0.8504895159687053,False
GO:2001235,positive regulation of apoptotic signaling pathway (GO:2001235),56,0.4801712466724531,down,0.607540050640941,0.8504895159687053,False
GO:0034341,response to interferon-gamma (GO:0034341),66,0.5181424733243629,up,0.6100012491419569,0.8504895159687053,False
GO:0010633,negative regulation of epithelial cell migration (GO:0010633),33,0.47440238184529626,down,0.610663844788214,0.8504895159687053,False
GO:0003181,atrioventricular valve morphogenesis (GO:0003181),19,0.5337987785120835,up,0.6099178315349632,0.8504895159687053,False
GO:0032647,regulation of interferon-alpha production (GO:0032647),23,0.4694470260223048,down,0.6118763652266266,0.8510623591142629,False
GO:2000402,negative regulation of lymphocyte migration (GO:2000402),11,0.5442035029190992,up,0.6116244418263714,0.8510623591142629,False
GO:0006465,signal peptide processing (GO:0006465),10,0.45366236028451157,down,0.6117994487252878,0.8510623591142629,False
GO:0060612,adipose tissue development (GO:0060612),11,0.45594429957453997,down,0.6128157829363479,0.8517443256422014,False
GO:0048660,regulation of smooth muscle cell proliferation (GO:0048660),47,0.4786677516856545,down,0.6126793678317592,0.8517443256422014,False
GO:0060759,regulation of response to cytokine stimulus (GO:0060759),19,0.4665649778995054,down,0.6137697416722414,0.8517596686731141,False
GO:0007187,"G protein-coupled receptor signaling pathway, coupled to cyclic nucleotide second messenger (GO:0007187)",57,0.5192876370821233,up,0.6142572861164012,0.8517596686731141,False
GO:0032365,intracellular lipid transport (GO:0032365),21,0.5317086932350915,up,0.6148319146980654,0.8517596686731141,False
GO:1904646,cellular response to amyloid-beta (GO:1904646),35,0.5245953349381589,up,0.6144141975377244,0.8517596686731141,False
GO:0015909,long-chain fatty acid transport (GO:0015909),31,0.4738994924771165,down,0.6148478705054011,0.8517596686731141,False
GO:0052372,modulation by symbiont of entry into host (GO:0052372),17,0.5353149564605446,up,0.6140825007278472,0.8517596686731141,False
GO:0007600,sensory perception (GO:0007600),46,0.47855654549429055,down,0.6146436928423546,0.8517596686731141,False
GO:1901836,regulation of transcription of nucleolar large rRNA by RNA polymerase I (GO:1901836),13,0.4595976290128778,down,0.6139037125740889,0.8517596686731141,False
GO:0042475,odontogenesis of dentin-containing tooth (GO:0042475),15,0.46241482771970577,down,0.6141714415990119,0.8517596686731141,False
GO:0014742,positive regulation of muscle hypertrophy (GO:0014742),17,0.4647994862036806,down,0.6152311669046431,0.8519794874294674,False
GO:0006913,nucleocytoplasmic transport (GO:0006913),40,0.5229307714659306,up,0.6156104406653186,0.85219357716918,False
GO:0008645,hexose transmembrane transport (GO:0008645),21,0.4683874188578841,down,0.6159045816128794,0.8522897037787858,False
GO:0070168,negative regulation of biomineral tissue development (GO:0070168),21,0.46845172407117,down,0.6166227237994539,0.8529070527539122,False
GO:0006110,regulation of glycolytic process (GO:0006110),69,0.48259234251890515,down,0.6168004338792463,0.8529070527539122,False
GO:0007420,brain development (GO:0007420),141,0.5121512340971182,up,0.6179253657478649,0.8541512070997274,False
GO:2001056,positive regulation of cysteine-type endopeptidase activity (GO:2001056),58,0.48110901812808454,down,0.6185228741370392,0.8546656690716902,False
GO:0046822,regulation of nucleocytoplasmic transport (GO:0046822),12,0.541387219464042,up,0.6195145460073558,0.8547903503113498,False
GO:0045672,positive regulation of osteoclast differentiation (GO:0045672),15,0.46296457607433217,down,0.6193625020932625,0.8547903503113498,False
GO:0090141,positive regulation of mitochondrial fission (GO:0090141),19,0.46704489182067727,down,0.6188680142345384,0.8547903503113498,False
GO:0071621,granulocyte chemotaxis (GO:0071621),55,0.4806342494714588,down,0.6191157464088848,0.8547903503113498,False
GO:0009072,aromatic amino acid family metabolic process (GO:0009072),10,0.45483234141384815,down,0.6208174906044794,0.8559496090761944,False
GO:0045823,positive regulation of heart contraction (GO:0045823),20,0.4680935095106723,down,0.6212133919185848,0.8559496090761944,False
GO:1901184,regulation of ERBB signaling pathway (GO:1901184),15,0.46316298877274487,down,0.6212407258066845,0.8559496090761944,False
GO:0061041,regulation of wound healing (GO:0061041),44,0.47848402070162555,down,0.6212573882907364,0.8559496090761944,False
GO:0089718,amino acid import across plasma membrane (GO:0089718),23,0.4702955794407629,down,0.6217973971068469,0.8563571203342137,False
GO:1901379,regulation of potassium ion transmembrane transport (GO:1901379),54,0.5193830498036771,up,0.622004710393029,0.8563571203342137,False
GO:0001845,phagolysosome assembly (GO:0001845),11,0.5428178545412317,up,0.6228332179501193,0.8571866457492027,False
GO:0071773,cellular response to BMP stimulus (GO:0071773),70,0.5169372026838945,up,0.6238687105087963,0.8583003333187756,False
GO:0097581,lamellipodium organization (GO:0097581),29,0.47371974269647843,down,0.6241133135893981,0.8583255251793283,False
GO:0032570,response to progesterone (GO:0032570),20,0.46841875998257587,down,0.6247750326743656,0.8589177138042156,False
GO:0002699,positive regulation of immune effector process (GO:0002699),26,0.47241256811677096,down,0.6261942422906184,0.8589177138042156,False
GO:1904353,regulation of telomere capping (GO:1904353),23,0.5293268647971553,up,0.626234002397446,0.8589177138042156,False
GO:0009251,glucan catabolic process (GO:0009251),15,0.5363066202090593,up,0.62627364426061,0.8589177138042156,False
GO:1902743,regulation of lamellipodium organization (GO:1902743),14,0.4624285009146076,down,0.626355496014358,0.8589177138042156,False
GO:0046676,negative regulation of insulin secretion (GO:0046676),17,0.4659012103592816,down,0.6263371615092675,0.8589177138042156,False
GO:0044319,"wound healing, spreading of cells (GO:0044319)",24,0.471280725702613,down,0.6261200106170406,0.8589177138042156,False
GO:0048844,artery morphogenesis (GO:0048844),30,0.4742464294359719,down,0.6252589942839129,0.8589177138042156,False
GO:0001952,regulation of cell-matrix adhesion (GO:0001952),64,0.4824931486435405,down,0.6278891478736575,0.8603986769814967,False
GO:0070935,3'-UTR-mediated mRNA stabilization (GO:0070935),14,0.4625840464230755,down,0.6277847153952125,0.8603986769814967,False
GO:0014020,primary neural tube formation (GO:0014020),30,0.4744623577826192,down,0.628161942967872,0.8604616286302413,False
GO:0016266,O-glycan processing (GO:0016266),53,0.4808016317612074,down,0.628543410143358,0.8606733410374574,False
GO:0045071,negative regulation of viral genome replication (GO:0045071),42,0.5214979665768612,up,0.6295792084721297,0.8617805621561847,False
GO:0042159,lipoprotein catabolic process (GO:0042159),11,0.541872974314038,up,0.6305271842294968,0.8624556832969642,False
GO:1990869,cellular response to chemokine (GO:1990869),45,0.47927411282249993,down,0.6303053917233856,0.8624556832969642,False
GO:1902652,secondary alcohol metabolic process (GO:1902652),42,0.5213727370470461,up,0.6315761683545739,0.8629953501742139,False
GO:0033147,negative regulation of intracellular estrogen receptor signaling pathway (GO:0033147),10,0.5437828422122224,up,0.6315654719771993,0.8629953501742139,False
GO:0090190,positive regulation of branching involved in ureteric bud morphogenesis (GO:0090190),12,0.4600354208402288,down,0.6316042953028257,0.8629953501742139,False
GO:0035336,long-chain fatty-acyl-CoA metabolic process (GO:0035336),24,0.47188095998760804,down,0.63335316675091,0.8645507291622528,False
GO:1903146,regulation of autophagy of mitochondrion (GO:1903146),19,0.4684051573934255,down,0.6334178762284421,0.8645507291622528,False
GO:0006664,glycolipid metabolic process (GO:0006664),48,0.4801148748801116,down,0.6334359429757928,0.8645507291622528,False
GO:0003281,ventricular septum development (GO:0003281),38,0.4776686245934154,down,0.6336543704379285,0.8645507291622528,False
GO:0046597,negative regulation of viral entry into host cell (GO:0046597),14,0.4633348127439472,down,0.6347026512755829,0.8649365061832861,False
GO:1902475,L-alpha-amino acid transmembrane transport (GO:1902475),26,0.5269339130473639,up,0.6343939234875235,0.8649365061832861,False
GO:1903083,protein localization to condensed chromosome (GO:1903083),12,0.5395847245207057,up,0.6348492573725991,0.8649365061832861,False
GO:0072594,establishment of protein localization to organelle (GO:0072594),73,0.48392158050206263,down,0.634529944843969,0.8649365061832861,False
GO:0010574,regulation of vascular endothelial growth factor production (GO:0010574),26,0.47312976314689986,down,0.635195292627772,0.8650972154172851,False
GO:0042953,lipoprotein transport (GO:0042953),10,0.4567368268253738,down,0.63561912928597,0.8653637320106548,False
GO:0051220,cytoplasmic sequestering of protein (GO:0051220),13,0.4621727497286408,down,0.6366753300438855,0.8664906806087039,False
GO:0000904,cell morphogenesis involved in differentiation (GO:0000904),70,0.4837109204595027,down,0.6372053583454487,0.8669009771177498,False
GO:0048762,mesenchymal cell differentiation (GO:0048762),50,0.519207673303299,up,0.63825885380821,0.8680228872336109,False
GO:0036148,phosphatidylglycerol acyl-chain remodeling (GO:0036148),17,0.4671361662732344,down,0.638887611052519,0.8684607605562514,False
GO:0051049,regulation of transport (GO:0051049),35,0.5228837054868432,up,0.6392677151260359,0.8684607605562514,False
GO:0060413,atrial septum morphogenesis (GO:0060413),11,0.45918539711362844,down,0.6391930705718538,0.8684607605562514,False
GO:0006817,phosphate ion transport (GO:0006817),17,0.5328023421459879,up,0.6395152805049917,0.8684860218243586,False
GO:0085029,extracellular matrix assembly (GO:0085029),23,0.5281361120090512,up,0.6403146235719928,0.868638543350704,False
GO:0033522,histone H2A ubiquitination (GO:0033522),17,0.46723352794279915,down,0.6398815402749353,0.868638543350704,False
GO:0046488,phosphatidylinositol metabolic process (GO:0046488),109,0.48705857338461217,down,0.6402918236853572,0.868638543350704,False
GO:0046456,icosanoid biosynthetic process (GO:0046456),11,0.5404846866059269,up,0.6419045809020185,0.8688101294247363,False
GO:0062098,regulation of programmed necrotic cell death (GO:0062098),20,0.5300450123420938,up,0.6417150034225148,0.8688101294247363,False
GO:0045664,regulation of neuron differentiation (GO:0045664),77,0.5153069049747158,up,0.6421054852290033,0.8688101294247363,False
GO:0035561,regulation of chromatin binding (GO:0035561),10,0.45739294527507623,down,0.6407527781685984,0.8688101294247363,False
GO:0032528,microvillus organization (GO:0032528),13,0.5371862618538189,up,0.6423984360014494,0.8688101294247363,False
GO:0000083,regulation of transcription involved in G1/S transition of mitotic cell cycle (GO:0000083),32,0.5237005417889202,up,0.6425026135081428,0.8688101294247363,False
GO:0042772,"DNA damage response, signal transduction resulting in transcription (GO:0042772)",10,0.5424444767019887,up,0.6420275066602482,0.8688101294247363,False
GO:0070665,positive regulation of leukocyte proliferation (GO:0070665),12,0.4611653069322262,down,0.6412771043663332,0.8688101294247363,False
GO:0035909,aorta morphogenesis (GO:0035909),17,0.4673496787064904,down,0.6410681262252316,0.8688101294247363,False
GO:0042102,positive regulation of T cell proliferation (GO:0042102),54,0.5182068350726239,up,0.6432973402846132,0.869334620231129,False
GO:0018026,peptidyl-lysine monomethylation (GO:0018026),10,0.4577239076789084,down,0.643348873975423,0.869334620231129,False
GO:0008611,ether lipid biosynthetic process (GO:0008611),10,0.45780809986935694,down,0.6440099811697417,0.8696083512199467,False
GO:1903749,positive regulation of establishment of protein localization to mitochondrion (GO:1903749),52,0.5185230939162282,up,0.6438347851299904,0.8696083512199467,False
GO:0031016,pancreas development (GO:0031016),13,0.5369606875326636,up,0.644417575022669,0.8698490612316668,False
GO:0051347,positive regulation of transferase activity (GO:0051347),141,0.48878122652830325,down,0.6451457910860587,0.8705222289539029,False
GO:0042147,"retrograde transport, endosome to Golgi (GO:0042147)",78,0.514957824365277,up,0.6476057306437402,0.8721400198321445,False
GO:0043543,protein acylation (GO:0043543),38,0.47858998689448146,down,0.6477243437561696,0.8721400198321445,False
GO:0006590,thyroid hormone generation (GO:0006590),12,0.538094339440041,up,0.6476484985324638,0.8721400198321445,False
GO:0010950,positive regulation of endopeptidase activity (GO:0010950),27,0.4745964740155515,down,0.6476221606594528,0.8721400198321445,False
GO:0071467,cellular response to pH (GO:0071467),17,0.5321071456633063,up,0.6466293012843749,0.8721400198321445,False
GO:0030219,megakaryocyte differentiation (GO:0030219),11,0.46018042461544956,down,0.6473854949822218,0.8721400198321445,False
GO:0034764,positive regulation of transmembrane transport (GO:0034764),13,0.5365609073001211,up,0.648002493981656,0.872204918265586,False
GO:0009894,regulation of catabolic process (GO:0009894),17,0.5318287254503404,up,0.6494875366525986,0.8737770653125527,False
GO:0035067,negative regulation of histone acetylation (GO:0035067),11,0.539547724369464,up,0.6496312481364088,0.8737770653125527,False
GO:0006783,heme biosynthetic process (GO:0006783),22,0.47211184830619674,down,0.6505725743600472,0.874537761969827,False
GO:0018393,internal peptidyl-lysine acetylation (GO:0018393),27,0.5251690054176402,up,0.6506579394355001,0.874537761969827,False
GO:0001773,myeloid dendritic cell activation (GO:0001773),14,0.534874339968559,up,0.6513328672795131,0.8751348089235541,False
GO:0007052,mitotic spindle organization (GO:0007052),152,0.5105832196662253,up,0.6520019549262582,0.875170836201874,False
GO:0031323,regulation of cellular metabolic process (GO:0031323),45,0.5193645258161387,up,0.6529390357124324,0.875170836201874,False
GO:0033561,regulation of water loss via skin (GO:0033561),18,0.4693837055105458,down,0.6528330830637807,0.875170836201874,False
GO:0098662,inorganic cation transmembrane transport (GO:0098662),266,0.4919897948973167,down,0.6521344414107109,0.875170836201874,False
GO:0033235,positive regulation of protein sumoylation (GO:0033235),10,0.4589229205980549,down,0.6527903486658728,0.875170836201874,False
GO:2000059,negative regulation of ubiquitin-dependent protein catabolic process (GO:2000059),36,0.5216450216450217,up,0.6529748131957035,0.875170836201874,False
GO:0061436,establishment of skin barrier (GO:0061436),18,0.4693837055105458,down,0.6528330830637807,0.875170836201874,False
GO:0050686,negative regulation of mRNA processing (GO:0050686),15,0.466525358110724,down,0.6534372593425701,0.875481287420123,False
GO:0006691,leukotriene metabolic process (GO:0006691),21,0.4717547993815636,down,0.653991130092944,0.8759139676703872,False
GO:0015749,monosaccharide transmembrane transport (GO:0015749),16,0.5322354380208485,up,0.6552038948558447,0.8769633929258481,False
GO:0072665,protein localization to vacuole (GO:0072665),13,0.4642431199832048,down,0.6552370829295686,0.8769633929258481,False
GO:0014904,myotube cell development (GO:0014904),11,0.46125463202457745,down,0.6562780148646405,0.8780467408753374,False
GO:0009223,pyrimidine deoxyribonucleotide catabolic process (GO:0009223),13,0.5355223720591585,up,0.6573533203185704,0.8785557237379625,False
GO:0048566,embryonic digestive tract development (GO:0048566),19,0.5294107757487574,up,0.6570768638901623,0.8785557237379625,False
GO:0006999,nuclear pore organization (GO:0006999),13,0.4644664608952397,down,0.6572524846203474,0.8785557237379625,False
GO:1905897,regulation of response to endoplasmic reticulum stress (GO:1905897),14,0.46586087180146585,down,0.6582113824318746,0.8793926641648822,False
GO:1901654,response to ketone (GO:1901654),26,0.5249822935494898,up,0.6591459983187191,0.8800213909267517,False
GO:0035435,phosphate ion transmembrane transport (GO:0035435),12,0.5367757357566607,up,0.6590601720775745,0.8800213909267517,False
GO:0030641,regulation of cellular pH (GO:0030641),29,0.5236298948068521,up,0.6594962727491959,0.880179226790183,False
GO:0051782,negative regulation of cell division (GO:0051782),11,0.4617666620918276,down,0.6605340108276231,0.8809442697148996,False
GO:0055006,cardiac cell development (GO:0055006),13,0.5351761936455044,up,0.6604823128809543,0.8809442697148996,False
GO:0043649,dicarboxylic acid catabolic process (GO:0043649),13,0.4649399436287538,down,0.66153337399496,0.8813920528579913,False
GO:0002688,regulation of leukocyte chemotaxis (GO:0002688),17,0.5306860069075542,up,0.6612723283258855,0.8813920528579913,False
GO:2001021,negative regulation of response to DNA damage stimulus (GO:2001021),31,0.5227073384660365,up,0.6615668796432115,0.8813920528579913,False
GO:0016338,calcium-independent cell-cell adhesion via plasma membrane cell-adhesion molecules (GO:0016338),20,0.5277827791491215,up,0.6670017276184962,0.8816317376126855,False
GO:0071233,cellular response to leucine (GO:0071233),10,0.5394774277834229,up,0.6654734840571541,0.8816317376126855,False
GO:0060397,growth hormone receptor signaling pathway via JAK-STAT (GO:0060397),11,0.46209657837227225,down,0.6632821151631156,0.8816317376126855,False
GO:1903532,positive regulation of secretion by cell (GO:1903532),71,0.5149201397308935,up,0.6635309524962012,0.8816317376126855,False
GO:0018200,peptidyl-glutamic acid modification (GO:0018200),24,0.5255450514555682,up,0.6647631440639485,0.8816317376126855,False
GO:1903715,regulation of aerobic respiration (GO:1903715),15,0.4674235385210995,down,0.6621514712225428,0.8816317376126855,False
GO:0030510,regulation of BMP signaling pathway (GO:0030510),74,0.4854142412095933,down,0.6641673765324778,0.8816317376126855,False
GO:0048490,anterograde synaptic vesicle transport (GO:0048490),15,0.5322377080913666,up,0.6654500811378233,0.8816317376126855,False
GO:0043201,response to leucine (GO:0043201),10,0.5394774277834229,up,0.6654734840571541,0.8816317376126855,False
GO:0002683,negative regulation of immune system process (GO:0002683),16,0.5311928337059729,up,0.6656676988187629,0.8816317376126855,False
GO:0051260,protein homooligomerization (GO:0051260),116,0.5115426211877316,up,0.6672587816366553,0.8816317376126855,False
GO:0019369,arachidonic acid metabolic process (GO:0019369),35,0.47867435876151737,down,0.6622500400570376,0.8816317376126855,False
GO:0099517,synaptic vesicle transport along microtubule (GO:0099517),15,0.5322377080913666,up,0.6654500811378233,0.8816317376126855,False
GO:1903076,regulation of protein localization to plasma membrane (GO:1903076),76,0.4856158364729999,down,0.6643604465998405,0.8816317376126855,False
GO:0046942,carboxylic acid transport (GO:0046942),56,0.4833259272487157,down,0.6658307953071558,0.8816317376126855,False
GO:0002824,positive regulation of adaptive immune response based on somatic recombination of immune receptors built from immunoglobulin superfamily domains (GO:0002824),11,0.46218103694006607,down,0.6639863607425422,0.8816317376126855,False
GO:0006895,Golgi to endosome transport (GO:0006895),16,0.46892512848805135,down,0.6668557513210962,0.8816317376126855,False
GO:0006493,protein O-linked glycosylation (GO:0006493),95,0.48725185344035293,down,0.6673252619789138,0.8816317376126855,False
GO:0008585,female gonad development (GO:0008585),21,0.5270939298644474,up,0.6672287033902097,0.8816317376126855,False
GO:0033077,T cell differentiation in thymus (GO:0033077),14,0.5332929606324688,up,0.6661639092366166,0.8816317376126855,False
GO:0070936,protein K48-linked ubiquitination (GO:0070936),55,0.5169445031712474,up,0.6635975995642936,0.8816317376126855,False
GO:0070848,response to growth factor (GO:0070848),41,0.5195999359307826,up,0.6639437206455167,0.8816317376126855,False
GO:0044089,positive regulation of cellular component biogenesis (GO:0044089),86,0.48641691031736956,down,0.6629841356573771,0.8816317376126855,False
GO:0018342,protein prenylation (GO:0018342),10,0.46070547249237914,down,0.666929846533979,0.8816317376126855,False
GO:0015012,heparan sulfate proteoglycan biosynthetic process (GO:0015012),19,0.47161935795464965,down,0.6683581618646772,0.8816740036591924,False
GO:0043069,negative regulation of programmed cell death (GO:0043069),358,0.5065670762168333,up,0.6685194923606215,0.8816740036591924,False
GO:0072075,metanephric mesenchyme development (GO:0072075),11,0.5373333262951193,up,0.6680415175311616,0.8816740036591924,False
GO:0007608,sensory perception of smell (GO:0007608),68,0.5150253430246382,up,0.6680879761812851,0.8816740036591924,False
GO:0019370,leukotriene biosynthetic process (GO:0019370),15,0.4680584591560201,down,0.6683393257958291,0.8816740036591924,False
GO:0010882,regulation of cardiac muscle contraction by calcium ion signaling (GO:0010882),20,0.5275780455931465,up,0.6693095246254395,0.8818824334072334,False
GO:0031663,lipopolysaccharide-mediated signaling pathway (GO:0031663),20,0.4724277624509946,down,0.6693750397520235,0.8818824334072334,False
GO:0071241,cellular response to inorganic substance (GO:0071241),21,0.4730913797824409,down,0.6693692842846519,0.8818824334072334,False
GO:0006605,protein targeting (GO:0006605),117,0.4886059798693033,down,0.6699639282540215,0.8820433427783411,False
GO:0045787,positive regulation of cell cycle (GO:0045787),64,0.48461761434677675,down,0.6701948098832531,0.8820433427783411,False
GO:1990573,potassium ion import across plasma membrane (GO:1990573),41,0.48078277842114736,down,0.6701144639587193,0.8820433427783411,False
GO:0060047,heart contraction (GO:0060047),41,0.519145639820436,up,0.6712711125977571,0.8828472018319322,False
GO:0018022,peptidyl-lysine methylation (GO:0018022),25,0.4754748765611385,down,0.6711156853461615,0.8828472018319322,False
GO:0032743,positive regulation of interleukin-2 production (GO:0032743),25,0.5244856230031949,up,0.6716143976942324,0.8829147738528108,False
GO:1900182,positive regulation of protein localization to nucleus (GO:1900182),66,0.48495246453896024,down,0.6722535900044602,0.8829147738528108,False
GO:0048311,mitochondrion distribution (GO:0048311),12,0.46473400497440215,down,0.6722240275311285,0.8829147738528108,False
GO:0048024,"regulation of mRNA splicing, via spliceosome (GO:0048024)",83,0.5134397709539427,up,0.671836249893333,0.8829147738528108,False
GO:0061053,somite development (GO:0061053),11,0.46329219497260377,down,0.673279033363886,0.8831359991106892,False
GO:2000242,negative regulation of reproductive process (GO:2000242),19,0.47207328927499376,down,0.6733533639409737,0.8831359991106892,False
GO:0098586,cellular response to virus (GO:0098586),29,0.5226352576340657,up,0.6729796880019606,0.8831359991106892,False
GO:0006699,bile acid biosynthetic process (GO:0006699),26,0.4760778592286914,down,0.6727521602626303,0.8831359991106892,False
GO:0010800,positive regulation of peptidyl-threonine phosphorylation (GO:0010800),22,0.5259199024191908,up,0.6737570469127309,0.883275176938584,False
GO:2000738,positive regulation of stem cell differentiation (GO:2000738),17,0.5294681319882619,up,0.6739252206855424,0.883275176938584,False
GO:0090092,regulation of transmembrane receptor protein serine/threonine kinase signaling pathway (GO:0090092),30,0.5221050593076737,up,0.6750581600996564,0.8839064112442523,False
GO:0009068,aspartate family amino acid catabolic process (GO:0009068),19,0.5277677583434717,up,0.6751059513247031,0.8839064112442523,False
GO:0035994,response to muscle stretch (GO:0035994),15,0.46872628726287263,down,0.6748722927653777,0.8839064112442523,False
GO:0000027,ribosomal large subunit assembly (GO:0000027),25,0.5241370897473134,up,0.6760210465151486,0.8842175467465048,False
GO:0006941,striated muscle contraction (GO:0006941),53,0.48340925768905496,down,0.6758975846972073,0.8842175467465048,False
GO:0072202,cell differentiation involved in metanephros development (GO:0072202),10,0.46184642183190594,down,0.6760429437292022,0.8842175467465048,False
GO:0044458,motile cilium assembly (GO:0044458),12,0.46521305732175866,down,0.67642235468842,0.884403711016907,False
GO:0031365,N-terminal protein amino acid modification (GO:0031365),14,0.4678414846092904,down,0.6768847806702032,0.884403711016907,False
GO:0006312,mitotic recombination (GO:0006312),15,0.4689082462253194,down,0.6766565711087498,0.884403711016907,False
GO:0031297,replication fork processing (GO:0031297),36,0.5200398035968505,up,0.677199662755777,0.8845104410580793,False
GO:0043922,negative regulation by host of viral transcription (GO:0043922),12,0.4654283889324391,down,0.6783127730632015,0.8853076535203643,False
GO:0043097,pyrimidine nucleoside salvage (GO:0043097),11,0.4639150769100833,down,0.6785102422313997,0.8853076535203643,False
GO:0008655,pyrimidine-containing compound salvage (GO:0008655),11,0.4639150769100833,down,0.6785102422313997,0.8853076535203643,False
GO:0046855,inositol phosphate dephosphorylation (GO:0046855),11,0.5359608745684695,up,0.6795539131566053,0.885755323918558,False
GO:0046838,phosphorylated carbohydrate dephosphorylation (GO:0046838),11,0.5359608745684695,up,0.6795539131566053,0.885755323918558,False
GO:0034374,low-density lipoprotein particle remodeling (GO:0034374),10,0.5377413267527943,up,0.6793475126177558,0.885755323918558,False
GO:0030033,microvillus assembly (GO:0030033),14,0.5318287589127576,up,0.6800135281304762,0.8857804907591151,False
GO:0043691,reverse cholesterol transport (GO:0043691),15,0.4692528068137824,down,0.6800402818588303,0.8857804907591151,False
GO:0051438,regulation of ubiquitin-protein transferase activity (GO:0051438),29,0.4781555440254659,down,0.6837756839307434,0.8857886079933793,False
GO:0035809,regulation of urine volume (GO:0035809),10,0.46268544055741034,down,0.6827749421645702,0.8857886079933793,False
GO:0070293,renal absorption (GO:0070293),11,0.464155255962247,down,0.6805315237369001,0.8857886079933793,False
GO:0019233,sensory perception of pain (GO:0019233),21,0.5256667690018448,up,0.6837830330093896,0.8857886079933793,False
GO:0071479,cellular response to ionizing radiation (GO:0071479),45,0.4824508379347089,down,0.6836217639399238,0.8857886079933793,False
GO:0060349,bone morphogenesis (GO:0060349),14,0.5314554496924346,up,0.6835621645598428,0.8857886079933793,False
GO:0031497,chromatin assembly (GO:0031497),48,0.48291983947065037,down,0.6820810110771944,0.8857886079933793,False
GO:0035518,histone H2A monoubiquitination (GO:0035518),17,0.47125268598641035,down,0.6814580064309834,0.8857886079933793,False
GO:1904752,regulation of vascular associated smooth muscle cell migration (GO:1904752),12,0.5340465890505086,up,0.6829304695202024,0.8857886079933793,False
GO:0048146,positive regulation of fibroblast proliferation (GO:0048146),28,0.5223464556473532,up,0.6822201442399437,0.8857886079933793,False
GO:0051607,defense response to virus (GO:0051607),105,0.48849143966174535,down,0.6833620370471224,0.8857886079933793,False
GO:0032689,negative regulation of interferon-gamma production (GO:0032689),23,0.524577743656053,up,0.6831536593902271,0.8857886079933793,False
GO:0110020,regulation of actomyosin structure organization (GO:0110020),13,0.4671800529764643,down,0.6819351886378759,0.8857886079933793,False
GO:0045623,negative regulation of T-helper cell differentiation (GO:0045623),11,0.46419748524614396,down,0.6808871517373198,0.8857886079933793,False
GO:0051180,vitamin transport (GO:0051180),27,0.4772504292371842,down,0.6823076082895636,0.8857886079933793,False
GO:0120034,positive regulation of plasma membrane bounded cell projection assembly (GO:0120034),80,0.486744,down,0.6816346628559291,0.8857886079933793,False
GO:0036109,alpha-linolenic acid metabolic process (GO:0036109),12,0.5339110994977209,up,0.6841240704224025,0.8859278248931967,False
GO:0046462,monoacylglycerol metabolic process (GO:0046462),13,0.5325519379290937,up,0.6843921009980505,0.8859724365479882,False
GO:0007127,meiosis I (GO:0007127),24,0.5238931970220635,up,0.6852396208457273,0.8864644890408744,False
GO:0060284,regulation of cell development (GO:0060284),39,0.48124605132973336,down,0.68513473182053,0.8864644890408744,False
GO:0140053,mitochondrial gene expression (GO:0140053),42,0.5180344360450716,up,0.6857629871040598,0.886839076060586,False
GO:0000266,mitochondrial fission (GO:0000266),17,0.5281614358967351,up,0.6876041522180358,0.8871208829623082,False
GO:0000244,spliceosomal tri-snRNP complex assembly (GO:0000244),13,0.46774957230215347,down,0.6871601241008419,0.8871208829623082,False
GO:0051881,regulation of mitochondrial membrane potential (GO:0051881),40,0.5183640854278657,up,0.6876180848692819,0.8871208829623082,False
GO:0019935,cyclic-nucleotide-mediated signaling (GO:0019935),36,0.5194256402310093,up,0.6865589765824033,0.8871208829623082,False
GO:0042113,B cell activation (GO:0042113),73,0.48637049650860636,down,0.6869797035068377,0.8871208829623082,False
GO:2000649,regulation of sodium ion transmembrane transporter activity (GO:2000649),39,0.5186339984980153,up,0.6870416844363598,0.8871208829623082,False
GO:0051315,attachment of mitotic spindle microtubules to kinetochore (GO:0051315),11,0.5351083708998005,up,0.6867429042177187,0.8871208829623082,False
GO:0000245,spliceosomal complex assembly (GO:0000245),46,0.4828912304288438,down,0.6879170015903507,0.8872047558763008,False
GO:2001028,positive regulation of endothelial cell chemotaxis (GO:2001028),15,0.4701567944250871,down,0.6889483011342914,0.8875848734087785,False
GO:0046824,positive regulation of nucleocytoplasmic transport (GO:0046824),45,0.517243049501114,up,0.6888492197654539,0.8875848734087785,False
GO:0086009,membrane repolarization (GO:0086009),15,0.47015873015873016,down,0.6889674230180984,0.8875848734087785,False
GO:0006816,calcium ion transport (GO:0006816),115,0.5107862550960979,up,0.6891477596068686,0.8875848734087785,False
GO:0045670,regulation of osteoclast differentiation (GO:0045670),32,0.47968972416698136,down,0.6907783401062886,0.8876660737958753,False
GO:0071173,spindle assembly checkpoint signaling (GO:0071173),20,0.5256541309713954,up,0.6911464236570413,0.8876660737958753,False
GO:0018230,peptidyl-L-cysteine S-palmitoylation (GO:0018230),22,0.5244466856583141,up,0.6913170529905129,0.8876660737958753,False
GO:0007094,mitotic spindle assembly checkpoint signaling (GO:0007094),20,0.5256541309713954,up,0.6911464236570413,0.8876660737958753,False
GO:0071174,mitotic spindle checkpoint signaling (GO:0071174),20,0.5256541309713954,up,0.6911464236570413,0.8876660737958753,False
GO:0015807,L-amino acid transport (GO:0015807),27,0.5221471326095469,up,0.6902787958973056,0.8876660737958753,False
GO:0018231,peptidyl-S-diacylglycerol-L-cysteine biosynthetic process from peptidyl-cysteine (GO:0018231),22,0.5244466856583141,up,0.6913170529905129,0.8876660737958753,False
GO:0016239,positive regulation of macroautophagy (GO:0016239),49,0.4835422630367034,down,0.6900537591887401,0.8876660737958753,False
GO:0060306,regulation of membrane repolarization (GO:0060306),13,0.4680957507158076,down,0.6903434023549619,0.8876660737958753,False
GO:0008380,RNA splicing (GO:0008380),96,0.4883031920312,down,0.6917815507083069,0.8879619024827777,False
GO:0061311,cell surface receptor signaling pathway involved in heart development (GO:0061311),17,0.4722912104617676,down,0.6923668322370098,0.8880576284924797,False
GO:0030098,lymphocyte differentiation (GO:0030098),72,0.4865342449595569,down,0.6925585196627353,0.8880576284924797,False
GO:2000107,negative regulation of leukocyte apoptotic process (GO:2000107),10,0.5361039338075192,up,0.6925331053513549,0.8880576284924797,False
GO:0043567,regulation of insulin-like growth factor receptor signaling pathway (GO:0043567),18,0.5268703235860653,up,0.6929972927562867,0.8882831212982705,False
GO:0002227,innate immune response in mucosa (GO:0002227),13,0.4684061945835362,down,0.6932027521863645,0.8882831212982705,False
GO:0000050,urea cycle (GO:0000050),10,0.5359181303527363,up,0.6940353379640412,0.8883442819212288,False
GO:0002720,positive regulation of cytokine production involved in immune response (GO:0002720),26,0.47770216074552535,down,0.6938068187149888,0.8883442819212288,False
GO:1904951,positive regulation of establishment of protein localization (GO:1904951),18,0.4732393775428883,down,0.6941873059885374,0.8883442819212288,False
GO:0030488,tRNA methylation (GO:0030488),30,0.4792311788913096,down,0.6936738961508022,0.8883442819212288,False
GO:0035305,negative regulation of dephosphorylation (GO:0035305),19,0.47408541245086233,down,0.6956666890911443,0.8898607187010767,False
GO:0050921,positive regulation of chemotaxis (GO:0050921),41,0.4823639556788431,down,0.6958415216629037,0.8898607187010767,False
GO:0006665,sphingolipid metabolic process (GO:0006665),109,0.48923368612025386,down,0.6974605452362799,0.8916305521001717,False
GO:0046349,amino sugar biosynthetic process (GO:0046349),12,0.5322949026894677,up,0.6984221690679249,0.8922584328981606,False
GO:1902991,regulation of amyloid precursor protein catabolic process (GO:1902991),12,0.5323142583398659,up,0.6982502872923406,0.8922584328981606,False
GO:0070839,metal ion export (GO:0070839),31,0.5199635663040789,up,0.7003444804372394,0.8932100249826661,False
GO:0045922,negative regulation of fatty acid metabolic process (GO:0045922),16,0.527787355904643,up,0.7002927034671848,0.8932100249826661,False
GO:0006479,protein methylation (GO:0006479),39,0.4821937321937322,down,0.7002546028369184,0.8932100249826661,False
GO:0002082,regulation of oxidative phosphorylation (GO:0002082),16,0.5278481518046401,up,0.6996688059794791,0.8932100249826661,False
GO:0097305,response to alcohol (GO:0097305),28,0.478988667532543,down,0.7002577791109237,0.8932100249826661,False
GO:0035082,axoneme assembly (GO:0035082),30,0.47988380537400144,down,0.7028344341137722,0.8942645663663249,False
GO:0045880,positive regulation of smoothened signaling pathway (GO:0045880),19,0.47477547976108236,down,0.7033814504116755,0.8942645663663249,False
GO:0006297,"nucleotide-excision repair, DNA gap filling (GO:0006297)",24,0.47753720000387245,down,0.7031603468481311,0.8942645663663249,False
GO:0010458,exit from mitosis (GO:0010458),12,0.4682083442208867,down,0.702896500654944,0.8942645663663249,False
GO:0001678,cellular glucose homeostasis (GO:0001678),42,0.5170685773510287,up,0.7017629790565723,0.8942645663663249,False
GO:0050996,positive regulation of lipid catabolic process (GO:0050996),22,0.4765565802361899,down,0.7033719509754102,0.8942645663663249,False
GO:0042104,positive regulation of activated T cell proliferation (GO:0042104),16,0.5275922645837567,up,0.7022961268038972,0.8942645663663249,False
GO:0043031,negative regulation of macrophage activation (GO:0043031),16,0.527403525073318,up,0.704236293102086,0.8942645663663249,False
GO:0043171,peptide catabolic process (GO:0043171),23,0.5229601887021174,up,0.7029806579756,0.8942645663663249,False
GO:0050829,defense response to Gram-negative bacterium (GO:0050829),46,0.4838095316316383,down,0.703854128096745,0.8942645663663249,False
GO:0042093,T-helper cell differentiation (GO:0042093),14,0.47069315226453523,down,0.7041205509662085,0.8942645663663249,False
GO:0080009,mRNA methylation (GO:0080009),14,0.4705355328159544,down,0.7026048129693481,0.8942645663663249,False
GO:1902307,positive regulation of sodium ion transmembrane transport (GO:1902307),12,0.5316827802456232,up,0.7038658671954114,0.8942645663663249,False
GO:0035020,regulation of Rac protein signal transduction (GO:0035020),16,0.47270536310578126,down,0.7053564969257557,0.8948357410487133,False
GO:0010529,negative regulation of transposition (GO:0010529),16,0.4727089927117512,down,0.7053938480716195,0.8948357410487133,False
GO:0032205,negative regulation of telomere maintenance (GO:0032205),15,0.4717886178861789,down,0.7051374923083326,0.8948357410487133,False
GO:0062012,regulation of small molecule metabolic process (GO:0062012),28,0.5205994879434331,up,0.7058567086223869,0.8951235358758655,False
GO:0030071,regulation of mitotic metaphase/anaphase transition (GO:0030071),26,0.4786438981449002,down,0.7061243161341507,0.8951636133345032,False
GO:1905562,regulation of vascular endothelial cell proliferation (GO:1905562),18,0.4744218911829331,down,0.7070622990350522,0.8957539412959096,False
GO:0045725,positive regulation of glycogen biosynthetic process (GO:0045725),12,0.46866562146154517,down,0.7069710683377495,0.8957539412959096,False
GO:0043200,response to amino acid (GO:0043200),31,0.4805761921540111,down,0.7080696644388713,0.8961322112834964,False
GO:0060314,regulation of ryanodine-sensitive calcium-release channel activity (GO:0060314),24,0.5220767622200924,up,0.7080257246806821,0.8961322112834964,False
GO:0006893,Golgi to plasma membrane transport (GO:0006893),48,0.48437757336200965,down,0.7079101252986423,0.8961322112834964,False
GO:0045292,"mRNA cis splicing, via spliceosome (GO:0045292)",16,0.526957083539011,up,0.7088331803624657,0.8965002511219848,False
GO:0071451,cellular response to superoxide (GO:0071451),11,0.46747289407839865,down,0.7086812486489139,0.8965002511219848,False
GO:0022618,ribonucleoprotein complex assembly (GO:0022618),133,0.49067773886671695,down,0.7101200746805962,0.896835696203672,False
GO:0097659,nucleic acid-templated transcription (GO:0097659),41,0.516808247352538,up,0.7094537248816173,0.896835696203672,False
GO:0006396,RNA processing (GO:0006396),176,0.4918957969231096,down,0.7102806304760957,0.896835696203672,False
GO:0050830,defense response to Gram-positive bacterium (GO:0050830),47,0.48432328948735326,down,0.7098671327903365,0.896835696203672,False
GO:0014911,positive regulation of smooth muscle cell migration (GO:0014911),17,0.47393611024757193,down,0.709775657243634,0.896835696203672,False
GO:0006401,RNA catabolic process (GO:0006401),45,0.5159740385546837,up,0.7106764193809617,0.8970368248625583,False
GO:1903578,regulation of ATP metabolic process (GO:1903578),55,0.48558826638477803,down,0.7114298742936696,0.8976891261463369,False
GO:0015693,magnesium ion transport (GO:0015693),11,0.46786351495444517,down,0.7120228625515543,0.8978399992214248,False
GO:0002098,tRNA wobble uridine modification (GO:0002098),14,0.5285042329117704,up,0.7118569771031069,0.8978399992214248,False
GO:0060538,skeletal muscle organ development (GO:0060538),31,0.5191164453906877,up,0.7124822504832957,0.8980123796070016,False
GO:0045913,positive regulation of carbohydrate metabolic process (GO:0045913),23,0.5221596189591078,up,0.7128698325854684,0.8980123796070016,False
GO:0030509,BMP signaling pathway (GO:0030509),64,0.48670618766537754,down,0.7128322021577793,0.8980123796070016,False
GO:0030301,cholesterol transport (GO:0030301),47,0.4845094164147873,down,0.7131585759424388,0.8980778481240606,False
GO:0032331,negative regulation of chondrocyte differentiation (GO:0032331),15,0.4728029423151374,down,0.715268804608362,0.8984475223005142,False
GO:0042987,amyloid precursor protein catabolic process (GO:0042987),14,0.4717301223209879,down,0.7141215826303665,0.8984475223005142,False
GO:0006690,icosanoid metabolic process (GO:0006690),41,0.4835322975476515,down,0.7150809449965181,0.8984475223005142,False
GO:0050857,positive regulation of antigen receptor-mediated signaling pathway (GO:0050857),21,0.5230323296188429,up,0.7147387860061604,0.8984475223005142,False
GO:0034660,ncRNA metabolic process (GO:0034660),36,0.4824442894912694,down,0.7153470913122997,0.8984475223005142,False
GO:0097711,ciliary basal body-plasma membrane docking (GO:0097711),92,0.5110258252999624,up,0.714477314014539,0.8984475223005142,False
GO:0015748,organophosphate ester transport (GO:0015748),25,0.47883357537031657,down,0.7140182231703702,0.8984475223005142,False
GO:0016339,calcium-dependent cell-cell adhesion via plasma membrane cell adhesion molecules (GO:0016339),35,0.48219141695027806,down,0.715284460544597,0.8984475223005142,False
GO:0042306,regulation of protein import into nucleus (GO:0042306),36,0.5174927607813514,up,0.716323578511582,0.8992128460486062,False
GO:0045744,negative regulation of G protein-coupled receptor signaling pathway (GO:0045744),22,0.522363588840515,up,0.7164305881252011,0.8992128460486062,False
GO:0045911,positive regulation of DNA recombination (GO:0045911),26,0.4794538146508869,down,0.7167797284018467,0.8993534600821054,False
GO:0090342,regulation of cell aging (GO:0090342),12,0.5301391671263633,up,0.717660456323405,0.9000010291051286,False
GO:0016578,histone deubiquitination (GO:0016578),18,0.4753995218321379,down,0.7177703962676019,0.9000010291051286,False
GO:0060544,regulation of necroptotic process (GO:0060544),23,0.4782987514142557,down,0.7185538640044964,0.9000907550095953,False
GO:0095500,acetylcholine receptor signaling pathway (GO:0095500),21,0.4772719100999289,down,0.718345324181475,0.9000907550095953,False
GO:0071312,cellular response to alkaloid (GO:0071312),17,0.4747406250960806,down,0.7183464260845129,0.9000907550095953,False
GO:1900373,positive regulation of purine nucleotide biosynthetic process (GO:1900373),13,0.471184555529251,down,0.7189834215842591,0.9003315015084499,False
GO:0018206,peptidyl-methionine modification (GO:0018206),12,0.4700592282902186,down,0.7194402372620364,0.9006062111996384,False
GO:2000377,regulation of reactive oxygen species metabolic process (GO:2000377),52,0.4856698543731651,down,0.7205793800603975,0.9012330565795528,False
GO:0006400,tRNA modification (GO:0006400),59,0.4865381469268204,down,0.720434543022447,0.9012330565795528,False
GO:0030970,"retrograde protein transport, ER to cytosol (GO:0030970)",16,0.4741862423415314,down,0.7206537992633228,0.9012330565795528,False
GO:0007254,JNK cascade (GO:0007254),40,0.5162712480023246,up,0.7216420325241301,0.9015771506469121,False
GO:1904872,regulation of telomerase RNA localization to Cajal body (GO:1904872),18,0.4757124927000352,down,0.7212102712313112,0.9015771506469121,False
GO:0051785,positive regulation of nuclear division (GO:0051785),26,0.47981017791352104,down,0.721485779146025,0.9015771506469121,False
GO:1904375,regulation of protein localization to cell periphery (GO:1904375),18,0.4758044480581287,down,0.722222032729278,0.9017864837662161,False
GO:0051048,negative regulation of secretion (GO:0051048),11,0.5309408684452234,up,0.7222850877094027,0.9017864837662161,False
GO:0007095,mitotic G2 DNA damage checkpoint signaling (GO:0007095),31,0.48160698087605797,down,0.7229058018058154,0.9019816921501604,False
GO:0032006,regulation of TOR signaling (GO:0032006),67,0.48748391924291534,down,0.7229374795446846,0.9019816921501604,False
GO:0050714,positive regulation of protein secretion (GO:0050714),72,0.48793533302956565,down,0.7231548446687682,0.9019816921501604,False
GO:0046785,microtubule polymerization (GO:0046785),28,0.48069621435003257,down,0.7235743389651728,0.902208240530868,False
GO:0050654,chondroitin sulfate proteoglycan metabolic process (GO:0050654),10,0.4678385832486573,down,0.7246593534175558,0.9023257152186952,False
GO:0044242,cellular lipid catabolic process (GO:0044242),27,0.4804670186626734,down,0.7252574224062149,0.9023257152186952,False
GO:0008610,lipid biosynthetic process (GO:0008610),73,0.48809408076701494,down,0.7248393291743223,0.9023257152186952,False
GO:0051503,adenine nucleotide transport (GO:0051503),18,0.5239422713941401,up,0.725011322722277,0.9023257152186952,False
GO:0070129,regulation of mitochondrial translation (GO:0070129),21,0.47784719974997025,down,0.7251820807734322,0.9023257152186952,False
GO:1904851,positive regulation of establishment of protein localization to telomere (GO:1904851),10,0.5320801277398751,up,0.7253271118681305,0.9023257152186952,False
GO:0090336,positive regulation of brown fat cell differentiation (GO:0090336),13,0.47186351190183723,down,0.7253338006068552,0.9023257152186952,False
GO:0031952,regulation of protein autophosphorylation (GO:0031952),34,0.48265593678277796,down,0.7262288726955921,0.9031429882407805,False
GO:1903522,regulation of blood circulation (GO:1903522),33,0.5175372339395348,up,0.7272352521784413,0.9031640800044699,False
GO:0036158,outer dynein arm assembly (GO:0036158),17,0.5244497357570126,up,0.727007708845096,0.9031640800044699,False
GO:0006278,RNA-dependent DNA biosynthetic process (GO:0006278),27,0.5193716139748439,up,0.7274363997926854,0.9031640800044699,False
GO:0046888,negative regulation of hormone secretion (GO:0046888),10,0.4681056757149078,down,0.7268542006634854,0.9031640800044699,False
GO:0055092,sterol homeostasis (GO:0055092),68,0.48776983093816234,down,0.7270837071238145,0.9031640800044699,False
GO:0097720,calcineurin-mediated signaling (GO:0097720),10,0.5316649731455945,up,0.7287406978480099,0.9041915168261372,False
GO:0033173,calcineurin-NFAT signaling cascade (GO:0033173),10,0.5316649731455945,up,0.7287406978480099,0.9041915168261372,False
GO:0051384,response to glucocorticoid (GO:0051384),27,0.5192349896079419,up,0.7292829926234066,0.9045684731918185,False
GO:0097746,blood vessel diameter maintenance (GO:0097746),33,0.4826758081072183,down,0.7304190028205603,0.905089603952429,False
GO:0001523,retinoid metabolic process (GO:0001523),74,0.5115918833233629,up,0.7300579980269428,0.905089603952429,False
GO:0051170,import into nucleus (GO:0051170),74,0.4884220700151011,down,0.7303702674465178,0.905089603952429,False
GO:1903313,positive regulation of mRNA metabolic process (GO:1903313),13,0.5275513349086313,up,0.7308220389015638,0.9052932702657189,False
GO:0007175,negative regulation of epidermal growth factor-activated receptor activity (GO:0007175),13,0.4725134339558589,down,0.7314303695119795,0.9057510256477108,False
GO:0048699,generation of neurons (GO:0048699),197,0.5070628580437546,up,0.7320412705493563,0.9062116642277116,False
GO:0000288,"nuclear-transcribed mRNA catabolic process, deadenylation-dependent decay (GO:0000288)",50,0.5139630867606453,up,0.7325284382593641,0.9062232114539361,False
GO:0002357,defense response to tumor cell (GO:0002357),10,0.4687734068805342,down,0.7323511001326805,0.9062232114539361,False
GO:0060412,ventricular septum morphogenesis (GO:0060412),28,0.5185537514160398,up,0.7338992531269073,0.9070143233105246,False
GO:0008207,C21-steroid hormone metabolic process (GO:0008207),20,0.4780383330913315,down,0.7337708436804877,0.9070143233105246,False
GO:0048584,positive regulation of response to stimulus (GO:0048584),41,0.48467796004745656,down,0.7341244325239416,0.9070143233105246,False
GO:0006123,"mitochondrial electron transport, cytochrome c to oxygen (GO:0006123)",16,0.5245379511600221,up,0.7339232454691089,0.9070143233105246,False
GO:0009311,oligosaccharide metabolic process (GO:0009311),43,0.5148542017522282,up,0.7359665452016517,0.9089941732171491,False
GO:0061709,reticulophagy (GO:0061709),13,0.5269594814917387,up,0.7363871707947112,0.9090507536425761,False
GO:0042307,positive regulation of protein import into nucleus (GO:0042307),28,0.5183659835096208,up,0.7364916862493109,0.9090507536425761,False
GO:0007223,"Wnt signaling pathway, calcium modulating pathway (GO:0007223)",36,0.48381788482459626,down,0.7367577774049542,0.9090833603438487,False
GO:0010872,regulation of cholesterol esterification (GO:0010872),11,0.4708063681760117,down,0.7373718190486697,0.9095451413501151,False
GO:0043928,exonucleolytic catabolism of deadenylated mRNA (GO:0043928),29,0.48203943691315904,down,0.7377044680418542,0.9096596382583721,False
GO:0045814,"negative regulation of gene expression, epigenetic (GO:0045814)",27,0.518570156074513,up,0.7382910254492479,0.9097913773648464,False
GO:0015908,fatty acid transport (GO:0015908),18,0.4772579880167649,down,0.7382784660402741,0.9097913773648464,False
GO:0072583,clathrin-dependent endocytosis (GO:0072583),26,0.4811239183425422,down,0.7389247496573879,0.9102765753330536,False
GO:1903077,negative regulation of protein localization to plasma membrane (GO:1903077),19,0.5220317171136692,up,0.73946374403365,0.9103067836083197,False
GO:0032438,melanosome organization (GO:0032438),26,0.48117977465329986,down,0.7396692610284317,0.9103067836083197,False
GO:0070423,nucleotide-binding oligomerization domain containing signaling pathway (GO:0070423),27,0.5184701083097737,up,0.739649754160772,0.9103067836083197,False
GO:0001654,eye development (GO:0001654),56,0.5127843209727857,up,0.7405488911417739,0.910979636282009,False
GO:0032228,"regulation of synaptic transmission, GABAergic (GO:0032228)",15,0.5246728610143244,up,0.7406963349047497,0.910979636282009,False
GO:0015701,bicarbonate transport (GO:0015701),33,0.516531006421193,up,0.7423130511557263,0.9113282678884923,False
GO:0031111,negative regulation of microtubule polymerization or depolymerization (GO:0031111),32,0.5168328588443774,up,0.7416353643881272,0.9113282678884923,False
GO:0000394,"RNA splicing, via endonucleolytic cleavage and ligation (GO:0000394)",15,0.5245857530003871,up,0.7415790823787987,0.9113282678884923,False
GO:0030500,regulation of bone mineralization (GO:0030500),54,0.5129528965027933,up,0.7418104107283869,0.9113282678884923,False
GO:0007141,male meiosis I (GO:0007141),16,0.5237249194227475,up,0.7424213940879096,0.9113282678884923,False
GO:0006259,DNA metabolic process (GO:0006259),269,0.5058116901264176,up,0.7422352567923022,0.9113282678884923,False
GO:0006368,transcription elongation from RNA polymerase II promoter (GO:0006368),61,0.48786816610216993,down,0.7429638585711607,0.911404241772449,False
GO:0070304,positive regulation of stress-activated protein kinase signaling cascade (GO:0070304),17,0.4770175216843227,down,0.7427925502989567,0.911404241772449,False
GO:0043467,regulation of generation of precursor metabolites and energy (GO:0043467),49,0.48650093066349365,down,0.7435995887238523,0.9118891820334859,False
GO:1905564,positive regulation of vascular endothelial cell proliferation (GO:1905564),13,0.5261465205719315,up,0.7440538965893218,0.9121513994063664,False
GO:0009948,anterior/posterior axis specification (GO:0009948),19,0.5215777857933253,up,0.7446427566492526,0.9125783444170001,False
GO:0051253,negative regulation of RNA metabolic process (GO:0051253),18,0.47798395137013483,down,0.7463412366966843,0.9143644414698073,False
GO:0051093,negative regulation of developmental process (GO:0051093),72,0.48901306201061895,down,0.7469977978371881,0.91457800103178,False
GO:0090303,positive regulation of wound healing (GO:0090303),39,0.5149349139934914,up,0.7467740206134562,0.91457800103178,False
GO:0034472,snRNA 3'-end processing (GO:0034472),19,0.5213271301147514,up,0.747507521087112,0.9149067529794824,False
GO:0051047,positive regulation of secretion (GO:0051047),12,0.47328436353782577,down,0.7485797210659035,0.9159235103235394,False
GO:0034142,toll-like receptor 4 signaling pathway (GO:0034142),19,0.5211804048394887,up,0.7491860788849357,0.916074402711335,False
GO:0097066,response to thyroid hormone (GO:0097066),13,0.4743783305713507,down,0.7490171336746598,0.916074402711335,False
GO:0006471,protein ADP-ribosylation (GO:0006471),28,0.48258426733170395,down,0.7496568895258985,0.9163546832006874,False
GO:0061024,membrane organization (GO:0061024),231,0.4939359913500867,down,0.7503417209303354,0.9168963104023073,False
GO:0032965,regulation of collagen biosynthetic process (GO:0032965),19,0.4790473250148254,down,0.7517936926889025,0.9183747105858315,False
GO:0051055,negative regulation of lipid biosynthetic process (GO:0051055),21,0.4801276147329467,down,0.7524938960546734,0.918934110668183,False
GO:0006907,pinocytosis (GO:0006907),10,0.5286079256786181,up,0.7540388974525122,0.919932305576513,False
GO:0032925,regulation of activin receptor signaling pathway (GO:0032925),16,0.5226396672377247,up,0.7538138448685123,0.919932305576513,False
GO:0070262,peptidyl-serine dephosphorylation (GO:0070262),14,0.4758074885829597,down,0.7539090822742309,0.919932305576513,False
GO:2000737,negative regulation of stem cell differentiation (GO:2000737),12,0.5260623832612336,up,0.7545275014680213,0.9202324157775578,False
GO:2000036,regulation of stem cell population maintenance (GO:2000036),18,0.47874701951712145,down,0.754846128671613,0.9203250935555861,False
GO:0035904,aorta development (GO:0035904),14,0.4759339989298469,down,0.7551547362506282,0.9204054995496892,False
GO:0016050,vesicle organization (GO:0016050),45,0.5134030804998547,up,0.7556151285629746,0.9204800159699468,False
GO:0060606,tube closure (GO:0060606),31,0.483860659854715,down,0.7557012311443222,0.9204800159699468,False
GO:0010971,positive regulation of G2/M transition of mitotic cell cycle (GO:0010971),19,0.4794691601812057,down,0.756631376411259,0.9212651307722147,False
GO:1901215,negative regulation of neuron death (GO:1901215),92,0.5093319533522532,up,0.7568315706528397,0.9212651307722147,False
GO:0016070,RNA metabolic process (GO:0016070),126,0.5079118862436174,up,0.7587844978699738,0.9223472763187397,False
GO:0106030,neuron projection fasciculation (GO:0106030),10,0.47189722746407314,down,0.7582455994642535,0.9223472763187397,False
GO:0061097,regulation of protein tyrosine kinase activity (GO:0061097),37,0.4854240317370075,down,0.7588760504968709,0.9223472763187397,False
GO:0042100,B cell proliferation (GO:0042100),22,0.48107193680480936,down,0.7585151242329886,0.9223472763187397,False
GO:0098787,mRNA cleavage involved in mRNA processing (GO:0098787),14,0.5236823221492656,up,0.7589364221963582,0.9223472763187397,False
GO:0097064,ncRNA export from nucleus (GO:0097064),37,0.5145531957665144,up,0.7592411190217698,0.9224220257686012,False
GO:0001522,pseudouridine synthesis (GO:0001522),13,0.5244401960039844,up,0.7602275256562746,0.922750862295516,False
GO:0045667,regulation of osteoblast differentiation (GO:0045667),81,0.5097999708364132,up,0.7602416147306847,0.922750862295516,False
GO:0006563,L-serine metabolic process (GO:0006563),10,0.4720975468137611,down,0.7599157662189356,0.922750862295516,False
GO:0043966,histone H3 acetylation (GO:0043966),41,0.48628110794387425,down,0.7610468249910245,0.9228717388852089,False
GO:0051293,establishment of spindle localization (GO:0051293),14,0.5234438190362815,up,0.7612901157536762,0.9228717388852089,False
GO:0000727,double-strand break repair via break-induced replication (GO:0000727),12,0.4746440979783023,down,0.7609763313018729,0.9228717388852089,False
GO:0008543,fibroblast growth factor receptor signaling pathway (GO:0008543),73,0.5102741718149748,up,0.7613144400136617,0.9228717388852089,False
GO:0043066,negative regulation of apoptotic process (GO:0043066),449,0.4958480731881849,down,0.7620690717629377,0.9229136788783996,False
GO:0034446,substrate adhesion-dependent cell spreading (GO:0034446),46,0.48711851171394743,down,0.7623223189891974,0.9229136788783996,False
GO:1900225,regulation of NLRP3 inflammasome complex assembly (GO:1900225),14,0.523344269910862,up,0.7622731821544586,0.9229136788783996,False
GO:0048814,regulation of dendrite morphogenesis (GO:0048814),32,0.5154556909624379,up,0.762107425682977,0.9229136788783996,False
GO:0051453,regulation of intracellular pH (GO:0051453),33,0.5151647202370577,up,0.7629444462618267,0.9231047238804194,False
GO:0045930,negative regulation of mitotic cell cycle (GO:0045930),46,0.5128454764741782,up,0.762966862474325,0.9231047238804194,False
GO:0003091,renal water homeostasis (GO:0003091),27,0.5167079767114623,up,0.7637105957570711,0.9237099138094933,False
GO:0072529,pyrimidine-containing compound catabolic process (GO:0072529),16,0.5216179331571764,up,0.7645887603376785,0.9238882344570929,False
GO:0032418,lysosome localization (GO:0032418),37,0.4857581592284364,down,0.7642378371707903,0.9238882344570929,False
GO:0046635,positive regulation of alpha-beta T cell activation (GO:0046635),15,0.5223383662408053,up,0.7644684814999582,0.9238882344570929,False
GO:0032330,regulation of chondrocyte differentiation (GO:0032330),26,0.4830900604812133,down,0.7652741054216752,0.9244218732052274,False
GO:0044843,cell cycle G1/S phase transition (GO:0044843),61,0.4889915988015447,down,0.766036495648822,0.9248751650560444,False
GO:0021762,substantia nigra development (GO:0021762),37,0.48587634063257285,down,0.7661370336425235,0.9248751650560444,False
GO:0051224,negative regulation of protein transport (GO:0051224),23,0.4824644920801681,down,0.7708908603158069,0.9251243330848253,False
GO:0045581,negative regulation of T cell differentiation (GO:0045581),12,0.4755465551781204,down,0.769238209676208,0.9251243330848253,False
GO:0071624,positive regulation of granulocyte chemotaxis (GO:0071624),19,0.5192240678359856,up,0.77167754188363,0.9251243330848253,False
GO:1903817,negative regulation of voltage-gated potassium channel activity (GO:1903817),10,0.47312527217302947,down,0.7685019054757256,0.9251243330848253,False
GO:0008033,tRNA processing (GO:0008033),62,0.4892476244697205,down,0.7695136673522937,0.9251243330848253,False
GO:0010804,negative regulation of tumor necrosis factor-mediated signaling pathway (GO:0010804),12,0.4757328533132035,down,0.7709470472454871,0.9251243330848253,False
GO:0071675,regulation of mononuclear cell migration (GO:0071675),23,0.4822460400840472,down,0.7681178323454838,0.9251243330848253,False
GO:0032210,regulation of telomere maintenance via telomerase (GO:0032210),51,0.4882577493269136,down,0.771616611746146,0.9251243330848253,False
GO:0150063,visual system development (GO:0150063),39,0.5134902967015937,up,0.7705448583270338,0.9251243330848253,False
GO:0060330,regulation of response to interferon-gamma (GO:0060330),14,0.5224856587041192,up,0.7707678989542874,0.9251243330848253,False
GO:0000289,nuclear-transcribed mRNA poly(A) tail shortening (GO:0000289),19,0.5193524524518405,up,0.7701954090266411,0.9251243330848253,False
GO:0043954,cellular component maintenance (GO:0043954),12,0.5241897240852036,up,0.7716575411544591,0.9251243330848253,False
GO:0051281,positive regulation of release of sequestered calcium ion into cytosol (GO:0051281),32,0.48489745228480957,down,0.7673845985610155,0.9251243330848253,False
GO:0070884,regulation of calcineurin-NFAT signaling cascade (GO:0070884),26,0.5164329266249159,up,0.7717093039494826,0.9251243330848253,False
GO:0002313,mature B cell differentiation involved in immune response (GO:0002313),12,0.5242139186482013,up,0.7714354912042721,0.9251243330848253,False
GO:0006611,protein export from nucleus (GO:0006611),27,0.4835846361058398,down,0.7677289490156268,0.9251243330848253,False
GO:2001267,regulation of cysteine-type endopeptidase activity involved in apoptotic signaling pathway (GO:2001267),11,0.47424541548336696,down,0.7673591522687407,0.9251243330848253,False
GO:0090307,mitotic spindle assembly (GO:0090307),41,0.5131044229021938,up,0.771445124631519,0.9251243330848253,False
GO:0034616,response to laminar fluid shear stress (GO:0034616),10,0.4731717230367252,down,0.7688906600860396,0.9251243330848253,False
GO:0061515,myeloid cell development (GO:0061515),19,0.5194212299246199,up,0.7694017540160618,0.9251243330848253,False
GO:0071108,protein K48-linked deubiquitination (GO:0071108),23,0.5177893163083885,up,0.7676692964328746,0.9251243330848253,False
GO:0016101,diterpenoid metabolic process (GO:0016101),58,0.5112454674776168,up,0.7669130761381804,0.9251243330848253,False
GO:0060548,negative regulation of cell death (GO:0060548),88,0.5088192425609134,up,0.7747128762680842,0.9260907468278736,False
GO:0034138,toll-like receptor 3 signaling pathway (GO:0034138),11,0.47500026393302436,down,0.7739898471731446,0.9260907468278736,False
GO:0051276,chromosome organization (GO:0051276),100,0.5082893319749673,up,0.7743231121656018,0.9260907468278736,False
GO:2000401,regulation of lymphocyte migration (GO:2000401),11,0.47503985388667774,down,0.7743380711190248,0.9260907468278736,False
GO:2000009,negative regulation of protein localization to cell surface (GO:2000009),11,0.47496595263985814,down,0.7736880898666822,0.9260907468278736,False
GO:0035270,endocrine system development (GO:0035270),24,0.4830845265410047,down,0.7741500596840243,0.9260907468278736,False
GO:0014821,phasic smooth muscle contraction (GO:0014821),11,0.47486037943011583,down,0.7727598205300283,0.9260907468278736,False
GO:0006304,DNA modification (GO:0006304),22,0.4823596813838733,down,0.7744837933159967,0.9260907468278736,False
GO:0008643,carbohydrate transport (GO:0008643),13,0.5229773130301555,up,0.7741779196718149,0.9260907468278736,False
GO:0036336,dendritic cell migration (GO:0036336),17,0.5199813475538307,up,0.7754112400507838,0.9266335329277325,False
GO:0007263,nitric oxide mediated signal transduction (GO:0007263),17,0.4800476901370921,down,0.7757288938461709,0.9267211635774886,False
GO:0010743,regulation of macrophage derived foam cell differentiation (GO:0010743),27,0.4841881500415252,down,0.7760364375790842,0.9267966649047439,False
GO:0000302,response to reactive oxygen species (GO:0000302),54,0.48884345523978096,down,0.7765899448627238,0.9271657730136328,False
GO:0048016,inositol phosphate-mediated signaling (GO:0048016),19,0.518724284867122,up,0.7774551666970339,0.9276147993966183,False
GO:1904886,beta-catenin destruction complex disassembly (GO:1904886),21,0.48217570120340636,down,0.7772912984005327,0.9276147993966183,False
GO:0051923,sulfation (GO:0051923),11,0.4754265157673589,down,0.7777414355093207,0.9276645487065577,False
GO:0006047,UDP-N-acetylglucosamine metabolic process (GO:0006047),13,0.5224144939318274,up,0.7795648559290783,0.9276760077130836,False
GO:0035973,aggrephagy (GO:0035973),28,0.5152953039350344,up,0.7792933258004541,0.9276760077130836,False
GO:0000038,very long-chain fatty acid metabolic process (GO:0000038),30,0.48516485112563545,down,0.778448590122412,0.9276760077130836,False
GO:0090505,epiboly involved in wound healing (GO:0090505),16,0.4798085019890241,down,0.7797076489821541,0.9276760077130836,False
GO:0071392,cellular response to estradiol stimulus (GO:0071392),19,0.4814254971847088,down,0.77918910294291,0.9276760077130836,False
GO:0043085,positive regulation of catalytic activity (GO:0043085),37,0.5133313335416886,up,0.7789056462911621,0.9276760077130836,False
GO:0033146,regulation of intracellular estrogen receptor signaling pathway (GO:0033146),30,0.48524909222948437,down,0.7796741358868743,0.9276760077130836,False
GO:1901021,positive regulation of calcium ion transmembrane transporter activity (GO:1901021),22,0.48266990175914753,down,0.7783452689952819,0.9276760077130836,False
GO:0033081,regulation of T cell differentiation in thymus (GO:0033081),13,0.47763464106882025,down,0.780035650984008,0.9277752349270436,False
GO:0046688,response to copper ion (GO:0046688),13,0.47766814220562553,down,0.780356693879586,0.9278661253558839,False
GO:0002495,antigen processing and presentation of peptide antigen via MHC class II (GO:0002495),81,0.5089345809027351,up,0.7808469736121575,0.9278673467766019,False
GO:0003209,cardiac atrium morphogenesis (GO:0003209),19,0.4815508250239957,down,0.7806407928207872,0.9278673467766019,False
GO:0001936,regulation of endothelial cell proliferation (GO:0001936),91,0.49161945608808605,down,0.7821153660304894,0.9290834899322412,False
GO:0050909,sensory perception of taste (GO:0050909),11,0.4760005700953326,down,0.7828020682233444,0.9296080916628507,False
GO:1903426,regulation of reactive oxygen species biosynthetic process (GO:1903426),26,0.4844384318229042,down,0.7835048177767527,0.930151415908364,False
GO:0006073,cellular glucan metabolic process (GO:0006073),11,0.5238806600437073,up,0.7838502519939582,0.9301702444984525,False
GO:0001658,branching involved in ureteric bud morphogenesis (GO:0001658),19,0.48192375176528846,down,0.7849649617764718,0.9301702444984525,False
GO:0032204,regulation of telomere maintenance (GO:0032204),25,0.4842602381643915,down,0.7852316179532637,0.9301702444984525,False
GO:0071230,cellular response to amino acid stimulus (GO:0071230),33,0.48628167679936896,down,0.78497026018215,0.9301702444984525,False
GO:0086091,regulation of heart rate by cardiac conduction (GO:0086091),38,0.5128394321655608,up,0.7840754714722569,0.9301702444984525,False
GO:0021533,cell differentiation in hindbrain (GO:0021533),12,0.5227138557423375,up,0.78523731159611,0.9301702444984525,False
GO:0006506,GPI anchor biosynthetic process (GO:0006506),31,0.5141630370409241,up,0.7848294718362745,0.9301702444984525,False
GO:0010894,negative regulation of steroid biosynthetic process (GO:0010894),10,0.5247989548555668,up,0.7859298253392821,0.9306999149272236,False
GO:0032814,regulation of natural killer cell activation (GO:0032814),10,0.5246247641167078,up,0.7873973335967941,0.9321467185807241,False
GO:0098703,calcium ion import across plasma membrane (GO:0098703),14,0.5207580665900692,up,0.7879425209644544,0.9325010864331281,False
GO:0070933,histone H4 deacetylation (GO:0070933),10,0.5244621860937727,up,0.7887676894977155,0.9326151261781596,False
GO:0086004,regulation of cardiac muscle cell contraction (GO:0086004),27,0.4851100955725099,down,0.788776515892311,0.9326151261781596,False
GO:0044773,mitotic DNA damage checkpoint signaling (GO:0044773),55,0.5104408033826638,up,0.788696021307389,0.9326151261781596,False
GO:0050671,positive regulation of lymphocyte proliferation (GO:0050671),64,0.5096495994591608,up,0.789346795541231,0.9329985651255498,False
GO:1902624,positive regulation of neutrophil migration (GO:1902624),18,0.48190415347833243,down,0.7903405738819533,0.9332007274070523,False
GO:0072695,regulation of DNA recombination at telomere (GO:0072695),19,0.5176131465846635,up,0.7903439670427267,0.9332007274070523,False
GO:0046395,carboxylic acid catabolic process (GO:0046395),12,0.47798294767199917,down,0.7916718118530338,0.9332007274070523,False
GO:0006044,N-acetylglucosamine metabolic process (GO:0006044),15,0.5197502903600465,up,0.791083824874711,0.9332007274070523,False
GO:0007520,myoblast fusion (GO:0007520),13,0.47884068199380897,down,0.7916164201203219,0.9332007274070523,False
GO:0046321,positive regulation of fatty acid oxidation (GO:0046321),12,0.47794423637120265,down,0.7913139625782227,0.9332007274070523,False
GO:0006084,acetyl-CoA metabolic process (GO:0006084),15,0.5196399535423926,up,0.7922241872530209,0.9332007274070523,False
GO:1903053,regulation of extracellular matrix organization (GO:1903053),15,0.4803464963221061,down,0.7920841187524146,0.9332007274070523,False
GO:2000144,"positive regulation of DNA-templated transcription, initiation (GO:2000144)",22,0.5162357463638212,up,0.7920103987123027,0.9332007274070523,False
GO:0070863,positive regulation of protein exit from endoplasmic reticulum (GO:0070863),11,0.4769005817083857,down,0.7907546663726209,0.9332007274070523,False
GO:0048239,negative regulation of DNA recombination at telomere (GO:0048239),19,0.5176131465846635,up,0.7903439670427267,0.9332007274070523,False
GO:0010954,positive regulation of protein processing (GO:0010954),19,0.48258477969811275,down,0.7926459813439156,0.9334077017191779,False
GO:0010506,regulation of autophagy (GO:0010506),218,0.5051222147400487,up,0.7939784970702976,0.9335277245466952,False
GO:0044872,lipoprotein localization (GO:0044872),11,0.4771724327234721,down,0.793161102678212,0.9335277245466952,False
GO:0018146,keratan sulfate biosynthetic process (GO:0018146),27,0.5145273657531122,up,0.7938020492383648,0.9335277245466952,False
GO:0006354,"DNA-templated transcription, elongation (GO:0006354)",63,0.49048643649132134,down,0.7938377297460799,0.9335277245466952,False
GO:0070266,necroptotic process (GO:0070266),15,0.48052458381726676,down,0.7939255529064704,0.9335277245466952,False
GO:0002684,positive regulation of immune system process (GO:0002684),18,0.5176780142805057,up,0.795072649131776,0.9343216351808522,False
GO:0034312,diol biosynthetic process (GO:0034312),15,0.4807084785133566,down,0.7958282399180044,0.9343216351808522,False
GO:0006694,steroid biosynthetic process (GO:0006694),61,0.5095851640154545,up,0.7955646008828381,0.9343216351808522,False
GO:0046651,lymphocyte proliferation (GO:0046651),28,0.4858816170032657,down,0.7958853686446964,0.9343216351808522,False
GO:0060389,pathway-restricted SMAD protein phosphorylation (GO:0060389),13,0.47921366131690735,down,0.795207342051654,0.9343216351808522,False
GO:0002673,regulation of acute inflammatory response (GO:0002673),18,0.4824397531079298,down,0.7964077714081289,0.9343565347822558,False
GO:0045619,regulation of lymphocyte differentiation (GO:0045619),18,0.5175779926629304,up,0.796206550359345,0.9343565347822558,False
GO:1902806,regulation of cell cycle G1/S phase transition (GO:1902806),31,0.486944592294948,down,0.8012902512508502,0.9362325644172682,False
GO:0043123,positive regulation of I-kappaB kinase/NF-kappaB signaling (GO:0043123),156,0.49418434491250024,down,0.8017787098356713,0.9362325644172682,False
GO:0051592,response to calcium ion (GO:0051592),106,0.4928588182238147,down,0.7992712165379454,0.9362325644172682,False
GO:0045055,regulated exocytosis (GO:0045055),174,0.4944905978211851,down,0.8017319832120858,0.9362325644172682,False
GO:0048332,mesoderm morphogenesis (GO:0048332),11,0.5219262359983531,up,0.8011537056072175,0.9362325644172682,False
GO:0090335,regulation of brown fat cell differentiation (GO:0090335),17,0.48243390509116124,down,0.8019561301849999,0.9362325644172682,False
GO:0006505,GPI anchor metabolic process (GO:0006505),27,0.48604817783974286,down,0.8017978030721138,0.9362325644172682,False
GO:1903556,negative regulation of tumor necrosis factor superfamily cytokine production (GO:1903556),43,0.4889127373090512,down,0.801284015263167,0.9362325644172682,False
GO:0010759,positive regulation of macrophage chemotaxis (GO:0010759),14,0.5195427376839067,up,0.8000871771371105,0.9362325644172682,False
GO:0009226,nucleotide-sugar biosynthetic process (GO:0009226),19,0.48331305671543245,down,0.801131751772699,0.9362325644172682,False
GO:2000404,regulation of T cell migration (GO:2000404),19,0.516873406655214,up,0.7989568302585613,0.9362325644172682,False
GO:0034508,centromere complex assembly (GO:0034508),35,0.5124520627542126,up,0.7986848454566766,0.9362325644172682,False
GO:0016556,mRNA modification (GO:0016556),21,0.48403018058010217,down,0.799942797423572,0.9362325644172682,False
GO:1903651,positive regulation of cytoplasmic transport (GO:1903651),11,0.4779695104570264,down,0.8002281491854792,0.9362325644172682,False
GO:0043628,ncRNA 3'-end processing (GO:0043628),14,0.519383044295213,up,0.801686644917665,0.9362325644172682,False
GO:0003197,endocardial cushion development (GO:0003197),21,0.48403156348791476,down,0.7999597544790232,0.9362325644172682,False
GO:0045214,sarcomere organization (GO:0045214),28,0.5136603745399168,up,0.8023677825855876,0.9364249228760412,False
GO:0042982,amyloid precursor protein metabolic process (GO:0042982),18,0.4830011647678692,down,0.8027805944595322,0.9366185157751479,False
GO:0034504,protein localization to nucleus (GO:0034504),103,0.5070808895681941,up,0.8037008053669942,0.9366853555931375,False
GO:0055067,monovalent inorganic cation homeostasis (GO:0055067),24,0.5146161888995382,up,0.8041771837376586,0.9366853555931375,False
GO:2000781,positive regulation of double-strand break repair (GO:2000781),38,0.48848029508061347,down,0.805801295887268,0.9366853555931375,False
GO:0010758,regulation of macrophage chemotaxis (GO:0010758),21,0.5155106940261148,up,0.8055776749831367,0.9366853555931375,False
GO:1905476,negative regulation of protein localization to membrane (GO:1905476),23,0.48505561055438823,down,0.803996759929842,0.9366853555931375,False
GO:1902004,positive regulation of amyloid-beta formation (GO:1902004),18,0.4832366995447403,down,0.8054581870464218,0.9366853555931375,False
GO:0032412,regulation of ion transmembrane transporter activity (GO:0032412),39,0.48856524693344777,down,0.804738062491059,0.9366853555931375,False
GO:0048546,digestive tract morphogenesis (GO:0048546),16,0.5178268097215366,up,0.8049530831974581,0.9366853555931375,False
GO:0046782,regulation of viral transcription (GO:0046782),39,0.48860249853973703,down,0.8053614060390419,0.9366853555931375,False
GO:0010965,regulation of mitotic sister chromatid separation (GO:0010965),15,0.48156794425087107,down,0.8047367282290337,0.9366853555931375,False
GO:0010611,regulation of cardiac muscle hypertrophy (GO:0010611),24,0.4853257239115913,down,0.8034148300406726,0.9366853555931375,False
GO:0036152,phosphatidylethanolamine acyl-chain remodeling (GO:0036152),23,0.514977220381445,up,0.8035749443514589,0.9366853555931375,False
GO:1903901,negative regulation of viral life cycle (GO:1903901),17,0.48298049692029665,down,0.807996522251629,0.9374838039884996,False
GO:0043268,positive regulation of potassium ion transport (GO:0043268),38,0.48858122439492113,down,0.8074692501606595,0.9374838039884996,False
GO:0014003,oligodendrocyte development (GO:0014003),15,0.4818350754936121,down,0.8075108141783146,0.9374838039884996,False
GO:0001837,epithelial to mesenchymal transition (GO:0001837),46,0.48966587356442387,down,0.8082967205250282,0.9374838039884996,False
GO:0006892,post-Golgi vesicle-mediated transport (GO:0006892),86,0.5076129990046465,up,0.8070361295414419,0.9374838039884996,False
GO:0051004,regulation of lipoprotein lipase activity (GO:0051004),21,0.5153143211167257,up,0.8079908777629266,0.9374838039884996,False
GO:0016485,protein processing (GO:0016485),98,0.49292096848635547,down,0.8084654687177386,0.9374838039884996,False
GO:0042593,glucose homeostasis (GO:0042593),83,0.5077560328594724,up,0.8068651131346851,0.9374838039884996,False
GO:0008286,insulin receptor signaling pathway (GO:0008286),69,0.49163377073750103,down,0.8099523807074347,0.9378832191056009,False
GO:0072091,regulation of stem cell proliferation (GO:0072091),17,0.4831632635631638,down,0.810018853791358,0.9378832191056009,False
GO:1902930,regulation of alcohol biosynthetic process (GO:1902930),12,0.47996448238151923,down,0.8100462498787104,0.9378832191056009,False
GO:0042632,cholesterol homeostasis (GO:0042632),67,0.49149738107184215,down,0.8096739179345396,0.9378832191056009,False
GO:0051650,establishment of vesicle localization (GO:0051650),17,0.51689993611708,up,0.8093193986687277,0.9378832191056009,False
GO:0045940,positive regulation of steroid metabolic process (GO:0045940),11,0.47931820821148424,down,0.8122230096737608,0.9381126296262409,False
GO:0043370,"regulation of CD4-positive, alpha-beta T cell differentiation (GO:0043370)",10,0.4781797067789229,down,0.8111247295236472,0.9381126296262409,False
GO:0002312,B cell activation involved in immune response (GO:0002312),14,0.5183854791009055,up,0.8116966925561098,0.9381126296262409,False
GO:1901136,carbohydrate derivative catabolic process (GO:1901136),19,0.5157393425484957,up,0.812208129547374,0.9381126296262409,False
GO:0071616,acyl-CoA biosynthetic process (GO:0071616),14,0.5183896269811313,up,0.8116550057184156,0.9381126296262409,False
GO:0015711,organic anion transport (GO:0015711),82,0.4923752548263562,down,0.8111946550117378,0.9381126296262409,False
GO:0006048,UDP-N-acetylglucosamine biosynthetic process (GO:0006048),11,0.5207266604026562,up,0.8118232371686529,0.9381126296262409,False
GO:0000422,autophagy of mitochondrion (GO:0000422),38,0.5112100354323063,up,0.8109216532754635,0.9381126296262409,False
GO:0009749,response to glucose (GO:0009749),48,0.4901291888278548,down,0.8128711260098765,0.9382897690065313,False
GO:0006497,protein lipidation (GO:0006497),60,0.4911605368997432,down,0.8126791572037768,0.9382897690065313,False
GO:0050819,negative regulation of coagulation (GO:0050819),14,0.5181905287302924,up,0.8136565741161703,0.938625117281823,False
GO:0002064,epithelial cell development (GO:0002064),20,0.4847785683171192,down,0.8136450455832516,0.938625117281823,False
GO:0016055,Wnt signaling pathway (GO:0016055),91,0.50712507722751,up,0.8141067494314933,0.9388389503296241,False
GO:0016056,rhodopsin mediated signaling pathway (GO:0016056),11,0.4796243705197369,down,0.8149521705381607,0.9388389503296241,False
GO:0051125,regulation of actin nucleation (GO:0051125),12,0.519549206902225,up,0.8145721969093446,0.9388389503296241,False
GO:1901566,organonitrogen compound biosynthetic process (GO:1901566),154,0.5054528719582216,up,0.8150795316202089,0.9388389503296241,False
GO:0009267,cellular response to starvation (GO:0009267),150,0.5055331098479328,up,0.814805700228117,0.9388389503296241,False
GO:0035337,fatty-acyl-CoA metabolic process (GO:0035337),18,0.48421271694204876,down,0.8165776861445044,0.9399936763417618,False
GO:0070098,chemokine-mediated signaling pathway (GO:0070098),41,0.48952851009302795,down,0.8164452388112755,0.9399936763417618,False
GO:2000651,positive regulation of sodium ion transmembrane transporter activity (GO:2000651),14,0.4822138895917242,down,0.8177259951610623,0.9406030126299082,False
GO:0030183,B cell differentiation (GO:0030183),51,0.5093300254644353,up,0.8176016122115057,0.9406030126299082,False
GO:0070167,regulation of biomineral tissue development (GO:0070167),24,0.48642332975129005,down,0.8178509716987707,0.9406030126299082,False
GO:0060675,ureteric bud morphogenesis (GO:0060675),19,0.4847650255852199,down,0.8181191327231384,0.9406262110999891,False
GO:0006303,double-strand break repair via nonhomologous end joining (GO:0006303),58,0.508659035020095,up,0.8194606092069823,0.9407427635357397,False
GO:0010524,positive regulation of calcium ion transport into cytosol (GO:0010524),32,0.4883090520872672,down,0.818887368287408,0.9407427635357397,False
GO:0071634,regulation of transforming growth factor beta production (GO:0071634),17,0.4839694865111385,down,0.8189547640966008,0.9407427635357397,False
GO:0021515,cell differentiation in spinal cord (GO:0021515),11,0.48010472862406434,down,0.8192386466563207,0.9407427635357397,False
GO:0032486,Rap protein signal transduction (GO:0032486),10,0.47912904630570474,down,0.8191973347443511,0.9407427635357397,False
GO:0090317,negative regulation of intracellular protein transport (GO:0090317),22,0.4859978403381534,down,0.8200959832407477,0.941187311477203,False
GO:0048172,regulation of short-term neuronal synaptic plasticity (GO:0048172),13,0.4818468506697994,down,0.8206781966374459,0.9415705988644382,False
GO:0070286,axonemal dynein complex assembly (GO:0070286),29,0.5121049247060662,up,0.8214294662544932,0.9419172817913111,False
GO:0043457,regulation of cellular respiration (GO:0043457),17,0.48419666374012293,down,0.8214770282535346,0.9419172817913111,False
GO:0043524,negative regulation of neuron apoptotic process (GO:0043524),69,0.49221034512697703,down,0.8228246877324215,0.942724047593701,False
GO:0051443,positive regulation of ubiquitin-protein transferase activity (GO:0051443),31,0.5115912191794172,up,0.8231849082054059,0.942724047593701,False
GO:0019371,cyclooxygenase pathway (GO:0019371),10,0.520374510088547,up,0.8234264902996229,0.942724047593701,False
GO:2001135,regulation of endocytic recycling (GO:2001135),11,0.48063787333326297,down,0.8240024915355169,0.942724047593701,False
GO:0048745,smooth muscle tissue development (GO:0048745),10,0.5202874147191174,up,0.8241689801794654,0.942724047593701,False
GO:0071417,cellular response to organonitrogen compound (GO:0071417),100,0.5064348711977879,up,0.8238635528392919,0.942724047593701,False
GO:0043651,linoleic acid metabolic process (GO:0043651),17,0.4844255490685734,down,0.824020124517194,0.942724047593701,False
GO:0051489,regulation of filopodium assembly (GO:0051489),38,0.48953775903279134,down,0.8233193628063482,0.942724047593701,False
GO:0042984,regulation of amyloid precursor protein biosynthetic process (GO:0042984),11,0.4807540038639795,down,0.8250410277846321,0.9432880348701301,False
GO:0015800,acidic amino acid transport (GO:0015800),17,0.5154719649634637,up,0.8251594251777199,0.9432880348701301,False
GO:0006023,aminoglycan biosynthetic process (GO:0006023),49,0.4909330005326551,down,0.8261076788570751,0.9440875040388328,False
GO:1902745,positive regulation of lamellipodium organization (GO:1902745),32,0.5111961842372832,up,0.8264276145298596,0.9441686572023366,False
GO:0034370,triglyceride-rich lipoprotein particle remodeling (GO:0034370),12,0.5181241471416543,up,0.8278699458683592,0.9446492591396682,False
GO:0006285,"base-excision repair, AP site formation (GO:0006285)",17,0.5152123338446244,up,0.8280472969161143,0.9446492591396682,False
GO:0006704,glucocorticoid biosynthetic process (GO:0006704),10,0.48013209464363477,down,0.8277474997335836,0.9446492591396682,False
GO:0070585,protein localization to mitochondrion (GO:0070585),13,0.48263524408928277,down,0.8283425878983751,0.9446492591396682,False
GO:0106027,neuron projection organization (GO:0106027),15,0.5161866047231901,up,0.8281283044714112,0.9446492591396682,False
GO:0006779,porphyrin-containing compound biosynthetic process (GO:0006779),24,0.5127997540975671,up,0.8281070554348365,0.9446492591396682,False
GO:1990000,amyloid fibril formation (GO:1990000),55,0.4916281712473573,down,0.8298495199711079,0.9460833270966073,False
GO:0046596,regulation of viral entry into host cell (GO:0046596),33,0.5107788711588607,up,0.8302489877071401,0.9462543300400188,False
GO:0010718,positive regulation of epithelial to mesenchymal transition (GO:0010718),40,0.49024262676158653,down,0.8308292197118561,0.9465683064706437,False
GO:0033143,regulation of intracellular steroid hormone receptor signaling pathway (GO:0033143),33,0.510712845731148,up,0.8312731423289519,0.9465683064706437,False
GO:0016042,lipid catabolic process (GO:0016042),20,0.4862247713082619,down,0.8310706169776461,0.9465683064706437,False
GO:1900274,regulation of phospholipase C activity (GO:1900274),15,0.4841869918699187,down,0.8320356150440518,0.9471521872335199,False
GO:0006054,N-acetylneuraminate metabolic process (GO:0006054),10,0.4806677311656264,down,0.832321806234894,0.9471937026849544,False
GO:2000104,negative regulation of DNA-dependent DNA replication (GO:2000104),11,0.518002871591305,up,0.8361769183893508,0.9474416955400867,False
GO:0042761,very long-chain fatty acid biosynthetic process (GO:0042761),13,0.4832449647791382,down,0.8342812746242058,0.9474416955400867,False
GO:0033275,actin-myosin filament sliding (GO:0033275),38,0.5096379849003629,up,0.8370358876232087,0.9474416955400867,False
GO:0060048,cardiac muscle contraction (GO:0060048),34,0.48961218954912955,down,0.833895354723444,0.9474416955400867,False
GO:0071248,cellular response to metal ion (GO:0071248),118,0.494498695136886,down,0.836282842873469,0.9474416955400867,False
GO:0031960,response to corticosteroid (GO:0031960),10,0.48119901291914646,down,0.836864539855309,0.9474416955400867,False
GO:0007292,female gamete generation (GO:0007292),32,0.5106070069430323,up,0.8354276008894604,0.9474416955400867,False
GO:0000460,maturation of 5.8S rRNA (GO:0000460),17,0.5144676024774275,up,0.8363437051972267,0.9474416955400867,False
GO:0010591,regulation of lamellipodium assembly (GO:0010591),34,0.5103416689879811,up,0.834622520811283,0.9474416955400867,False
GO:0050773,regulation of dendrite development (GO:0050773),37,0.4900248612840861,down,0.8336169142905718,0.9474416955400867,False
GO:0046068,cGMP metabolic process (GO:0046068),12,0.5172628206989326,up,0.8359315461836713,0.9474416955400867,False
GO:0010508,positive regulation of autophagy (GO:0010508),82,0.5066033110219096,up,0.836101541614303,0.9474416955400867,False
GO:0006633,fatty acid biosynthetic process (GO:0006633),61,0.5077234210694392,up,0.8346305214059442,0.9474416955400867,False
GO:0030049,muscle filament sliding (GO:0030049),38,0.5096379849003629,up,0.8370358876232087,0.9474416955400867,False
GO:0010988,regulation of low-density lipoprotein particle clearance (GO:0010988),10,0.5190129191464654,up,0.8350517499652106,0.9474416955400867,False
GO:0032727,positive regulation of interferon-alpha production (GO:0032727),19,0.4861894834658955,down,0.834868106050716,0.9474416955400867,False
GO:0030101,natural killer cell activation (GO:0030101),29,0.511145846062619,up,0.8353670079774158,0.9474416955400867,False
GO:0016311,dephosphorylation (GO:0016311),147,0.4950294213523115,down,0.8349858822567136,0.9474416955400867,False
GO:0045861,negative regulation of proteolysis (GO:0045861),35,0.4901660164356271,down,0.8403679089459352,0.9476095421772875,False
GO:0070828,heterochromatin organization (GO:0070828),14,0.48474824440969444,down,0.8433354238132891,0.9476095421772875,False
GO:0042759,long-chain fatty acid biosynthetic process (GO:0042759),24,0.5116549524169112,up,0.8432726756754916,0.9476095421772875,False
GO:0002576,platelet degranulation (GO:0002576),120,0.5053082374642007,up,0.8406400272887734,0.9476095421772875,False
GO:0030217,T cell differentiation (GO:0030217),39,0.49081598898544504,down,0.8426091773568837,0.9476095421772875,False
GO:1905954,positive regulation of lipid localization (GO:1905954),11,0.4827572555188395,down,0.843002488881966,0.9476095421772875,False
GO:0034622,cellular protein-containing complex assembly (GO:0034622),158,0.49539004592422925,down,0.8412741609405702,0.9476095421772875,False
GO:0034063,stress granule assembly (GO:0034063),20,0.4870393494990562,down,0.840922901598919,0.9476095421772875,False
GO:0007040,lysosome organization (GO:0007040),37,0.5095259708543456,up,0.8410069002333044,0.9476095421772875,False
GO:1904874,positive regulation of telomerase RNA localization to Cajal body (GO:1904874),15,0.48499806426635694,down,0.8405325011641422,0.9476095421772875,False
GO:0042461,photoreceptor cell development (GO:0042461),15,0.4847173828881146,down,0.8375898954116706,0.9476095421772875,False
GO:0055002,striated muscle cell development (GO:0055002),14,0.5152227204287249,up,0.843629838469534,0.9476095421772875,False
GO:0070317,negative regulation of G0 to G1 transition (GO:0070317),36,0.4902210019659684,down,0.8390294066680104,0.9476095421772875,False
GO:0034501,protein localization to kinetochore (GO:0034501),14,0.48433138244700047,down,0.8391109035613149,0.9476095421772875,False
GO:0009913,epidermal cell differentiation (GO:0009913),45,0.49153314604927506,down,0.8441303563236962,0.9476095421772875,False
GO:0071731,response to nitric oxide (GO:0071731),12,0.4831315506779317,down,0.8396284863700345,0.9476095421772875,False
GO:0030837,negative regulation of actin filament polymerization (GO:0030837),23,0.48801292023597864,down,0.8422122936382982,0.9476095421772875,False
GO:2000310,regulation of NMDA receptor activity (GO:2000310),32,0.48957818900153965,down,0.8382610807245773,0.9476095421772875,False
GO:0032700,negative regulation of interleukin-17 production (GO:0032700),11,0.48281268145395423,down,0.8435006549021576,0.9476095421772875,False
GO:0099116,tRNA 5'-end processing (GO:0099116),15,0.5146457607433217,up,0.844269771538098,0.9476095421772875,False
GO:0009416,response to light stimulus (GO:0009416),56,0.4922324361588584,down,0.8405539601703844,0.9476095421772875,False
GO:0010038,response to metal ion (GO:0010038),67,0.5070898560587779,up,0.8408334416958347,0.9476095421772875,False
GO:0043266,regulation of potassium ion transport (GO:0043266),31,0.5103538041726328,up,0.8417971968605509,0.9476095421772875,False
GO:0042542,response to hydrogen peroxide (GO:0042542),46,0.5086974843538155,up,0.8381989267269354,0.9476095421772875,False
GO:0070371,ERK1 and ERK2 cascade (GO:0070371),22,0.48774299495990897,down,0.8422036216574226,0.9476095421772875,False
GO:0039535,regulation of RIG-I signaling pathway (GO:0039535),17,0.48625663169617694,down,0.8444292782913873,0.9476095421772875,False
GO:0001541,ovarian follicle development (GO:0001541),13,0.48416959615496286,down,0.8433051514585344,0.9476095421772875,False
GO:0006570,tyrosine metabolic process (GO:0006570),12,0.516839415846471,up,0.8399007946774201,0.9476095421772875,False
GO:0032413,negative regulation of ion transmembrane transporter activity (GO:0032413),21,0.5124102147102669,up,0.8438805969373275,0.9476095421772875,False
GO:0061025,membrane fusion (GO:0061025),35,0.4904490744583714,down,0.8449037151716229,0.9478615177894013,False
GO:0045651,positive regulation of macrophage differentiation (GO:0045651),11,0.4830132705524646,down,0.8453040634286636,0.9478945087628511,False
GO:0070316,regulation of G0 to G1 transition (GO:0070316),39,0.509017123818379,up,0.8454329351818416,0.9478945087628511,False
GO:0034380,high-density lipoprotein particle assembly (GO:0034380),12,0.5161280956943356,up,0.8465782566808375,0.9481010610292244,False
GO:0072659,protein localization to plasma membrane (GO:0072659),128,0.5049170933230401,up,0.8474724385024904,0.9481010610292244,False
GO:0031343,positive regulation of cell killing (GO:0031343),13,0.4846006441151903,down,0.847519051624459,0.9481010610292244,False
GO:0007215,glutamate receptor signaling pathway (GO:0007215),37,0.5091097838497455,up,0.8478668070158527,0.9481010610292244,False
GO:0009057,macromolecule catabolic process (GO:0009057),27,0.5107492179061832,up,0.8466475675434817,0.9481010610292244,False
GO:0019430,removal of superoxide radicals (GO:0019430),10,0.48241254173319786,down,0.847261028615593,0.9481010610292244,False
GO:0019433,triglyceride catabolic process (GO:0019433),22,0.5118259967314653,up,0.8476835648684901,0.9481010610292244,False
GO:1905907,negative regulation of amyloid fibril formation (GO:1905907),12,0.4839130350627607,down,0.8469647104240515,0.9481010610292244,False
GO:0070555,response to interleukin-1 (GO:0070555),73,0.5065234038518084,up,0.8470671918917811,0.9481010610292244,False
GO:0061844,antimicrobial humoral immune response mediated by antimicrobial peptide (GO:0061844),41,0.491417630657971,down,0.849119289406531,0.9489214078781263,False
GO:0033198,response to ATP (GO:0033198),18,0.4870713993024299,down,0.8493509569591982,0.9489214078781263,False
GO:0031056,regulation of histone modification (GO:0031056),13,0.48473911548065196,down,0.8488736714725565,0.9489214078781263,False
GO:0034613,cellular protein localization (GO:0034613),300,0.49684184843605134,down,0.8503618761386039,0.9494914913728951,False
GO:0022616,DNA strand elongation (GO:0022616),17,0.5132326465634747,up,0.8501410572863627,0.9494914913728951,False
GO:1903008,organelle disassembly (GO:1903008),33,0.5094222687041233,up,0.8513474031500196,0.95031215425192,False
GO:0006360,transcription by RNA polymerase I (GO:0006360),34,0.490745218804526,down,0.8517909096052148,0.9505274845932862,False
GO:0016071,mRNA metabolic process (GO:0016071),89,0.49429914071067105,down,0.8524001980461264,0.9509276327026346,False
GO:0006882,cellular zinc ion homeostasis (GO:0006882),18,0.48740211594118726,down,0.8531604516965281,0.950997398680322,False
GO:0055064,chloride ion homeostasis (GO:0055064),10,0.48316446508927274,down,0.8537163571069064,0.950997398680322,False
GO:0030838,positive regulation of actin filament polymerization (GO:0030838),46,0.4921443707220179,down,0.8536744258887896,0.950997398680322,False
GO:0090278,negative regulation of peptide hormone secretion (GO:0090278),18,0.4874230882158402,down,0.8534021459015013,0.950997398680322,False
GO:0055083,monovalent inorganic anion homeostasis (GO:0055083),10,0.48316446508927274,down,0.8537163571069064,0.950997398680322,False
GO:0006811,ion transport (GO:0006811),114,0.5049830467085276,up,0.8540190574559408,0.951055280367112,False
GO:0006643,membrane lipid metabolic process (GO:0006643),22,0.4887753027618854,down,0.8553408931704762,0.9519725361053664,False
GO:0042476,odontogenesis (GO:0042476),35,0.5089005561550594,up,0.8553446883857339,0.9519725361053664,False
GO:0030262,apoptotic nuclear changes (GO:0030262),22,0.5111520924694334,up,0.8562664256132931,0.9527188478589677,False
GO:0061157,mRNA destabilization (GO:0061157),38,0.5083832500156746,up,0.8580101347564222,0.9528267849547202,False
GO:0070507,regulation of microtubule cytoskeleton organization (GO:0070507),36,0.491335534959696,down,0.8571663500980107,0.9528267849547202,False
GO:0009154,purine ribonucleotide catabolic process (GO:0009154),22,0.5108563930478954,up,0.8600378960710613,0.9528267849547202,False
GO:0032729,positive regulation of interferon-gamma production (GO:0032729),47,0.5074364200309676,up,0.8599209300509701,0.9528267849547202,False
GO:0007080,mitotic metaphase plate congression (GO:0007080),49,0.5072815965891094,up,0.8599529881131224,0.9528267849547202,False
GO:0031954,positive regulation of protein autophosphorylation (GO:0031954),20,0.5115100914766952,up,0.8585282140453365,0.9528267849547202,False
GO:1901673,regulation of mitotic spindle assembly (GO:1901673),19,0.4881412353045467,down,0.8579377571423545,0.9528267849547202,False
GO:0006361,transcription initiation from RNA polymerase I promoter (GO:0006361),32,0.49085912761816225,down,0.8579148382003019,0.9528267849547202,False
GO:0086011,membrane repolarization during action potential (GO:0086011),13,0.4858379527678639,down,0.8596387421097084,0.9528267849547202,False
GO:2000108,positive regulation of leukocyte apoptotic process (GO:2000108),11,0.5155060651808997,up,0.8586405447617962,0.9528267849547202,False
GO:0033119,negative regulation of RNA splicing (GO:0033119),19,0.5117242665264625,up,0.8595322362736706,0.9528267849547202,False
GO:0003283,atrial septum development (GO:0003283),14,0.48609423154297,down,0.8570059946588164,0.9528267849547202,False
GO:1901617,organic hydroxy compound biosynthetic process (GO:1901617),47,0.4924949417997794,down,0.8586414976821866,0.9528267849547202,False
GO:0048738,cardiac muscle tissue development (GO:0048738),53,0.49296497680586804,down,0.8592958699258417,0.9528267849547202,False
GO:0018242,protein O-linked glycosylation via serine (GO:0018242),10,0.5160894179126143,up,0.860131534849713,0.9528267849547202,False
GO:0042554,superoxide anion generation (GO:0042554),14,0.5135594204581748,up,0.8605308140890012,0.9529907672524326,False
GO:0030490,maturation of SSU-rRNA (GO:0030490),34,0.5086181999019067,up,0.8618795580816594,0.954205827146449,False
GO:0044265,cellular macromolecule catabolic process (GO:0044265),49,0.5070926760519938,up,0.8635505387996667,0.955475081446613,False
GO:0034661,ncRNA catabolic process (GO:0034661),28,0.5093437874757769,up,0.8640721073538731,0.955475081446613,False
GO:0002637,regulation of immunoglobulin production (GO:0002637),21,0.4891856609054727,down,0.8637468626680759,0.955475081446613,False
GO:1901223,negative regulation of NIK/NF-kappaB signaling (GO:1901223),23,0.48968350977856795,down,0.8639719648467546,0.955475081446613,False
GO:0040013,negative regulation of locomotion (GO:0040013),13,0.486311435501378,down,0.8642855271403451,0.955475081446613,False
GO:0140546,defense response to symbiont (GO:0140546),97,0.49501324141258535,down,0.8650980263962204,0.9560946428091095,False
GO:0090022,regulation of neutrophil chemotaxis (GO:0090022),23,0.5102041074026183,up,0.8654396707666775,0.9561936123559591,False
GO:0006271,DNA strand elongation involved in DNA replication (GO:0006271),18,0.511466994479452,up,0.8662124351963573,0.9567687148223014,False
GO:0010676,positive regulation of cellular carbohydrate metabolic process (GO:0010676),11,0.4854414543765374,down,0.8671964083387793,0.9575767035892256,False
GO:0050866,negative regulation of cell activation (GO:0050866),14,0.4871291276593097,down,0.8675464310585956,0.9576844042506558,False
GO:0030111,regulation of Wnt signaling pathway (GO:0030111),108,0.5046243728224687,up,0.8679924249637736,0.9577954102409041,False
GO:0016973,poly(A)+ mRNA export from nucleus (GO:0016973),18,0.48870078371777126,down,0.8681520222536853,0.9577954102409041,False
GO:1903054,negative regulation of extracellular matrix organization (GO:1903054),10,0.4850660473218174,down,0.8700844166188123,0.9587678247851485,False
GO:0008334,histone mRNA metabolic process (GO:0008334),27,0.5090742246836124,up,0.8703137218152797,0.9587678247851485,False
GO:0008206,bile acid metabolic process (GO:0008206),29,0.49122355396983436,down,0.8700130827759899,0.9587678247851485,False
GO:0036150,phosphatidylserine acyl-chain remodeling (GO:0036150),21,0.5102694734163631,up,0.8705500628948198,0.9587678247851485,False
GO:0045597,positive regulation of cell differentiation (GO:0045597),245,0.4969547631972988,down,0.869318318934446,0.9587678247851485,False
GO:0009101,glycoprotein biosynthetic process (GO:0009101),78,0.4946321071855586,down,0.8697060412258383,0.9587678247851485,False
GO:0006353,"DNA-templated transcription, termination (GO:0006353)",68,0.5056964071579718,up,0.8708705196967322,0.9588423457793049,False
GO:0016571,histone methylation (GO:0016571),25,0.4907859424920128,down,0.8732577097894834,0.9598025864360974,False
GO:0018208,peptidyl-proline modification (GO:0018208),25,0.5091025268661051,up,0.8747792094146029,0.9598025864360974,False
GO:0001655,urogenital system development (GO:0001655),11,0.4861171229188881,down,0.8733071032828331,0.9598025864360974,False
GO:0035458,cellular response to interferon-beta (GO:0035458),14,0.5122673557678349,up,0.8737042718973576,0.9598025864360974,False
GO:1903649,regulation of cytoplasmic transport (GO:1903649),11,0.5139145490440346,up,0.8730204926099723,0.9598025864360974,False
GO:0030836,positive regulation of actin filament depolymerization (GO:0030836),11,0.4862332534496046,down,0.8743581510641564,0.9598025864360974,False
GO:0060043,regulation of cardiac muscle cell proliferation (GO:0060043),20,0.4897139538260491,down,0.873439650693518,0.9598025864360974,False
GO:0044818,mitotic G2/M transition checkpoint (GO:0044818),42,0.49283354989047606,down,0.8722680628995777,0.9598025864360974,False
GO:1902905,positive regulation of supramolecular fiber organization (GO:1902905),89,0.4951039275165486,down,0.8730460720319951,0.9598025864360974,False
GO:0002755,MyD88-dependent toll-like receptor signaling pathway (GO:0002755),28,0.508622800210798,up,0.874470569320776,0.9598025864360974,False
GO:0043217,myelin maintenance (GO:0043217),10,0.514492669473073,up,0.8738910433824564,0.9598025864360974,False
GO:0002831,regulation of response to biotic stimulus (GO:0002831),28,0.5086124262933163,up,0.8746203502617765,0.9598025864360974,False
GO:0010824,regulation of centrosome duplication (GO:0010824),29,0.50841485084449,up,0.8753241847175337,0.9601182594547822,False
GO:0048863,stem cell differentiation (GO:0048863),37,0.4925643872706456,down,0.8755731767608995,0.9601182594547822,False
GO:1905906,regulation of amyloid fibril formation (GO:1905906),15,0.5116066589237321,up,0.8762927141383114,0.9606295562793686,False
GO:0046425,regulation of receptor signaling pathway via JAK-STAT (GO:0046425),37,0.4928101731809094,down,0.879654480738923,0.9607052823042715,False
GO:0051482,positive regulation of cytosolic calcium ion concentration involved in phospholipase C-activating G protein-coupled signaling pathway (GO:0051482),26,0.5085806464585982,up,0.8795851003964847,0.9607052823042715,False
GO:1901989,positive regulation of cell cycle phase transition (GO:1901989),13,0.512301617434885,up,0.8779235534247702,0.9607052823042715,False
GO:0045604,regulation of epidermal cell differentiation (GO:0045604),24,0.5090531304154202,up,0.8779482214419921,0.9607052823042715,False
GO:2000757,negative regulation of peptidyl-lysine acetylation (GO:2000757),10,0.5139671940775149,up,0.8784277377176156,0.9607052823042715,False
GO:0061314,Notch signaling involved in heart development (GO:0061314),11,0.48669249691198363,down,0.878516721870833,0.9607052823042715,False
GO:0002478,antigen processing and presentation of exogenous peptide antigen (GO:0002478),80,0.504898,up,0.8795222423091029,0.9607052823042715,False
GO:0055069,zinc ion homeostasis (GO:0055069),20,0.5097821983447074,up,0.8795909726739787,0.9607052823042715,False
GO:0048246,macrophage chemotaxis (GO:0048246),11,0.5132256838504661,up,0.8792579719873971,0.9607052823042715,False
GO:1902622,regulation of neutrophil migration (GO:1902622),10,0.5140978371316591,up,0.8772994513697142,0.9607052823042715,False
GO:0071459,"protein localization to chromosome, centromeric region (GO:0071459)",17,0.5108566802062018,up,0.8768120745156367,0.9607052823042715,False
GO:1903202,negative regulation of oxidative stress-induced cell death (GO:1903202),25,0.4910938135347081,down,0.8774588044782161,0.9607052823042715,False
GO:1990778,protein localization to cell periphery (GO:1990778),132,0.5038592815666498,up,0.8781645615411374,0.9607052823042715,False
GO:0030042,actin filament depolymerization (GO:0030042),11,0.5130963566685318,up,0.8804298410094711,0.9609049061759463,False
GO:1903204,negative regulation of oxidative stress-induced neuron death (GO:1903204),11,0.4869221186431731,down,0.880597272308882,0.9609049061759463,False
GO:0042532,negative regulation of tyrosine phosphorylation of STAT protein (GO:0042532),10,0.4862737697779068,down,0.8805094454146487,0.9609049061759463,False
GO:0030834,regulation of actin filament depolymerization (GO:0030834),12,0.48750834712423424,down,0.8808773921297829,0.9609341237699933,False
GO:0006029,proteoglycan metabolic process (GO:0006029),26,0.4915958594833962,down,0.8820439085082505,0.9616535053095127,False
GO:1900542,regulation of purine nucleotide metabolic process (GO:1900542),42,0.4933835911954646,down,0.8819974667785317,0.9616535053095127,False
GO:0019218,regulation of steroid metabolic process (GO:0019218),23,0.5088346785598836,up,0.8833600489166235,0.9619357192023849,False
GO:0060193,positive regulation of lipase activity (GO:0060193),10,0.4866279576135869,down,0.8835708003430289,0.9619357192023849,False
GO:0006775,fat-soluble vitamin metabolic process (GO:0006775),22,0.4909772073829809,down,0.8834924426766372,0.9619357192023849,False
GO:0046209,nitric oxide metabolic process (GO:0046209),16,0.5106329306890444,up,0.8829068299504944,0.9619357192023849,False
GO:0006022,aminoglycan metabolic process (GO:0006022),10,0.5133778487443751,up,0.8835206000477697,0.9619357192023849,False
GO:0008213,protein alkylation (GO:0008213),22,0.5089303865477884,up,0.8846773433470045,0.9625878265390672,False
GO:0030239,myofibril assembly (GO:0030239),43,0.5063910912634587,up,0.8846498346233107,0.9625878265390672,False
GO:0051279,regulation of release of sequestered calcium ion into cytosol (GO:0051279),49,0.4940399574350463,down,0.8851757073535853,0.9628538738147832,False
GO:0060350,endochondral bone morphogenesis (GO:0060350),13,0.5115087571971609,up,0.8857364252632002,0.9629708709567741,False
GO:1904062,regulation of cation transmembrane transport (GO:1904062),30,0.5075400629387558,up,0.8862987900105717,0.9629708709567741,False
GO:0071470,cellular response to osmotic stress (GO:0071470),21,0.5090234734772111,up,0.8861428855947424,0.9629708709567741,False
GO:0070269,pyroptosis (GO:0070269),15,0.4892973286875726,down,0.8858596990102614,0.9629708709567741,False
GO:2000779,regulation of double-strand break repair (GO:2000779),39,0.49340944581530355,down,0.8866971896904364,0.963127846648289,False
GO:0006024,glycosaminoglycan biosynthetic process (GO:0006024),96,0.5041625435354152,up,0.8878088883047179,0.9639114329474765,False
GO:0016482,cytosolic transport (GO:0016482),106,0.49604228955060076,down,0.8879268512308155,0.9639114329474765,False
GO:0015849,organic acid transport (GO:0015849),92,0.49577623303123053,down,0.8885444642712219,0.9643059092934891,False
GO:0061036,positive regulation of cartilage development (GO:0061036),18,0.49048988007085403,down,0.8888818001072489,0.9643960720271154,False
GO:0045761,regulation of adenylate cyclase activity (GO:0045761),22,0.4914220766019912,down,0.8891992391511705,0.9644646022591906,False
GO:0033632,regulation of cell-cell adhesion mediated by integrin (GO:0033632),10,0.48737117143271885,down,0.890000228527353,0.9650574233288308,False
GO:0002449,lymphocyte mediated immunity (GO:0002449),11,0.5118189208306501,up,0.8920187046081629,0.9655355225163764,False
GO:0060541,respiratory system development (GO:0060541),35,0.49354196065410477,down,0.8947685380572202,0.9655355225163764,False
GO:0050434,positive regulation of viral transcription (GO:0050434),24,0.5077764224100375,up,0.8950537938530566,0.9655355225163764,False
GO:1901342,regulation of vasculature development (GO:1901342),27,0.49264379983562046,down,0.8947089408971938,0.9655355225163764,False
GO:2001032,regulation of double-strand break repair via nonhomologous end joining (GO:2001032),27,0.4926782248729501,down,0.8951988603930399,0.9655355225163764,False
GO:0071480,cellular response to gamma radiation (GO:0071480),16,0.4902272859258399,down,0.89232034279955,0.9655355225163764,False
GO:0018205,peptidyl-lysine modification (GO:0018205),101,0.5039020057329713,up,0.8921079388040668,0.9655355225163764,False
GO:0009437,carnitine metabolic process (GO:0009437),11,0.48867199459465166,down,0.8964785565259752,0.9655355225163764,False
GO:0014033,neural crest cell differentiation (GO:0014033),18,0.5090713154133313,up,0.8939782983970236,0.9655355225163764,False
GO:0050678,regulation of epithelial cell proliferation (GO:0050678),88,0.5040085362014829,up,0.8964965543496259,0.9655355225163764,False
GO:0070925,organelle assembly (GO:0070925),384,0.5020177686546721,up,0.891662596143372,0.9655355225163764,False
GO:0062099,negative regulation of programmed necrotic cell death (GO:0062099),11,0.5114520539267955,up,0.8953512901214002,0.9655355225163764,False
GO:0019216,regulation of lipid metabolic process (GO:0019216),89,0.5040209914816512,up,0.8955933385677035,0.9655355225163764,False
GO:0070897,transcription preinitiation complex assembly (GO:0070897),12,0.5109722343195037,up,0.895278954548726,0.9655355225163764,False
GO:0034033,purine nucleoside bisphosphate biosynthetic process (GO:0034033),11,0.5113332840658354,up,0.8964305834689186,0.9655355225163764,False
GO:0015937,coenzyme A biosynthetic process (GO:0015937),11,0.5113332840658354,up,0.8964305834689186,0.9655355225163764,False
GO:0070670,response to interleukin-4 (GO:0070670),10,0.48757149078240675,down,0.8917344168654519,0.9655355225163764,False
GO:0050768,negative regulation of neurogenesis (GO:0050768),34,0.5066537698429652,up,0.8931474234396053,0.9655355225163764,False
GO:0048545,response to steroid hormone (GO:0048545),33,0.49325748332197694,down,0.8933239479262709,0.9655355225163764,False
GO:0031113,regulation of microtubule polymerization (GO:0031113),40,0.5060809240156908,up,0.8940833375439847,0.9655355225163764,False
GO:0034030,ribonucleoside bisphosphate biosynthetic process (GO:0034030),11,0.5113332840658354,up,0.8964305834689186,0.9655355225163764,False
GO:0009892,negative regulation of metabolic process (GO:0009892),54,0.4948434961515977,down,0.8956554443595582,0.9655355225163764,False
GO:0042574,retinal metabolic process (GO:0042574),11,0.5113200874146177,up,0.8965505168211647,0.9655355225163764,False
GO:0061037,negative regulation of cartilage development (GO:0061037),14,0.510380070265091,up,0.8930084941817461,0.9655355225163764,False
GO:1900271,regulation of long-term synaptic potentiation (GO:1900271),28,0.4930027926585861,down,0.897992715184794,0.9656727509925033,False
GO:0051225,spindle assembly (GO:0051225),66,0.5045808340757307,up,0.8975281551982772,0.9656727509925033,False
GO:0002224,toll-like receptor signaling pathway (GO:0002224),87,0.49604450277189155,down,0.8984359843064205,0.9656727509925033,False
GO:0031400,negative regulation of protein modification process (GO:0031400),78,0.495774418346196,down,0.8972595563030119,0.9656727509925033,False
GO:0051402,neuron apoptotic process (GO:0051402),18,0.49131425178990296,down,0.8984600944509739,0.9656727509925033,False
GO:0032375,negative regulation of cholesterol transport (GO:0032375),11,0.5112013175536576,up,0.8976300230418894,0.9656727509925033,False
GO:1901798,positive regulation of signal transduction by p53 class mediator (GO:1901798),22,0.5079007189192186,up,0.8978973763604213,0.9656727509925033,False
GO:0030031,cell projection assembly (GO:0030031),22,0.4923012543463855,down,0.9004939830029189,0.9670367150424891,False
GO:2001256,regulation of store-operated calcium entry (GO:2001256),10,0.4885237334881695,down,0.8999850376231455,0.9670367150424891,False
GO:0001823,mesonephros development (GO:0001823),11,0.4891074840848386,down,0.9004376211431624,0.9670367150424891,False
GO:0090023,positive regulation of neutrophil chemotaxis (GO:0090023),17,0.5084448437601419,up,0.9040294106219081,0.9688574613736847,False
GO:0032870,cellular response to hormone stimulus (GO:0032870),71,0.5040356143374908,up,0.9063318260282125,0.9688574613736847,False
GO:0046641,positive regulation of alpha-beta T cell proliferation (GO:0046641),14,0.5091232625566704,up,0.9058998152425884,0.9688574613736847,False
GO:0030325,adrenal gland development (GO:0030325),10,0.4888866308607926,down,0.9031322250360179,0.9688574613736847,False
GO:0016246,RNA interference (GO:0016246),17,0.491514161852673,down,0.9035657567053026,0.9688574613736847,False
GO:0050650,chondroitin sulfate proteoglycan biosynthetic process (GO:0050650),27,0.5065267719212183,up,0.9065236812507093,0.9688574613736847,False
GO:1901362,organic cyclic compound biosynthetic process (GO:1901362),32,0.5060265846962787,up,0.9060430823877078,0.9688574613736847,False
GO:0007097,nuclear migration (GO:0007097),13,0.4905303453297182,down,0.9058790917290804,0.9688574613736847,False
GO:0097623,potassium ion export across plasma membrane (GO:0097623),13,0.4904812103290705,down,0.9053929604306583,0.9688574613736847,False
GO:0009150,purine ribonucleotide metabolic process (GO:0009150),67,0.4958548105118238,down,0.9065318034313754,0.9688574613736847,False
GO:0006516,glycoprotein catabolic process (GO:0006516),18,0.508309860518241,up,0.9028324979856936,0.9688574613736847,False
GO:0007369,gastrulation (GO:0007369),19,0.4920707215826766,down,0.9047341064439621,0.9688574613736847,False
GO:0001961,positive regulation of cytokine-mediated signaling pathway (GO:0001961),35,0.5059085249439694,up,0.9036775958687464,0.9688574613736847,False
GO:0000578,embryonic axis specification (GO:0000578),16,0.4913851302302622,down,0.9050146062792186,0.9688574613736847,False
GO:0002230,positive regulation of defense response to virus by host (GO:0002230),23,0.5071268385324067,up,0.9057917514918392,0.9688574613736847,False
GO:0051770,positive regulation of nitric-oxide synthase biosynthetic process (GO:0051770),10,0.4890434025257657,down,0.9044922838881826,0.9688574613736847,False
GO:1902751,positive regulation of cell cycle G2/M phase transition (GO:1902751),22,0.5073753244113073,up,0.9046541552150393,0.9688574613736847,False
GO:0072595,maintenance of protein localization in organelle (GO:0072595),19,0.5077458718232449,up,0.9069277061028106,0.9690075462670311,False
GO:0071431,tRNA-containing ribonucleoprotein complex export from nucleus (GO:0071431),33,0.5058375281488406,up,0.9075738640689518,0.9691519331119184,False
GO:0006409,tRNA export from nucleus (GO:0006409),33,0.5058375281488406,up,0.9075738640689518,0.9691519331119184,False
GO:0045665,negative regulation of neuron differentiation (GO:0045665),23,0.49312444439954745,down,0.9090990310046276,0.9705073528287511,False
GO:0051147,regulation of muscle cell differentiation (GO:0051147),34,0.49440662933195706,down,0.910098308257108,0.9713007549857092,False
GO:0072132,mesenchyme morphogenesis (GO:0072132),17,0.507881170936346,up,0.9104079030072836,0.9713578554449019,False
GO:2000042,negative regulation of double-strand break repair via homologous recombination (GO:2000042),15,0.5083236546651181,up,0.9111131005741926,0.9718368927103241,False
GO:0006796,phosphate-containing compound metabolic process (GO:0006796),201,0.5022653417097382,up,0.9116753586044793,0.972163237331119,False
GO:0007274,neuromuscular synaptic transmission (GO:0007274),18,0.49248385941477674,down,0.9120747409707551,0.9723157651776487,False
GO:0046514,ceramide catabolic process (GO:0046514),14,0.5083849398764761,up,0.9134847347865042,0.9735452652557488,False
GO:0031125,rRNA 3'-end processing (GO:0031125),10,0.4902075772971404,down,0.9146004823707443,0.9736400869021143,False
GO:0022008,neurogenesis (GO:0022008),44,0.5046767550545412,up,0.9144828545071149,0.9736400869021143,False
GO:0030148,sphingolipid biosynthetic process (GO:0030148),71,0.5036808800686857,up,0.9145326765490891,0.9736400869021143,False
GO:1901071,glucosamine-containing compound metabolic process (GO:1901071),13,0.4913388394312847,down,0.9138830923810554,0.9736400869021143,False
GO:0065003,protein-containing complex assembly (GO:0065003),261,0.4980921346466421,down,0.9152947674720413,0.9740818731272451,False
GO:0010714,positive regulation of collagen metabolic process (GO:0010714),17,0.4925714754221568,down,0.9155342290896906,0.9740818731272451,False
GO:0032366,intracellular sterol transport (GO:0032366),13,0.5084690873843652,up,0.9157859107755751,0.9740818731272451,False
GO:0070131,positive regulation of mitochondrial translation (GO:0070131),14,0.5080987361408952,up,0.9164271156996229,0.9742175027602774,False
GO:0034145,positive regulation of toll-like receptor 4 signaling pathway (GO:0034145),10,0.49040499346784727,down,0.9163160070324153,0.9742175027602774,False
GO:1902306,negative regulation of sodium ion transmembrane transport (GO:1902306),10,0.5091972710117578,up,0.9197734603065928,0.9747251428303043,False
GO:0048245,eosinophil chemotaxis (GO:0048245),13,0.5080358060150174,up,0.9200800708843528,0.9747251428303043,False
GO:0097067,cellular response to thyroid hormone stimulus (GO:0097067),12,0.5083543826031415,up,0.9201703231508493,0.9747251428303043,False
GO:0010822,positive regulation of mitochondrion organization (GO:0010822),56,0.4960796202547416,down,0.919124146358969,0.9747251428303043,False
GO:0002097,tRNA wobble base modification (GO:0002097),14,0.49211695363084695,down,0.9186453211920254,0.9747251428303043,False
GO:0009205,purine ribonucleoside triphosphate metabolic process (GO:0009205),13,0.4918078553465581,down,0.9185303562733853,0.9747251428303043,False
GO:1905168,positive regulation of double-strand break repair via homologous recombination (GO:1905168),14,0.5077275008606852,up,0.9202453826721118,0.9747251428303043,False
GO:0048638,regulation of developmental growth (GO:0048638),30,0.5053439845073832,up,0.9192804178182015,0.9747251428303043,False
GO:0007096,regulation of exit from mitosis (GO:0007096),38,0.5047322085321972,up,0.919560804761186,0.9747251428303043,False
GO:0050994,regulation of lipid catabolic process (GO:0050994),20,0.5065718019456947,up,0.918941098840857,0.9747251428303043,False
GO:0044247,cellular polysaccharide catabolic process (GO:0044247),16,0.507382618542931,up,0.9185512833295052,0.9747251428303043,False
GO:0072677,eosinophil migration (GO:0072677),13,0.5080358060150174,up,0.9200800708843528,0.9747251428303043,False
GO:0090136,epithelial cell-cell adhesion (GO:0090136),11,0.5089024609115191,up,0.9185594086314445,0.9747251428303043,False
GO:0061462,protein localization to lysosome (GO:0061462),27,0.49445326586026017,down,0.920510274777308,0.9747335210023252,False
GO:0072527,pyrimidine-containing compound metabolic process (GO:0072527),11,0.49142217670843846,down,0.9215198867596827,0.9752451304329955,False
GO:0045739,positive regulation of DNA repair (GO:0045739),47,0.504144261354361,up,0.9216584654085812,0.9752451304329955,False
GO:0010744,positive regulation of macrophage derived foam cell differentiation (GO:0010744),15,0.5073228803716608,up,0.9217647752708381,0.9752451304329955,False
GO:2000058,regulation of ubiquitin-dependent protein catabolic process (GO:2000058),40,0.5044530001452855,up,0.9223338273504342,0.9753030964985216,False
GO:0050691,regulation of defense response to virus by host (GO:0050691),29,0.4947613772269155,down,0.9221916693949683,0.9753030964985216,False
GO:0048247,lymphocyte chemotaxis (GO:0048247),32,0.504943097638207,up,0.9228778701776681,0.9756063995495805,False
GO:0044409,entry into host (GO:0044409),13,0.5077253621472889,up,0.9231582555671255,0.9756308897648668,False
GO:0030514,negative regulation of BMP signaling pathway (GO:0030514),52,0.5038447004845285,up,0.9235525561711253,0.9757757229964007,False
GO:1905039,carboxylic acid transmembrane transport (GO:1905039),40,0.5043273281999129,up,0.9245192438579114,0.9762531993187801,False
GO:0051173,positive regulation of nitrogen compound metabolic process (GO:0051173),19,0.49371985254109835,down,0.924482347128901,0.9762531993187801,False
GO:0061035,regulation of cartilage development (GO:0061035),18,0.4936405610244795,down,0.9255646038051404,0.9770850381945164,False
GO:0006378,mRNA polyadenylation (GO:0006378),26,0.5051689429975178,up,0.9272890946734544,0.97779399047327,False
GO:0043174,nucleoside salvage (GO:0043174),12,0.5075777371309119,up,0.9275711073299654,0.97779399047327,False
GO:0050885,neuromuscular process controlling balance (GO:0050885),13,0.5072072112313678,up,0.9282984866053903,0.97779399047327,False
GO:0006606,protein import into nucleus (GO:0006606),66,0.4967792731467162,down,0.9278541854472482,0.97779399047327,False
GO:0043631,RNA polyadenylation (GO:0043631),26,0.5051689429975178,up,0.9272890946734544,0.97779399047327,False
GO:0048255,mRNA stabilization (GO:0048255),40,0.5041864012785123,up,0.9269706191181025,0.97779399047327,False
GO:0045668,negative regulation of osteoblast differentiation (GO:0045668),31,0.4952658685238356,down,0.9272882338798387,0.97779399047327,False
GO:0055065,metal ion homeostasis (GO:0055065),41,0.4959357862015884,down,0.9282190186769232,0.97779399047327,False
GO:0033210,leptin-mediated signaling pathway (GO:0033210),10,0.508067934388155,up,0.9295986620527397,0.9780770388810102,False
GO:0055089,fatty acid homeostasis (GO:0055089),10,0.5081259979677747,up,0.9290932355690726,0.9780770388810102,False
GO:0002709,regulation of T cell mediated immunity (GO:0002709),10,0.49190303382203515,down,0.9293459452483727,0.9780770388810102,False
GO:0051497,negative regulation of stress fiber assembly (GO:0051497),24,0.4947346383588433,down,0.9288327866737867,0.9780770388810102,False
GO:0034454,microtubule anchoring at centrosome (GO:0034454),10,0.5080040644505733,up,0.9301546639776453,0.9781193902043828,False
GO:0006853,carnitine shuttle (GO:0006853),11,0.5076435003853422,up,0.9300462155738579,0.9781193902043828,False
GO:0030575,nuclear body organization (GO:0030575),12,0.4928577650030485,down,0.931723864858378,0.9785992916448376,False
GO:0043603,cellular amide metabolic process (GO:0043603),103,0.502425206090232,up,0.9321590405253884,0.9785992916448376,False
GO:0035437,maintenance of protein localization in endoplasmic reticulum (GO:0035437),12,0.4928819595660463,down,0.9319546291696937,0.9785992916448376,False
GO:0090160,Golgi to lysosome transport (GO:0090160),11,0.49255708871316817,down,0.9318778080912269,0.9785992916448376,False
GO:2000650,negative regulation of sodium ion transmembrane transporter activity (GO:2000650),10,0.5077805196690376,up,0.932100937422108,0.9785992916448376,False
GO:0048477,oogenesis (GO:0048477),16,0.49381878103313104,down,0.9317718453305,0.9785992916448376,False
GO:0006885,regulation of pH (GO:0006885),11,0.4926468259414491,down,0.932697322130019,0.9788934540230111,False
GO:0034612,response to tumor necrosis factor (GO:0034612),92,0.5024958910557235,up,0.9340006444008393,0.9799901643741032,False
GO:0002062,chondrocyte differentiation (GO:0002062),32,0.49579950178659615,down,0.9344365339675801,0.9801763753703073,False
GO:0042472,inner ear morphogenesis (GO:0042472),23,0.5048539275901083,up,0.9357593214243162,0.9801917578783246,False
GO:0002819,regulation of adaptive immune response (GO:0002819),18,0.5054527914097563,up,0.9361534287395059,0.9801917578783246,False
GO:0086013,membrane repolarization during cardiac muscle cell action potential (GO:0086013),15,0.5059388308168796,up,0.9365185685607826,0.9801917578783246,False
GO:0006644,phospholipid metabolic process (GO:0006644),72,0.49727962300490874,down,0.9363392545378326,0.9801917578783246,False
GO:0048313,Golgi inheritance (GO:0048313),10,0.4927159239367107,down,0.9364246163603349,0.9801917578783246,False
GO:1903037,regulation of leukocyte cell-cell adhesion (GO:1903037),12,0.4933392368067048,down,0.9363171286144194,0.9801917578783246,False
GO:1905209,positive regulation of cardiocyte differentiation (GO:1905209),12,0.5066970550377919,up,0.9359708269066072,0.9801917578783246,False
GO:0032515,negative regulation of phosphoprotein phosphatase activity (GO:0032515),21,0.49485281712150503,down,0.9349075906561237,0.9801917578783246,False
GO:0030433,ubiquitin-dependent ERAD pathway (GO:0030433),70,0.49726583435468125,down,0.9369085757805117,0.9803294421890981,False
GO:1901020,negative regulation of calcium ion transmembrane transporter activity (GO:1901020),27,0.4956344749536338,down,0.9374002252068981,0.9805733740236527,False
GO:2000341,regulation of chemokine (C-X-C motif) ligand 2 production (GO:2000341),12,0.4935400516795866,down,0.9382335473898152,0.9811744817340968,False
GO:0001935,endothelial cell proliferation (GO:0001935),17,0.49460069758782194,down,0.9385558210419213,0.9812409672579955,False
GO:0006336,DNA replication-independent nucleosome assembly (GO:0006336),36,0.4963594074332329,down,0.9397219944055855,0.9819886628975932,False
GO:0060632,regulation of microtubule-based movement (GO:0060632),10,0.5068979532588184,up,0.9397887809961147,0.9819886628975932,False
GO:0048667,cell morphogenesis involved in neuron differentiation (GO:0048667),75,0.49750940469265076,down,0.9405094155091458,0.9824710033120875,False
GO:0150105,protein localization to cell-cell junction (GO:0150105),15,0.505495547812621,up,0.9412487672791122,0.9829726250797557,False
GO:0030422,production of siRNA involved in RNA interference (GO:0030422),10,0.49336913920743214,down,0.9421165048189366,0.9830340255095831,False
GO:0007549,dosage compensation (GO:0007549),10,0.493395267818261,down,0.9423442438051264,0.9830340255095831,False
GO:1900006,positive regulation of dendrite development (GO:1900006),10,0.4933401074176223,down,0.941863467051911,0.9830340255095831,False
GO:0010833,telomere maintenance via telomere lengthening (GO:0010833),31,0.49623387284190323,down,0.9421278742460398,0.9830340255095831,False
GO:0002385,mucosal immune response (GO:0002385),20,0.4956112966458545,down,0.945819432494214,0.9853043415134726,False
GO:0006706,steroid catabolic process (GO:0006706),12,0.5056675763822354,up,0.9457987057499669,0.9853043415134726,False
GO:0070232,regulation of T cell apoptotic process (GO:0070232),10,0.4937697779068079,down,0.9456090115251461,0.9853043415134726,False
GO:0002548,monocyte chemotaxis (GO:0002548),29,0.49632695416655814,down,0.9454030506503863,0.9853043415134726,False
GO:0009069,serine family amino acid metabolic process (GO:0009069),16,0.5049380789221523,up,0.9454715323803801,0.9853043415134726,False
GO:0034162,toll-like receptor 9 signaling pathway (GO:0034162),13,0.4946844862935682,down,0.9470885731259021,0.9860848086375368,False
GO:0007517,muscle organ development (GO:0007517),57,0.5025506378889838,up,0.9468643106862189,0.9860848086375368,False
GO:0061564,axon development (GO:0061564),79,0.49790993421963514,down,0.948753725542398,0.986408950573714,False
GO:0007030,Golgi organization (GO:0007030),110,0.4982358157201657,down,0.9489798782209959,0.986408950573714,False
GO:0031057,negative regulation of histone modification (GO:0031057),15,0.49510840108401083,down,0.9476967091242932,0.986408950573714,False
GO:0010614,negative regulation of cardiac muscle hypertrophy (GO:0010614),12,0.5053397400536151,up,0.9489301871433125,0.986408950573714,False
GO:0086014,atrial cardiac muscle cell action potential (GO:0086014),13,0.49489889356912176,down,0.9492203189016757,0.986408950573714,False
GO:0046520,sphingoid biosynthetic process (GO:0046520),11,0.4944230951953632,down,0.9489324462671427,0.986408950573714,False
GO:0046512,sphingosine biosynthetic process (GO:0046512),11,0.4944230951953632,down,0.9489324462671427,0.986408950573714,False
GO:2000516,"positive regulation of CD4-positive, alpha-beta T cell activation (GO:2000516)",10,0.5056205545071853,up,0.9509256796611009,0.9876399515209627,False
GO:0002891,positive regulation of immunoglobulin mediated immune response (GO:0002891),13,0.5049537014289351,up,0.9506861059127424,0.9876399515209627,False
GO:0045577,regulation of B cell differentiation (GO:0045577),17,0.5042412109741975,up,0.9517187123983941,0.9879225714633577,False
GO:1904668,positive regulation of ubiquitin protein ligase activity (GO:1904668),12,0.49493365850826004,down,0.9515422862558721,0.9879225714633577,False
GO:0030242,autophagy of peroxisome (GO:0030242),12,0.4950304367602512,down,0.9524670493459333,0.9884288695401162,False
GO:0097300,programmed necrotic cell death (GO:0097300),17,0.4958493182975031,down,0.9527482721097636,0.9884502724596098,False
GO:0045840,positive regulation of mitotic nuclear division (GO:0045840),35,0.4971494978002822,down,0.9534468285072122,0.9889045175083008,False
GO:0031328,positive regulation of cellular biosynthetic process (GO:0031328),170,0.49873465501119507,down,0.9545410723385114,0.9897688046418736,False
GO:1905269,positive regulation of chromatin organization (GO:1905269),11,0.5049249902344781,up,0.9548966362224953,0.989866887453382,False
GO:0046039,GTP metabolic process (GO:0046039),15,0.4958439798683701,down,0.9555545596109108,0.9900077696269284,False
GO:0016573,histone acetylation (GO:0016573),70,0.501926504497393,up,0.9555235682131974,0.9900077696269284,False
GO:0032967,positive regulation of collagen biosynthetic process (GO:0032967),16,0.503923604053544,up,0.9566634245657961,0.9907823328368797,False
GO:0017148,negative regulation of translation (GO:0017148),86,0.49831243271552855,down,0.9568245940367757,0.9907823328368797,False
GO:0036503,ERAD pathway (GO:0036503),84,0.49831564815853896,down,0.95740920058552,0.9908625299218164,False
GO:0090316,positive regulation of intracellular protein transport (GO:0090316),142,0.5012527588812683,up,0.9588460962441099,0.9908625299218164,False
GO:1903319,positive regulation of protein maturation (GO:1903319),11,0.4956992113681232,down,0.9606096599819044,0.9908625299218164,False
GO:0000291,"nuclear-transcribed mRNA catabolic process, exonucleolytic (GO:0000291)",31,0.5026369449671272,up,0.9594634527753303,0.9908625299218164,False
GO:0000722,telomere maintenance via recombination (GO:0000722),11,0.5044103208369844,up,0.9596070085216781,0.9908625299218164,False
GO:0051560,mitochondrial calcium ion homeostasis (GO:0051560),21,0.5031212229330368,up,0.9605040301682988,0.9908625299218164,False
GO:0042401,cellular biogenic amine biosynthetic process (GO:0042401),17,0.5034930634080684,up,0.9602294090098262,0.9908625299218164,False
GO:2000177,regulation of neural precursor cell proliferation (GO:2000177),23,0.49683686560530144,down,0.9581134422085478,0.9908625299218164,False
GO:0001937,negative regulation of endothelial cell proliferation (GO:0001937),37,0.49761752571328954,down,0.9599901889326187,0.9908625299218164,False
GO:0001508,action potential (GO:0001508),44,0.4978165015943633,down,0.9600167036033648,0.9908625299218164,False
GO:0046856,phosphatidylinositol dephosphorylation (GO:0046856),23,0.4970414275901083,down,0.9608205602563777,0.9908625299218164,False
GO:0098930,axonal transport (GO:0098930),35,0.4973976923715448,down,0.9574968055253945,0.9908625299218164,False
GO:0002639,positive regulation of immunoglobulin production (GO:0002639),28,0.5028362290394998,up,0.9585625127621117,0.9908625299218164,False
GO:0048261,negative regulation of receptor-mediated endocytosis (GO:0048261),26,0.5028978254021096,up,0.9592013028771567,0.9908625299218164,False
GO:0051961,negative regulation of nervous system development (GO:0051961),18,0.503353950692569,up,0.9607062240770562,0.9908625299218164,False
GO:0043243,positive regulation of protein-containing complex disassembly (GO:0043243),12,0.49599821928016335,down,0.9617179955930572,0.9909797221636691,False
GO:0006553,lysine metabolic process (GO:0006553),12,0.5040042001761365,up,0.9616948612786347,0.9909797221636691,False
GO:0006554,lysine catabolic process (GO:0006554),12,0.5040042001761365,up,0.9616948612786347,0.9909797221636691,False
GO:0098719,sodium ion import across plasma membrane (GO:0098719),16,0.5034063852028223,up,0.9623729172075337,0.991385245781688,False
GO:0003333,amino acid transmembrane transport (GO:0003333),44,0.4979763342060282,down,0.9629417443249499,0.991701883308318,False
GO:0030888,regulation of B cell proliferation (GO:0030888),44,0.5020018704378357,up,0.963340653041733,0.9918434030910134,False
GO:0061178,regulation of insulin secretion involved in cellular response to glucose stimulus (GO:0061178),26,0.5025615704113482,up,0.9639329360477036,0.9921838877690474,False
GO:0045736,negative regulation of cyclin-dependent protein serine/threonine kinase activity (GO:0045736),20,0.4972092347901844,down,0.9655341871259201,0.9923686975230194,False
GO:0046464,acylglycerol catabolic process (GO:0046464),34,0.5020990093257023,up,0.9662055365021119,0.9923686975230194,False
GO:0043627,response to estrogen (GO:0043627),32,0.502174236702205,up,0.9660388332456279,0.9923686975230194,False
GO:0048709,oligodendrocyte differentiation (GO:0048709),19,0.49707160804788136,down,0.9647502562229734,0.9923686975230194,False
GO:0046834,lipid phosphorylation (GO:0046834),10,0.4959820002903179,down,0.9649107317198243,0.9923686975230194,False
GO:0002695,negative regulation of leukocyte activation (GO:0002695),15,0.4968234610917538,down,0.966024486341099,0.9923686975230194,False
GO:0008202,steroid metabolic process (GO:0008202),74,0.4985337203059201,down,0.9651907880990119,0.9923686975230194,False
GO:1904591,positive regulation of protein import (GO:1904591),30,0.5023025901718712,up,0.9651756295045442,0.9923686975230194,False
GO:0051222,positive regulation of protein transport (GO:0051222),69,0.5014140402607398,up,0.9675816292690171,0.9924383774519693,False
GO:0046485,ether lipid metabolic process (GO:0046485),14,0.5031855720134225,up,0.9670827928395933,0.9924383774519693,False
GO:0019896,axonal transport of mitochondrion (GO:0019896),11,0.4963867568965699,down,0.966904771370588,0.9924383774519693,False
GO:0071044,histone mRNA catabolic process (GO:0071044),15,0.4969512195121951,down,0.967390599592184,0.9924383774519693,False
GO:0048169,regulation of long-term neuronal synaptic plasticity (GO:0048169),10,0.5037828422122224,up,0.9669638979376435,0.9924383774519693,False
GO:0090266,regulation of mitotic cell cycle spindle assembly checkpoint (GO:0090266),13,0.4967771906393357,down,0.9679091565504472,0.9925059288445109,False
GO:0044271,cellular nitrogen compound biosynthetic process (GO:0044271),28,0.4978940947512127,down,0.9692283308727826,0.9932130186645538,False
GO:2001257,regulation of cation channel activity (GO:2001257),89,0.49880467171956605,down,0.9688845937768833,0.9932130186645538,False
GO:0080171,lytic vacuole organization (GO:0080171),32,0.4980400095866136,down,0.9693842855513256,0.9932130186645538,False
GO:0002221,pattern recognition receptor signaling pathway (GO:0002221),58,0.5013373259295869,up,0.9718849699590666,0.9933601969966962,False
GO:0071385,cellular response to glucocorticoid stimulus (GO:0071385),18,0.5024376236154265,up,0.9714387409620834,0.9933601969966962,False
GO:0015868,purine ribonucleotide transport (GO:0015868),17,0.4974019807121408,down,0.9704170302052597,0.9933601969966962,False
GO:0006886,intracellular protein transport (GO:0006886),304,0.49940824919976146,down,0.971617627454249,0.9933601969966962,False
GO:0031629,synaptic vesicle fusion to presynaptic active zone membrane (GO:0031629),11,0.503148720980564,up,0.9711590902989237,0.9933601969966962,False
GO:0006334,nucleosome assembly (GO:0006334),44,0.4984204971454688,down,0.9710727117453887,0.9933601969966962,False
GO:0071545,inositol phosphate catabolic process (GO:0071545),12,0.4970361660327691,down,0.9716453334235735,0.9933601969966962,False
GO:0002040,sprouting angiogenesis (GO:0002040),51,0.50142995228553,up,0.9718075735711958,0.9933601969966962,False
GO:0010880,regulation of release of sequestered calcium ion into cytosol by sarcoplasmic reticulum (GO:0010880),22,0.5022520679158207,up,0.9708287881113743,0.9933601969966962,False
GO:0060259,regulation of feeding behavior (GO:0060259),11,0.49696740955015256,down,0.9722228030116243,0.9934377941333759,False
GO:0048713,regulation of oligodendrocyte differentiation (GO:0048713),18,0.49788018700815984,down,0.9751624178289939,0.9935030022595037,False
GO:0032535,regulation of cellular component size (GO:0032535),30,0.5017739046235778,up,0.9731696859658421,0.9935030022595037,False
GO:0033157,regulation of intracellular protein transport (GO:0033157),32,0.5015750733521193,up,0.9753960736469124,0.9935030022595037,False
GO:0000075,cell cycle checkpoint signaling (GO:0000075),12,0.49743053740963333,down,0.9754184945536674,0.9935030022595037,False
GO:0006363,termination of RNA polymerase I transcription (GO:0006363),30,0.501676107480029,up,0.9746487594144896,0.9935030022595037,False
GO:0006509,membrane protein ectodomain proteolysis (GO:0006509),22,0.4980185498583547,down,0.9743338566576637,0.9935030022595037,False
GO:1903035,negative regulation of response to wounding (GO:1903035),18,0.5020746419387416,up,0.9756917172203141,0.9935030022595037,False
GO:1901385,regulation of voltage-gated calcium channel activity (GO:1901385),22,0.5019616488410958,up,0.9745903453716176,0.9935030022595037,False
GO:2001026,regulation of endothelial cell chemotaxis (GO:2001026),15,0.502291908633372,up,0.9754856138145626,0.9935030022595037,False
GO:0061726,mitochondrion disassembly (GO:0061726),34,0.49845426099320356,down,0.9751117034021571,0.9935030022595037,False
GO:0071260,cellular response to mechanical stimulus (GO:0071260),47,0.4986544445378858,down,0.9745314054068408,0.9935030022595037,False
GO:0001573,ganglioside metabolic process (GO:0001573),20,0.5021025119790911,up,0.9740327983869167,0.9935030022595037,False
GO:0030166,proteoglycan biosynthetic process (GO:0030166),31,0.501628646180834,up,0.9749596556460398,0.9935030022595037,False
GO:0098659,inorganic cation import across plasma membrane (GO:0098659),74,0.5009511853262762,up,0.9774165222947401,0.9947252130571368,False
GO:0001682,tRNA 5'-leader removal (GO:0001682),13,0.4977152224698825,down,0.9772497116276948,0.9947252130571368,False
GO:0071277,cellular response to calcium ion (GO:0071277),68,0.500927162966853,up,0.9788964670738353,0.9955096634190814,False
GO:0016558,protein import into peroxisome matrix (GO:0016558),12,0.5021750912135025,up,0.9791922058299092,0.9955096634190814,False
GO:0051262,protein tetramerization (GO:0051262),68,0.4990878050699734,down,0.9792371616706018,0.9955096634190814,False
GO:0005979,regulation of glycogen biosynthetic process (GO:0005979),24,0.49840865305490206,down,0.9784709062645914,0.9955096634190814,False
GO:0140374,antiviral innate immune response (GO:0140374),10,0.4978719698069386,down,0.9814175242540321,0.9955985449682774,False
GO:0090189,regulation of branching involved in ureteric bud morphogenesis (GO:0090189),15,0.5017789392179636,up,0.9809734914504858,0.9955985449682774,False
GO:0050775,positive regulation of dendrite morphogenesis (GO:0050775),20,0.5015609118629302,up,0.980722645831093,0.9955985449682774,False
GO:0006809,nitric oxide biosynthetic process (GO:0006809),15,0.49818041037553235,down,0.980538566769962,0.9955985449682774,False
GO:0009048,dosage compensation by inactivation of X chromosome (GO:0009048),12,0.5020129876414172,up,0.9807435030944425,0.9955985449682774,False
GO:0034143,regulation of toll-like receptor 4 signaling pathway (GO:0034143),22,0.5014639761539538,up,0.9810375545950479,0.9955985449682774,False
GO:0042832,defense response to protozoan (GO:0042832),12,0.502058957311113,up,0.9803035753221477,0.9955985449682774,False
GO:0030513,positive regulation of BMP signaling pathway (GO:0030513),25,0.5013453383677026,up,0.9814244554801975,0.9955985449682774,False
GO:0050892,intestinal absorption (GO:0050892),14,0.5017421096948405,up,0.9819996782320499,0.9959157164529854,False
GO:0051149,positive regulation of muscle cell differentiation (GO:0051149),27,0.49876607756821534,down,0.9822948773022976,0.9959488023543477,False
GO:0051973,positive regulation of telomerase activity (GO:0051973),33,0.49890837959514966,down,0.9826844726100554,0.9959498688740155,False
GO:0035592,establishment of protein localization to extracellular region (GO:0035592),38,0.49899070685692354,down,0.9828210807264539,0.9959498688740155,False
GO:0007004,telomere maintenance via telomerase (GO:0007004),26,0.5011662797686208,up,0.9835785607465473,0.9961851751432987,False
GO:0090110,COPII-coated vesicle cargo loading (GO:0090110),14,0.5015948599468242,up,0.9835218137116479,0.9961851751432987,False
GO:0008203,cholesterol metabolic process (GO:0008203),70,0.5005641995055984,up,0.9869717731866805,0.9967019476166986,False
GO:0045927,positive regulation of growth (GO:0045927),64,0.5006108520397778,up,0.9865114738408305,0.9967019476166986,False
GO:0072393,microtubule anchoring at microtubule organizing center (GO:0072393),12,0.49853864839493267,down,0.9860230549100505,0.9967019476166986,False
GO:2000300,regulation of synaptic vesicle exocytosis (GO:2000300),19,0.5010836272933467,up,0.9869582559929733,0.9967019476166986,False
GO:0007213,G protein-coupled acetylcholine receptor signaling pathway (GO:0007213),18,0.4988884694433958,down,0.986979308001139,0.9967019476166986,False
GO:0031468,nuclear membrane reassembly (GO:0031468),53,0.5007288957530991,up,0.9853510774068278,0.9967019476166986,False
GO:0019886,antigen processing and presentation of exogenous peptide antigen via MHC class II (GO:0019886),79,0.5005816171423689,up,0.9857335447783058,0.9967019476166986,False
GO:0033003,regulation of mast cell activation (GO:0033003),10,0.5017477137465525,up,0.9847403572630068,0.9967019476166986,False
GO:0009411,response to UV (GO:0009411),97,0.4994947079357859,down,0.9862693788176022,0.9967019476166986,False
GO:0010212,response to ionizing radiation (GO:0010212),69,0.4993842286673798,down,0.9858823688651918,0.9967019476166986,False
GO:0097205,renal filtration (GO:0097205),10,0.4984206706343446,down,0.9862116232109804,0.9967019476166986,False
GO:0007084,mitotic nuclear membrane reassembly (GO:0007084),50,0.499441941578259,down,0.989107338403337,0.9970589596642688,False
GO:0051000,positive regulation of nitric-oxide synthase activity (GO:0051000),16,0.501059844943233,up,0.9882958916495121,0.9970589596642688,False
GO:0050821,protein stabilization (GO:0050821),169,0.5003287694496037,up,0.9882195537741194,0.9970589596642688,False
GO:0101024,mitotic nuclear membrane organization (GO:0101024),50,0.499441941578259,down,0.989107338403337,0.9970589596642688,False
GO:0033151,V(D)J recombination (GO:0033151),11,0.49865658090602927,down,0.9876996086966038,0.9970589596642688,False
GO:1903362,regulation of cellular protein catabolic process (GO:1903362),18,0.49907560666337564,down,0.9891729146366053,0.9970589596642688,False
GO:0032268,regulation of cellular protein metabolic process (GO:0032268),46,0.5005837704240675,up,0.9890703392416559,0.9970589596642688,False
GO:0006287,"base-excision repair, gap-filling (GO:0006287)",35,0.5006034697435046,up,0.9901443918980174,0.9974184805626916,False
GO:2000479,regulation of cAMP-dependent protein kinase activity (GO:2000479),14,0.5009374209310332,up,0.9903184808328754,0.9974184805626916,False
GO:0018345,protein palmitoylation (GO:0018345),30,0.4993531832486081,down,0.9902199494541035,0.9974184805626916,False
GO:0006637,acyl-CoA metabolic process (GO:0006637),34,0.4994727910629113,down,0.9915146062316115,0.9975636343332898,False
GO:0038128,ERBB2 signaling pathway (GO:0038128),32,0.5005474174243965,up,0.9914523308652773,0.9975636343332898,False
GO:0001676,long-chain fatty acid metabolic process (GO:0001676),65,0.5003838325094504,up,0.9914601276912316,0.9975636343332898,False
GO:0006369,termination of RNA polymerase II transcription (GO:0006369),33,0.5005396478291719,up,0.991443009413685,0.9975636343332898,False
GO:0016553,base conversion or substitution editing (GO:0016553),11,0.5007548484496575,up,0.9930936932622147,0.9977707777975684,False
GO:0032645,regulation of granulocyte macrophage colony-stimulating factor production (GO:0032645),13,0.5006499220540217,up,0.9935356652958891,0.9977707777975684,False
GO:0043470,regulation of carbohydrate catabolic process (GO:0043470),42,0.4995911013694991,down,0.992686484019995,0.9977707777975684,False
GO:0022607,cellular component assembly (GO:0022607),251,0.5001824068478745,up,0.9920444744866029,0.9977707777975684,False
GO:0006626,protein targeting to mitochondrion (GO:0006626),51,0.4996939480361381,down,0.9939692081374807,0.9977707777975684,False
GO:0032328,alanine transport (GO:0032328),10,0.49927420525475397,down,0.9936700364917657,0.9977707777975684,False
GO:0001822,kidney development (GO:0001822),64,0.4996955962315722,down,0.9932805865340484,0.9977707777975684,False
GO:0032332,positive regulation of chondrocyte differentiation (GO:0032332),11,0.4991738896337665,down,0.992440576122185,0.9977707777975684,False
GO:0006112,energy reserve metabolic process (GO:0006112),20,0.4995208363583563,down,0.9940879961236517,0.9977707777975684,False
GO:0008631,intrinsic apoptotic signaling pathway in response to oxidative stress (GO:0008631),11,0.5005832919838262,up,0.9946660304418435,0.9980010091168736,False
GO:0050905,neuromuscular process (GO:0050905),18,0.4995821677588382,down,0.9951111441873624,0.9980010091168736,False
GO:0007603,"phototransduction, visible light (GO:0007603)",15,0.499541231126597,down,0.9951005252758052,0.9980010091168736,False
GO:0061154,endothelial tube morphogenesis (GO:0061154),10,0.5005312817535201,up,0.9953698437883293,0.9980010091168736,False
GO:0032414,positive regulation of ion transmembrane transporter activity (GO:0032414),24,0.5002698633982942,up,0.9963554293558584,0.9987251964975611,False
GO:0009953,dorsal/ventral pattern formation (GO:0009953),24,0.5001912036633653,up,0.9974201309106526,0.9995282844238059,False
GO:0016540,protein autoprocessing (GO:0016540),17,0.5001315236588857,up,0.998511269560412,0.9995687277764532,False
GO:0047497,mitochondrion transport along microtubule (GO:0047497),13,0.4999441647719913,down,0.9994548092234155,0.9995687277764532,False
GO:0042692,muscle cell differentiation (GO:0042692),34,0.49986926585514657,down,0.9979009806157151,0.9995687277764532,False
GO:0001707,mesoderm formation (GO:0001707),19,0.5001536030225406,up,0.9981591653884768,0.9995687277764532,False
GO:2000573,positive regulation of DNA biosynthetic process (GO:2000573),60,0.5000251974608713,up,0.9994661955114563,0.9995687277764532,False
GO:0071816,tail-anchored membrane protein insertion into ER membrane (GO:0071816),16,0.5000399256656697,up,0.9995687277764532,0.9995687277764532,False
GO:0031060,regulation of histone methylation (GO:0031060),13,0.500096036592175,up,0.9990542610456219,0.9995687277764532,False
GO:0051259,protein complex oligomerization (GO:0051259),87,0.5000347824225689,up,0.9991087453473274,0.9995687277764532,False
